{
"type": "FeatureCollection",
"name": "rainfall_regions",
"crs": { "type": "name", "properties": { "name": "urn:ogc:def:crs:EPSG::32662" } },
"features": [
{ "type": "Feature", "properties": { "index": "Turkey" }, "geometry": { "type": "MultiPolygon", "coordinates": [ [ [ [ 27.55, 36.750000000000725 ], [ 27.55, 36.550000000000722 ], [ 27.35, 36.550000000000722 ], [ 27.35, 36.750000000000725 ], [ 27.55, 36.750000000000725 ] ] ], [ [ [ 26.35, 37.750000000000725 ], [ 26.35, 37.550000000000729 ], [ 25.95, 37.550000000000729 ], [ 25.95, 37.750000000000725 ], [ 26.35, 37.750000000000725 ] ] ], [ [ [ 25.95, 38.750000000000732 ], [ 25.95, 38.550000000000729 ], [ 25.75, 38.550000000000729 ], [ 25.75, 38.750000000000732 ], [ 25.95, 38.750000000000732 ] ] ], [ [ [ 27.95, 36.950000000000728 ], [ 27.35, 36.950000000000728 ], [ 27.35, 36.750000000000725 ], [ 26.95, 36.750000000000725 ], [ 26.95, 36.950000000000728 ], [ 26.75, 36.950000000000728 ], [ 26.75, 37.15000000000073 ], [ 27.55, 37.15000000000073 ], [ 27.55, 37.350000000000726 ], [ 27.15, 37.350000000000726 ], [ 27.15, 37.550000000000729 ], [ 26.55, 37.550000000000729 ], [ 26.55, 37.950000000000728 ], [ 26.75, 37.950000000000728 ], [ 26.75, 38.15000000000073 ], [ 25.75, 38.15000000000073 ], [ 25.75, 38.350000000000733 ], [ 25.95, 38.350000000000733 ], [ 25.95, 38.550000000000729 ], [ 26.15, 38.550000000000729 ], [ 26.15, 38.350000000000733 ], [ 26.35, 38.350000000000733 ], [ 26.35, 38.750000000000732 ], [ 26.55, 38.750000000000732 ], [ 26.55, 38.550000000000729 ], [ 26.75, 38.550000000000729 ], [ 26.75, 38.750000000000732 ], [ 26.95, 38.750000000000732 ], [ 26.95, 38.950000000000728 ], [ 26.75, 38.950000000000728 ], [ 26.75, 39.15000000000073 ], [ 26.55, 39.15000000000073 ], [ 26.55, 38.950000000000728 ], [ 26.15, 38.950000000000728 ], [ 26.15, 39.350000000000733 ], [ 25.95, 39.350000000000733 ], [ 25.95, 39.550000000000729 ], [ 26.15, 39.550000000000729 ], [ 26.15, 39.950000000000735 ], [ 26.35, 39.950000000000735 ], [ 26.35, 40.15000000000073 ], [ 26.55, 40.15000000000073 ], [ 26.55, 40.550000000000736 ], [ 26.35, 40.550000000000736 ], [ 26.35, 40.950000000000735 ], [ 26.55, 40.950000000000735 ], [ 26.55, 41.350000000000733 ], [ 26.75, 41.350000000000733 ], [ 26.75, 41.750000000000739 ], [ 27.95, 41.750000000000739 ], [ 27.95, 41.550000000000736 ], [ 28.15, 41.550000000000736 ], [ 28.15, 41.350000000000733 ], [ 29.35, 41.350000000000733 ], [ 29.35, 41.15000000000073 ], [ 29.95, 41.15000000000073 ], [ 29.95, 36.150000000000723 ], [ 29.15, 36.150000000000723 ], [ 29.15, 36.550000000000722 ], [ 28.55, 36.550000000000722 ], [ 28.55, 36.750000000000725 ], [ 28.35, 36.750000000000725 ], [ 28.35, 36.350000000000726 ], [ 28.15, 36.350000000000726 ], [ 28.15, 36.150000000000723 ], [ 27.95, 36.150000000000723 ], [ 27.95, 35.950000000000728 ], [ 27.75, 35.950000000000728 ], [ 27.75, 36.350000000000726 ], [ 27.95, 36.350000000000726 ], [ 27.95, 36.950000000000728 ] ], [ [ 26.75, 38.350000000000733 ], [ 26.95, 38.350000000000733 ], [ 26.95, 38.550000000000729 ], [ 26.75, 38.550000000000729 ], [ 26.75, 38.350000000000733 ] ], [ [ 26.95, 37.950000000000728 ], [ 26.95, 37.750000000000725 ], [ 27.15, 37.750000000000725 ], [ 27.15, 37.950000000000728 ], [ 26.95, 37.950000000000728 ] ], [ [ 26.35, 39.550000000000729 ], [ 26.35, 39.350000000000733 ], [ 26.75, 39.350000000000733 ], [ 26.75, 39.550000000000729 ], [ 26.35, 39.550000000000729 ] ], [ [ 28.55, 40.550000000000736 ], [ 28.55, 40.350000000000733 ], [ 28.75, 40.350000000000733 ], [ 28.75, 40.550000000000736 ], [ 28.95, 40.550000000000736 ], [ 28.95, 40.750000000000732 ], [ 29.15, 40.750000000000732 ], [ 29.15, 40.950000000000735 ], [ 27.55, 40.950000000000735 ], [ 27.55, 40.750000000000732 ], [ 27.35, 40.750000000000732 ], [ 27.35, 40.350000000000733 ], [ 27.75, 40.350000000000733 ], [ 27.75, 40.550000000000736 ], [ 28.55, 40.550000000000736 ] ] ], [ [ [ 27.75, 40.550000000000736 ], [ 27.55, 40.550000000000736 ], [ 27.55, 40.750000000000732 ], [ 27.75, 40.750000000000732 ], [ 27.75, 40.550000000000736 ] ] ] ] } },
{ "type": "Feature", "properties": { "index": "Aegean + SW Greece" }, "geometry": { "type": "MultiPolygon", "coordinates": [ [ [ [ 24.35, 35.550000000000722 ], [ 24.35, 35.350000000000719 ], [ 24.55, 35.350000000000719 ], [ 24.55, 35.550000000000722 ], [ 25.15, 35.550000000000722 ], [ 25.15, 35.350000000000719 ], [ 26.15, 35.350000000000719 ], [ 26.15, 34.95000000000072 ], [ 24.55, 34.95000000000072 ], [ 24.55, 35.150000000000723 ], [ 23.55, 35.150000000000723 ], [ 23.55, 35.550000000000722 ], [ 24.35, 35.550000000000722 ] ] ], [ [ [ 24.35, 36.550000000000722 ], [ 24.35, 36.750000000000725 ], [ 24.55, 36.750000000000725 ], [ 24.55, 36.550000000000722 ], [ 24.35, 36.550000000000722 ] ] ], [ [ [ 21.75, 36.750000000000725 ], [ 21.75, 36.950000000000728 ], [ 21.95, 36.950000000000728 ], [ 21.95, 36.750000000000725 ], [ 21.75, 36.750000000000725 ] ] ], [ [ [ 21.55, 36.950000000000728 ], [ 21.55, 37.15000000000073 ], [ 21.75, 37.15000000000073 ], [ 21.75, 36.950000000000728 ], [ 21.55, 36.950000000000728 ] ] ], [ [ [ 24.35, 37.350000000000726 ], [ 24.35, 37.550000000000729 ], [ 24.55, 37.550000000000729 ], [ 24.55, 37.350000000000726 ], [ 24.35, 37.350000000000726 ] ] ], [ [ [ 20.95, 37.950000000000728 ], [ 20.95, 37.550000000000729 ], [ 20.75, 37.550000000000729 ], [ 20.75, 37.750000000000725 ], [ 20.55, 37.750000000000725 ], [ 20.55, 37.950000000000728 ], [ 20.95, 37.950000000000728 ] ] ], [ [ [ 20.35, 38.15000000000073 ], [ 20.35, 38.350000000000733 ], [ 20.75, 38.350000000000733 ], [ 20.75, 38.15000000000073 ], [ 20.35, 38.15000000000073 ] ] ], [ [ [ 22.55, 36.750000000000725 ], [ 22.55, 36.350000000000726 ], [ 22.35, 36.350000000000726 ], [ 22.35, 36.750000000000725 ], [ 22.15, 36.750000000000725 ], [ 22.15, 37.15000000000073 ], [ 22.35, 37.15000000000073 ], [ 22.35, 37.950000000000728 ], [ 22.15, 37.950000000000728 ], [ 22.15, 38.15000000000073 ], [ 22.75, 38.15000000000073 ], [ 22.75, 38.350000000000733 ], [ 22.35, 38.350000000000733 ], [ 22.35, 38.750000000000732 ], [ 21.95, 38.750000000000732 ], [ 21.95, 38.950000000000728 ], [ 21.75, 38.950000000000728 ], [ 21.75, 39.350000000000733 ], [ 21.55, 39.350000000000733 ], [ 21.55, 39.550000000000729 ], [ 21.35, 39.550000000000729 ], [ 21.35, 39.750000000000732 ], [ 21.55, 39.750000000000732 ], [ 21.55, 40.15000000000073 ], [ 22.15, 40.15000000000073 ], [ 22.15, 40.350000000000733 ], [ 21.95, 40.350000000000733 ], [ 21.95, 40.550000000000736 ], [ 22.75, 40.550000000000736 ], [ 22.75, 39.950000000000735 ], [ 22.95, 39.950000000000735 ], [ 22.95, 39.550000000000729 ], [ 23.15, 39.550000000000729 ], [ 23.15, 39.350000000000733 ], [ 23.35, 39.350000000000733 ], [ 23.35, 38.950000000000728 ], [ 23.55, 38.950000000000728 ], [ 23.55, 39.15000000000073 ], [ 23.95, 39.15000000000073 ], [ 23.95, 38.950000000000728 ], [ 23.75, 38.950000000000728 ], [ 23.75, 38.750000000000732 ], [ 24.15, 38.750000000000732 ], [ 24.15, 38.550000000000729 ], [ 24.35, 38.550000000000729 ], [ 24.35, 38.15000000000073 ], [ 24.55, 38.15000000000073 ], [ 24.55, 37.950000000000728 ], [ 24.15, 37.950000000000728 ], [ 24.15, 37.550000000000729 ], [ 23.75, 37.550000000000729 ], [ 23.75, 37.950000000000728 ], [ 23.55, 37.950000000000728 ], [ 23.55, 37.750000000000725 ], [ 23.35, 37.750000000000725 ], [ 23.35, 37.550000000000729 ], [ 23.55, 37.550000000000729 ], [ 23.55, 37.350000000000726 ], [ 22.95, 37.350000000000726 ], [ 22.95, 36.950000000000728 ], [ 23.15, 36.950000000000728 ], [ 23.15, 36.150000000000723 ], [ 22.95, 36.150000000000723 ], [ 22.95, 36.550000000000722 ], [ 22.75, 36.550000000000722 ], [ 22.75, 36.750000000000725 ], [ 22.55, 36.750000000000725 ] ], [ [ 23.35, 37.950000000000728 ], [ 23.15, 37.950000000000728 ], [ 23.15, 37.750000000000725 ], [ 23.35, 37.750000000000725 ], [ 23.35, 37.950000000000728 ] ], [ [ 22.95, 37.550000000000729 ], [ 22.75, 37.550000000000729 ], [ 22.75, 37.350000000000726 ], [ 22.95, 37.350000000000726 ], [ 22.95, 37.550000000000729 ] ] ], [ [ [ 24.35, 38.750000000000732 ], [ 24.35, 38.950000000000728 ], [ 24.75, 38.950000000000728 ], [ 24.75, 38.750000000000732 ], [ 24.35, 38.750000000000732 ] ] ], [ [ [ 25.35, 36.350000000000726 ], [ 25.35, 36.550000000000722 ], [ 25.55, 36.550000000000722 ], [ 25.55, 36.350000000000726 ], [ 25.35, 36.350000000000726 ] ] ], [ [ [ 25.15, 36.550000000000722 ], [ 25.15, 36.750000000000725 ], [ 25.35, 36.750000000000725 ], [ 25.35, 36.550000000000722 ], [ 25.15, 36.550000000000722 ] ] ], [ [ [ 25.75, 36.750000000000725 ], [ 25.75, 36.950000000000728 ], [ 25.95, 36.950000000000728 ], [ 25.95, 36.750000000000725 ], [ 25.75, 36.750000000000725 ] ] ], [ [ [ 25.15, 36.950000000000728 ], [ 25.15, 37.15000000000073 ], [ 25.75, 37.15000000000073 ], [ 25.75, 36.950000000000728 ], [ 25.15, 36.950000000000728 ] ] ], [ [ [ 24.75, 37.350000000000726 ], [ 24.75, 37.550000000000729 ], [ 24.95, 37.550000000000729 ], [ 24.95, 37.350000000000726 ], [ 24.75, 37.350000000000726 ] ] ], [ [ [ 25.35, 37.350000000000726 ], [ 25.35, 37.550000000000729 ], [ 25.55, 37.550000000000729 ], [ 25.55, 37.350000000000726 ], [ 25.35, 37.350000000000726 ] ] ], [ [ [ 25.15, 37.750000000000725 ], [ 25.35, 37.750000000000725 ], [ 25.35, 37.550000000000729 ], [ 25.15, 37.550000000000729 ], [ 25.15, 37.750000000000725 ] ] ], [ [ [ 24.75, 37.950000000000728 ], [ 24.95, 37.950000000000728 ], [ 24.95, 37.750000000000725 ], [ 24.75, 37.750000000000725 ], [ 24.75, 37.950000000000728 ] ] ] ] } },
{ "type": "Feature", "properties": { "index": "North Norway + North Finland" }, "geometry": { "type": "MultiPolygon", "coordinates": [ [ [ [ 13.55, 68.150000000000787 ], [ 13.55, 67.950000000000784 ], [ 13.15, 67.950000000000784 ], [ 13.15, 68.150000000000787 ], [ 13.55, 68.150000000000787 ] ] ], [ [ [ 12.15, 65.150000000000787 ], [ 12.15, 65.35000000000079 ], [ 12.35, 65.35000000000079 ], [ 12.35, 65.550000000000779 ], [ 12.75, 65.550000000000779 ], [ 12.75, 65.750000000000782 ], [ 12.95, 65.750000000000782 ], [ 12.95, 65.950000000000784 ], [ 12.75, 65.950000000000784 ], [ 12.75, 66.150000000000787 ], [ 13.55, 66.150000000000787 ], [ 13.55, 66.35000000000079 ], [ 13.35, 66.35000000000079 ], [ 13.35, 66.750000000000782 ], [ 13.95, 66.750000000000782 ], [ 13.95, 66.950000000000784 ], [ 14.35, 66.950000000000784 ], [ 14.35, 67.150000000000787 ], [ 14.55, 67.150000000000787 ], [ 14.55, 67.550000000000793 ], [ 15.35, 67.550000000000793 ], [ 15.35, 67.750000000000782 ], [ 15.15, 67.750000000000782 ], [ 15.15, 68.150000000000787 ], [ 13.95, 68.150000000000787 ], [ 13.95, 68.35000000000079 ], [ 14.35, 68.35000000000079 ], [ 14.35, 68.550000000000793 ], [ 14.75, 68.550000000000793 ], [ 14.75, 68.750000000000796 ], [ 14.95, 68.750000000000796 ], [ 14.95, 68.950000000000784 ], [ 15.75, 68.950000000000784 ], [ 15.75, 69.150000000000787 ], [ 15.95, 69.150000000000787 ], [ 15.95, 68.950000000000784 ], [ 16.95, 68.950000000000784 ], [ 16.95, 69.35000000000079 ], [ 17.55, 69.35000000000079 ], [ 17.55, 69.550000000000793 ], [ 18.35, 69.550000000000793 ], [ 18.35, 69.750000000000796 ], [ 18.75, 69.750000000000796 ], [ 18.75, 69.950000000000799 ], [ 19.15, 69.950000000000799 ], [ 19.15, 70.150000000000787 ], [ 19.55, 70.150000000000787 ], [ 19.55, 70.35000000000079 ], [ 19.95, 70.35000000000079 ], [ 19.95, 69.950000000000799 ], [ 20.15, 69.950000000000799 ], [ 20.15, 70.35000000000079 ], [ 20.95, 70.35000000000079 ], [ 20.95, 70.150000000000787 ], [ 21.15, 70.150000000000787 ], [ 21.15, 70.35000000000079 ], [ 23.15, 70.35000000000079 ], [ 23.15, 70.550000000000793 ], [ 23.55, 70.550000000000793 ], [ 23.55, 70.750000000000796 ], [ 24.15, 70.750000000000796 ], [ 24.15, 70.950000000000799 ], [ 25.35, 70.950000000000799 ], [ 25.35, 71.150000000000801 ], [ 26.15, 71.150000000000801 ], [ 26.15, 70.950000000000799 ], [ 26.95, 70.950000000000799 ], [ 26.95, 70.750000000000796 ], [ 26.55, 70.750000000000796 ], [ 26.55, 70.550000000000793 ], [ 27.15, 70.550000000000793 ], [ 27.15, 70.750000000000796 ], [ 27.35, 70.750000000000796 ], [ 27.35, 71.150000000000801 ], [ 28.15, 71.150000000000801 ], [ 28.15, 70.950000000000799 ], [ 28.55, 70.950000000000799 ], [ 28.55, 70.750000000000796 ], [ 28.75, 70.750000000000796 ], [ 28.75, 70.950000000000799 ], [ 29.35, 70.950000000000799 ], [ 29.35, 70.750000000000796 ], [ 29.95, 70.750000000000796 ], [ 29.95, 69.950000000000799 ], [ 29.35, 69.950000000000799 ], [ 29.35, 69.750000000000796 ], [ 29.95, 69.750000000000796 ], [ 29.95, 68.35000000000079 ], [ 27.75, 68.35000000000079 ], [ 27.75, 68.750000000000796 ], [ 25.75, 68.750000000000796 ], [ 25.75, 69.150000000000787 ], [ 26.75, 69.150000000000787 ], [ 26.75, 69.550000000000793 ], [ 26.55, 69.550000000000793 ], [ 26.55, 69.950000000000799 ], [ 23.55, 69.950000000000799 ], [ 23.55, 69.750000000000796 ], [ 22.15, 69.750000000000796 ], [ 22.15, 69.550000000000793 ], [ 21.75, 69.550000000000793 ], [ 21.75, 69.35000000000079 ], [ 21.15, 69.35000000000079 ], [ 21.15, 69.150000000000787 ], [ 20.35, 69.150000000000787 ], [ 20.35, 68.950000000000784 ], [ 19.55, 68.950000000000784 ], [ 19.55, 68.750000000000796 ], [ 19.15, 68.750000000000796 ], [ 19.15, 68.550000000000793 ], [ 18.75, 68.550000000000793 ], [ 18.75, 68.150000000000787 ], [ 18.55, 68.150000000000787 ], [ 18.55, 67.750000000000782 ], [ 18.35, 67.750000000000782 ], [ 18.35, 67.550000000000793 ], [ 17.95, 67.550000000000793 ], [ 17.95, 67.35000000000079 ], [ 17.55, 67.35000000000079 ], [ 17.55, 67.150000000000787 ], [ 17.15, 67.150000000000787 ], [ 17.15, 66.950000000000784 ], [ 16.35, 66.950000000000784 ], [ 16.35, 66.750000000000782 ], [ 16.15, 66.750000000000782 ], [ 16.15, 66.550000000000779 ], [ 15.75, 66.550000000000779 ], [ 15.75, 66.35000000000079 ], [ 15.35, 66.35000000000079 ], [ 15.35, 66.150000000000787 ], [ 15.55, 66.150000000000787 ], [ 15.55, 65.950000000000784 ], [ 15.35, 65.950000000000784 ], [ 15.35, 65.750000000000782 ], [ 14.15, 65.750000000000782 ], [ 14.15, 65.35000000000079 ], [ 13.95, 65.35000000000079 ], [ 13.95, 65.150000000000787 ], [ 13.75, 65.150000000000787 ], [ 13.75, 64.950000000000784 ], [ 11.95, 64.950000000000784 ], [ 11.95, 65.150000000000787 ], [ 12.15, 65.150000000000787 ] ], [ [ 16.15, 68.150000000000787 ], [ 16.15, 68.35000000000079 ], [ 15.15, 68.35000000000079 ], [ 15.15, 68.150000000000787 ], [ 16.15, 68.150000000000787 ] ], [ [ 21.15, 69.950000000000799 ], [ 21.35, 69.950000000000799 ], [ 21.35, 70.150000000000787 ], [ 21.15, 70.150000000000787 ], [ 21.15, 69.950000000000799 ] ], [ [ 25.95, 70.950000000000799 ], [ 25.95, 70.750000000000796 ], [ 26.15, 70.750000000000796 ], [ 26.15, 70.950000000000799 ], [ 25.95, 70.950000000000799 ] ], [ [ 17.35, 69.150000000000787 ], [ 17.15, 69.150000000000787 ], [ 17.15, 68.950000000000784 ], [ 17.35, 68.950000000000784 ], [ 17.35, 69.150000000000787 ] ], [ [ 25.35, 70.35000000000079 ], [ 25.15, 70.35000000000079 ], [ 25.15, 70.150000000000787 ], [ 25.35, 70.150000000000787 ], [ 25.35, 70.35000000000079 ] ], [ [ 25.55, 70.35000000000079 ], [ 25.55, 70.550000000000793 ], [ 25.75, 70.550000000000793 ], [ 25.75, 70.750000000000796 ], [ 25.35, 70.750000000000796 ], [ 25.35, 70.35000000000079 ], [ 25.55, 70.35000000000079 ] ] ], [ [ [ 23.15, 70.750000000000796 ], [ 23.15, 70.550000000000793 ], [ 22.55, 70.550000000000793 ], [ 22.55, 70.750000000000796 ], [ 23.15, 70.750000000000796 ] ] ], [ [ [ 23.55, 70.750000000000796 ], [ 23.15, 70.750000000000796 ], [ 23.15, 70.950000000000799 ], [ 23.55, 70.950000000000799 ], [ 23.55, 70.750000000000796 ] ] ], [ [ [ 24.15, 70.950000000000799 ], [ 23.95, 70.950000000000799 ], [ 23.95, 71.150000000000801 ], [ 24.15, 71.150000000000801 ], [ 24.15, 70.950000000000799 ] ] ] ] } },
{ "type": "Feature", "properties": { "index": "Central Norway" }, "geometry": { "type": "MultiPolygon", "coordinates": [ [ [ [ 7.95, 61.750000000000774 ], [ 7.35, 61.750000000000774 ], [ 7.35, 61.950000000000777 ], [ 5.95, 61.950000000000777 ], [ 5.95, 62.150000000000773 ], [ 6.15, 62.150000000000773 ], [ 6.15, 62.550000000000779 ], [ 6.55, 62.550000000000779 ], [ 6.55, 62.750000000000782 ], [ 7.15, 62.750000000000782 ], [ 7.15, 62.950000000000784 ], [ 7.55, 62.950000000000784 ], [ 7.55, 63.150000000000773 ], [ 8.35, 63.150000000000773 ], [ 8.35, 63.550000000000779 ], [ 8.75, 63.550000000000779 ], [ 8.75, 63.750000000000782 ], [ 9.15, 63.750000000000782 ], [ 9.15, 63.550000000000779 ], [ 9.55, 63.550000000000779 ], [ 9.55, 63.750000000000782 ], [ 9.75, 63.750000000000782 ], [ 9.75, 63.950000000000784 ], [ 10.15, 63.950000000000784 ], [ 10.15, 64.150000000000787 ], [ 10.75, 64.150000000000787 ], [ 10.75, 64.350000000000776 ], [ 10.95, 64.350000000000776 ], [ 10.95, 64.550000000000779 ], [ 11.15, 64.550000000000779 ], [ 11.15, 64.950000000000784 ], [ 11.75, 64.950000000000784 ], [ 11.75, 65.150000000000787 ], [ 11.95, 65.150000000000787 ], [ 11.95, 64.950000000000784 ], [ 13.75, 64.950000000000784 ], [ 13.75, 65.150000000000787 ], [ 13.95, 65.150000000000787 ], [ 13.95, 65.35000000000079 ], [ 14.15, 65.35000000000079 ], [ 14.15, 65.750000000000782 ], [ 15.35, 65.750000000000782 ], [ 15.35, 65.35000000000079 ], [ 15.15, 65.35000000000079 ], [ 15.15, 65.150000000000787 ], [ 14.95, 65.150000000000787 ], [ 14.95, 64.950000000000784 ], [ 14.55, 64.950000000000784 ], [ 14.55, 64.550000000000779 ], [ 14.35, 64.550000000000779 ], [ 14.35, 64.350000000000776 ], [ 14.15, 64.350000000000776 ], [ 14.15, 64.150000000000787 ], [ 13.95, 64.150000000000787 ], [ 13.95, 63.750000000000782 ], [ 13.55, 63.750000000000782 ], [ 13.55, 63.550000000000779 ], [ 12.55, 63.550000000000779 ], [ 12.55, 63.350000000000776 ], [ 12.35, 63.350000000000776 ], [ 12.35, 63.150000000000773 ], [ 11.95, 63.150000000000773 ], [ 11.95, 62.950000000000784 ], [ 11.75, 62.950000000000784 ], [ 11.75, 62.750000000000782 ], [ 9.75, 62.750000000000782 ], [ 9.75, 62.550000000000779 ], [ 9.55, 62.550000000000779 ], [ 9.55, 62.150000000000773 ], [ 8.95, 62.150000000000773 ], [ 8.95, 61.950000000000777 ], [ 8.35, 61.950000000000777 ], [ 8.35, 61.750000000000774 ], [ 8.15, 61.750000000000774 ], [ 8.15, 61.550000000000779 ], [ 7.95, 61.550000000000779 ], [ 7.95, 61.750000000000774 ] ] ], [ [ [ 15.55, 65.950000000000784 ], [ 15.55, 66.150000000000787 ], [ 15.35, 66.150000000000787 ], [ 15.35, 66.35000000000079 ], [ 15.75, 66.35000000000079 ], [ 15.75, 66.150000000000787 ], [ 15.95, 66.150000000000787 ], [ 15.95, 65.950000000000784 ], [ 15.75, 65.950000000000784 ], [ 15.75, 65.750000000000782 ], [ 15.35, 65.750000000000782 ], [ 15.35, 65.950000000000784 ], [ 15.55, 65.950000000000784 ] ] ], [ [ [ 16.15, 66.550000000000779 ], [ 16.15, 66.35000000000079 ], [ 15.75, 66.35000000000079 ], [ 15.75, 66.550000000000779 ], [ 16.15, 66.550000000000779 ] ] ] ] } },
{ "type": "Feature", "properties": { "index": "Finnmark" }, "geometry": { "type": "MultiPolygon", "coordinates": [ [ [ [ 16.35, 66.750000000000782 ], [ 16.35, 66.950000000000784 ], [ 17.15, 66.950000000000784 ], [ 17.15, 67.150000000000787 ], [ 17.55, 67.150000000000787 ], [ 17.55, 66.950000000000784 ], [ 17.35, 66.950000000000784 ], [ 17.35, 66.750000000000782 ], [ 16.95, 66.750000000000782 ], [ 16.95, 66.550000000000779 ], [ 16.15, 66.550000000000779 ], [ 16.15, 66.750000000000782 ], [ 16.35, 66.750000000000782 ] ] ], [ [ [ 17.95, 67.35000000000079 ], [ 17.95, 67.150000000000787 ], [ 17.55, 67.150000000000787 ], [ 17.55, 67.35000000000079 ], [ 17.95, 67.35000000000079 ] ] ], [ [ [ 18.35, 67.550000000000793 ], [ 18.35, 67.35000000000079 ], [ 17.95, 67.35000000000079 ], [ 17.95, 67.550000000000793 ], [ 18.35, 67.550000000000793 ] ] ], [ [ [ 18.55, 67.750000000000782 ], [ 18.55, 68.150000000000787 ], [ 18.75, 68.150000000000787 ], [ 18.75, 68.550000000000793 ], [ 19.15, 68.550000000000793 ], [ 19.15, 68.750000000000796 ], [ 19.55, 68.750000000000796 ], [ 19.55, 68.950000000000784 ], [ 20.35, 68.950000000000784 ], [ 20.35, 69.150000000000787 ], [ 21.15, 69.150000000000787 ], [ 21.15, 69.35000000000079 ], [ 21.75, 69.35000000000079 ], [ 21.75, 69.550000000000793 ], [ 22.15, 69.550000000000793 ], [ 22.15, 69.750000000000796 ], [ 23.55, 69.750000000000796 ], [ 23.55, 69.950000000000799 ], [ 26.55, 69.950000000000799 ], [ 26.55, 69.550000000000793 ], [ 26.75, 69.550000000000793 ], [ 26.75, 69.150000000000787 ], [ 25.75, 69.150000000000787 ], [ 25.75, 68.750000000000796 ], [ 24.95, 68.750000000000796 ], [ 24.95, 67.950000000000784 ], [ 22.75, 67.950000000000784 ], [ 22.75, 68.150000000000787 ], [ 22.55, 68.150000000000787 ], [ 22.55, 68.550000000000793 ], [ 21.95, 68.550000000000793 ], [ 21.95, 68.950000000000784 ], [ 21.35, 68.950000000000784 ], [ 21.35, 68.750000000000796 ], [ 20.55, 68.750000000000796 ], [ 20.55, 68.550000000000793 ], [ 20.15, 68.550000000000793 ], [ 20.15, 68.35000000000079 ], [ 19.75, 68.35000000000079 ], [ 19.75, 68.150000000000787 ], [ 19.95, 68.150000000000787 ], [ 19.95, 67.950000000000784 ], [ 19.55, 67.950000000000784 ], [ 19.55, 67.750000000000782 ], [ 18.75, 67.750000000000782 ], [ 18.75, 67.550000000000793 ], [ 18.35, 67.550000000000793 ], [ 18.35, 67.750000000000782 ], [ 18.55, 67.750000000000782 ] ] ] ] } },
{ "type": "Feature", "properties": { "index": "West Ukraine" }, "geometry": { "type": "Polygon", "coordinates": [ [ [ 22.55, 45.350000000000747 ], [ 22.55, 45.750000000000746 ], [ 22.75, 45.750000000000746 ], [ 22.75, 45.950000000000742 ], [ 22.95, 45.950000000000742 ], [ 22.95, 46.55000000000075 ], [ 23.35, 46.55000000000075 ], [ 23.35, 46.950000000000742 ], [ 23.95, 46.950000000000742 ], [ 23.95, 47.350000000000747 ], [ 24.35, 47.350000000000747 ], [ 24.35, 48.150000000000745 ], [ 23.95, 48.150000000000745 ], [ 23.95, 48.350000000000747 ], [ 23.75, 48.350000000000747 ], [ 23.75, 48.750000000000753 ], [ 23.15, 48.750000000000753 ], [ 23.15, 48.950000000000749 ], [ 22.75, 48.950000000000749 ], [ 22.75, 49.150000000000752 ], [ 23.15, 49.150000000000752 ], [ 23.15, 49.55000000000075 ], [ 23.55, 49.55000000000075 ], [ 23.55, 49.950000000000756 ], [ 24.35, 49.950000000000756 ], [ 24.35, 50.350000000000755 ], [ 25.95, 50.350000000000755 ], [ 25.95, 49.950000000000756 ], [ 27.75, 49.950000000000756 ], [ 27.75, 50.55000000000075 ], [ 28.15, 50.55000000000075 ], [ 28.15, 50.950000000000756 ], [ 28.95, 50.950000000000756 ], [ 28.95, 50.750000000000753 ], [ 29.95, 50.750000000000753 ], [ 29.95, 47.950000000000749 ], [ 29.55, 47.950000000000749 ], [ 29.55, 47.55000000000075 ], [ 27.35, 47.55000000000075 ], [ 27.35, 47.750000000000753 ], [ 26.95, 47.750000000000753 ], [ 26.95, 47.55000000000075 ], [ 26.15, 47.55000000000075 ], [ 26.15, 47.150000000000745 ], [ 25.75, 47.150000000000745 ], [ 25.75, 46.750000000000746 ], [ 25.35, 46.750000000000746 ], [ 25.35, 46.55000000000075 ], [ 24.75, 46.55000000000075 ], [ 24.75, 46.350000000000747 ], [ 24.15, 46.350000000000747 ], [ 24.15, 46.150000000000745 ], [ 24.35, 46.150000000000745 ], [ 24.35, 45.950000000000742 ], [ 23.75, 45.950000000000742 ], [ 23.75, 45.550000000000743 ], [ 23.15, 45.550000000000743 ], [ 23.15, 45.350000000000747 ], [ 22.55, 45.350000000000747 ] ] ] } },
{ "type": "Feature", "properties": { "index": "East Continental Europe" }, "geometry": { "type": "Polygon", "coordinates": [ [ [ 16.35, 44.150000000000745 ], [ 16.35, 44.35000000000074 ], [ 15.95, 44.35000000000074 ], [ 15.95, 44.550000000000743 ], [ 15.55, 44.550000000000743 ], [ 15.55, 44.750000000000739 ], [ 15.35, 44.750000000000739 ], [ 15.35, 45.150000000000745 ], [ 14.95, 45.150000000000745 ], [ 14.95, 45.750000000000746 ], [ 16.35, 45.750000000000746 ], [ 16.35, 46.150000000000745 ], [ 16.15, 46.150000000000745 ], [ 16.15, 46.350000000000747 ], [ 16.55, 46.350000000000747 ], [ 16.55, 46.750000000000746 ], [ 17.15, 46.750000000000746 ], [ 17.15, 47.150000000000745 ], [ 14.95, 47.150000000000745 ], [ 14.95, 47.350000000000747 ], [ 14.15, 47.350000000000747 ], [ 14.15, 47.150000000000745 ], [ 12.95, 47.150000000000745 ], [ 12.95, 46.950000000000742 ], [ 11.55, 46.950000000000742 ], [ 11.55, 47.150000000000745 ], [ 10.95, 47.150000000000745 ], [ 10.95, 47.750000000000753 ], [ 11.35, 47.750000000000753 ], [ 11.35, 47.950000000000749 ], [ 12.15, 47.950000000000749 ], [ 12.15, 47.750000000000753 ], [ 12.75, 47.750000000000753 ], [ 12.75, 47.950000000000749 ], [ 12.95, 47.950000000000749 ], [ 12.95, 48.150000000000745 ], [ 13.35, 48.150000000000745 ], [ 13.35, 48.55000000000075 ], [ 13.95, 48.55000000000075 ], [ 13.95, 48.750000000000753 ], [ 14.55, 48.750000000000753 ], [ 14.55, 48.950000000000749 ], [ 14.95, 48.950000000000749 ], [ 14.95, 49.150000000000752 ], [ 15.15, 49.150000000000752 ], [ 15.15, 49.350000000000747 ], [ 15.95, 49.350000000000747 ], [ 15.95, 49.55000000000075 ], [ 16.15, 49.55000000000075 ], [ 16.15, 49.950000000000756 ], [ 16.55, 49.950000000000756 ], [ 16.55, 50.350000000000755 ], [ 16.15, 50.350000000000755 ], [ 16.15, 50.55000000000075 ], [ 16.35, 50.55000000000075 ], [ 16.35, 50.750000000000753 ], [ 16.95, 50.750000000000753 ], [ 16.95, 50.950000000000756 ], [ 18.35, 50.950000000000756 ], [ 18.35, 51.150000000000759 ], [ 18.95, 51.150000000000759 ], [ 18.95, 50.950000000000756 ], [ 19.15, 50.950000000000756 ], [ 19.15, 50.55000000000075 ], [ 18.95, 50.55000000000075 ], [ 18.95, 50.150000000000752 ], [ 19.75, 50.150000000000752 ], [ 19.75, 49.950000000000756 ], [ 20.55, 49.950000000000756 ], [ 20.55, 50.150000000000752 ], [ 21.15, 50.150000000000752 ], [ 21.15, 49.950000000000756 ], [ 21.35, 49.950000000000756 ], [ 21.35, 50.150000000000752 ], [ 21.95, 50.150000000000752 ], [ 21.95, 50.350000000000755 ], [ 22.15, 50.350000000000755 ], [ 22.15, 50.150000000000752 ], [ 23.15, 50.150000000000752 ], [ 23.15, 49.950000000000756 ], [ 23.55, 49.950000000000756 ], [ 23.55, 49.55000000000075 ], [ 23.15, 49.55000000000075 ], [ 23.15, 49.150000000000752 ], [ 22.75, 49.150000000000752 ], [ 22.75, 48.950000000000749 ], [ 23.15, 48.950000000000749 ], [ 23.15, 48.750000000000753 ], [ 23.75, 48.750000000000753 ], [ 23.75, 48.350000000000747 ], [ 23.95, 48.350000000000747 ], [ 23.95, 48.150000000000745 ], [ 24.35, 48.150000000000745 ], [ 24.35, 47.350000000000747 ], [ 23.95, 47.350000000000747 ], [ 23.95, 46.950000000000742 ], [ 23.35, 46.950000000000742 ], [ 23.35, 46.55000000000075 ], [ 22.95, 46.55000000000075 ], [ 22.95, 45.950000000000742 ], [ 22.75, 45.950000000000742 ], [ 22.75, 45.750000000000746 ], [ 22.55, 45.750000000000746 ], [ 22.55, 45.350000000000747 ], [ 22.35, 45.350000000000747 ], [ 22.35, 45.150000000000745 ], [ 22.15, 45.150000000000745 ], [ 22.15, 44.950000000000742 ], [ 21.35, 44.950000000000742 ], [ 21.35, 45.150000000000745 ], [ 19.95, 45.150000000000745 ], [ 19.95, 44.750000000000739 ], [ 18.95, 44.750000000000739 ], [ 18.95, 45.150000000000745 ], [ 18.75, 45.150000000000745 ], [ 18.75, 45.350000000000747 ], [ 18.15, 45.350000000000747 ], [ 18.15, 45.150000000000745 ], [ 17.55, 45.150000000000745 ], [ 17.55, 44.950000000000742 ], [ 16.75, 44.950000000000742 ], [ 16.75, 44.750000000000739 ], [ 16.55, 44.750000000000739 ], [ 16.55, 44.550000000000743 ], [ 16.75, 44.550000000000743 ], [ 16.75, 44.35000000000074 ], [ 16.95, 44.35000000000074 ], [ 16.95, 44.150000000000745 ], [ 16.35, 44.150000000000745 ] ] ] } },
{ "type": "Feature", "properties": { "index": "Central Continental Europe" }, "geometry": { "type": "Polygon", "coordinates": [ [ [ 8.95, 46.950000000000742 ], [ 8.95, 47.150000000000745 ], [ 9.15, 47.150000000000745 ], [ 9.15, 47.350000000000747 ], [ 8.75, 47.350000000000747 ], [ 8.75, 47.55000000000075 ], [ 8.95, 47.55000000000075 ], [ 8.95, 47.750000000000753 ], [ 9.55, 47.750000000000753 ], [ 9.55, 47.950000000000749 ], [ 9.95, 47.950000000000749 ], [ 9.95, 48.350000000000747 ], [ 8.15, 48.350000000000747 ], [ 8.15, 48.150000000000745 ], [ 7.75, 48.150000000000745 ], [ 7.75, 48.750000000000753 ], [ 7.95, 48.750000000000753 ], [ 7.95, 49.150000000000752 ], [ 8.35, 49.150000000000752 ], [ 8.35, 49.750000000000753 ], [ 8.75, 49.750000000000753 ], [ 8.75, 49.950000000000756 ], [ 9.75, 49.950000000000756 ], [ 9.75, 50.350000000000755 ], [ 9.95, 50.350000000000755 ], [ 9.95, 50.55000000000075 ], [ 9.75, 50.55000000000075 ], [ 9.75, 50.950000000000756 ], [ 9.95, 50.950000000000756 ], [ 9.95, 51.150000000000759 ], [ 9.75, 51.150000000000759 ], [ 9.75, 51.350000000000755 ], [ 9.55, 51.350000000000755 ], [ 9.55, 51.55000000000075 ], [ 9.35, 51.55000000000075 ], [ 9.35, 51.750000000000753 ], [ 9.55, 51.750000000000753 ], [ 9.55, 52.150000000000759 ], [ 9.75, 52.150000000000759 ], [ 9.75, 52.350000000000762 ], [ 10.15, 52.350000000000762 ], [ 10.15, 52.550000000000757 ], [ 10.95, 52.550000000000757 ], [ 10.95, 52.750000000000753 ], [ 11.15, 52.750000000000753 ], [ 11.15, 52.950000000000756 ], [ 11.35, 52.950000000000756 ], [ 11.35, 52.750000000000753 ], [ 11.95, 52.750000000000753 ], [ 11.95, 52.950000000000756 ], [ 11.75, 52.950000000000756 ], [ 11.75, 53.150000000000759 ], [ 12.75, 53.150000000000759 ], [ 12.75, 52.950000000000756 ], [ 13.35, 52.950000000000756 ], [ 13.35, 52.750000000000753 ], [ 13.15, 52.750000000000753 ], [ 13.15, 52.350000000000762 ], [ 14.35, 52.350000000000762 ], [ 14.35, 52.550000000000757 ], [ 15.55, 52.550000000000757 ], [ 15.55, 52.750000000000753 ], [ 15.95, 52.750000000000753 ], [ 15.95, 52.950000000000756 ], [ 16.35, 52.950000000000756 ], [ 16.35, 53.150000000000759 ], [ 16.95, 53.150000000000759 ], [ 16.95, 53.350000000000762 ], [ 17.15, 53.350000000000762 ], [ 17.15, 53.550000000000765 ], [ 17.35, 53.550000000000765 ], [ 17.35, 53.75000000000076 ], [ 18.35, 53.75000000000076 ], [ 18.35, 53.550000000000765 ], [ 18.15, 53.550000000000765 ], [ 18.15, 53.350000000000762 ], [ 18.75, 53.350000000000762 ], [ 18.75, 52.950000000000756 ], [ 19.15, 52.950000000000756 ], [ 19.15, 52.550000000000757 ], [ 19.75, 52.550000000000757 ], [ 19.75, 52.150000000000759 ], [ 19.35, 52.150000000000759 ], [ 19.35, 51.55000000000075 ], [ 18.15, 51.55000000000075 ], [ 18.15, 50.950000000000756 ], [ 16.95, 50.950000000000756 ], [ 16.95, 50.750000000000753 ], [ 16.35, 50.750000000000753 ], [ 16.35, 50.55000000000075 ], [ 16.15, 50.55000000000075 ], [ 16.15, 50.350000000000755 ], [ 16.55, 50.350000000000755 ], [ 16.55, 49.950000000000756 ], [ 16.15, 49.950000000000756 ], [ 16.15, 49.55000000000075 ], [ 15.95, 49.55000000000075 ], [ 15.95, 49.350000000000747 ], [ 15.15, 49.350000000000747 ], [ 15.15, 49.150000000000752 ], [ 14.95, 49.150000000000752 ], [ 14.95, 48.950000000000749 ], [ 14.55, 48.950000000000749 ], [ 14.55, 48.750000000000753 ], [ 13.95, 48.750000000000753 ], [ 13.95, 48.55000000000075 ], [ 13.35, 48.55000000000075 ], [ 13.35, 48.150000000000745 ], [ 12.95, 48.150000000000745 ], [ 12.95, 47.950000000000749 ], [ 12.75, 47.950000000000749 ], [ 12.75, 47.750000000000753 ], [ 12.15, 47.750000000000753 ], [ 12.15, 47.950000000000749 ], [ 11.35, 47.950000000000749 ], [ 11.35, 47.750000000000753 ], [ 10.95, 47.750000000000753 ], [ 10.95, 47.150000000000745 ], [ 10.55, 47.150000000000745 ], [ 10.55, 46.950000000000742 ], [ 8.95, 46.950000000000742 ] ] ] } },
{ "type": "Feature", "properties": { "index": "North East Europe" }, "geometry": { "type": "Polygon", "coordinates": [ [ [ 19.75, 49.950000000000756 ], [ 19.75, 50.150000000000752 ], [ 18.95, 50.150000000000752 ], [ 18.95, 50.55000000000075 ], [ 19.15, 50.55000000000075 ], [ 19.15, 50.950000000000756 ], [ 18.95, 50.950000000000756 ], [ 18.95, 51.150000000000759 ], [ 18.35, 51.150000000000759 ], [ 18.35, 50.950000000000756 ], [ 18.15, 50.950000000000756 ], [ 18.15, 51.55000000000075 ], [ 19.35, 51.55000000000075 ], [ 19.35, 52.150000000000759 ], [ 19.75, 52.150000000000759 ], [ 19.75, 52.550000000000757 ], [ 19.15, 52.550000000000757 ], [ 19.15, 52.950000000000756 ], [ 18.75, 52.950000000000756 ], [ 18.75, 53.350000000000762 ], [ 18.95, 53.350000000000762 ], [ 18.95, 53.550000000000765 ], [ 20.15, 53.550000000000765 ], [ 20.15, 53.75000000000076 ], [ 20.55, 53.75000000000076 ], [ 20.55, 54.150000000000759 ], [ 20.75, 54.150000000000759 ], [ 20.75, 54.950000000000763 ], [ 21.15, 54.950000000000763 ], [ 21.15, 55.150000000000759 ], [ 21.55, 55.150000000000759 ], [ 21.55, 55.350000000000762 ], [ 22.35, 55.350000000000762 ], [ 22.35, 55.750000000000767 ], [ 22.95, 55.750000000000767 ], [ 22.95, 55.950000000000763 ], [ 24.75, 55.950000000000763 ], [ 24.75, 56.350000000000762 ], [ 25.35, 56.350000000000762 ], [ 25.35, 56.550000000000765 ], [ 26.95, 56.550000000000765 ], [ 26.95, 56.750000000000767 ], [ 26.75, 56.750000000000767 ], [ 26.75, 57.150000000000766 ], [ 27.75, 57.150000000000766 ], [ 27.75, 57.750000000000767 ], [ 28.75, 57.750000000000767 ], [ 28.75, 57.550000000000765 ], [ 29.35, 57.550000000000765 ], [ 29.35, 57.95000000000077 ], [ 29.95, 57.95000000000077 ], [ 29.95, 50.750000000000753 ], [ 28.95, 50.750000000000753 ], [ 28.95, 50.950000000000756 ], [ 28.15, 50.950000000000756 ], [ 28.15, 50.55000000000075 ], [ 27.75, 50.55000000000075 ], [ 27.75, 49.950000000000756 ], [ 25.95, 49.950000000000756 ], [ 25.95, 50.350000000000755 ], [ 24.35, 50.350000000000755 ], [ 24.35, 49.950000000000756 ], [ 23.15, 49.950000000000756 ], [ 23.15, 50.150000000000752 ], [ 22.15, 50.150000000000752 ], [ 22.15, 50.350000000000755 ], [ 21.95, 50.350000000000755 ], [ 21.95, 50.150000000000752 ], [ 21.35, 50.150000000000752 ], [ 21.35, 49.950000000000756 ], [ 21.15, 49.950000000000756 ], [ 21.15, 50.150000000000752 ], [ 20.55, 50.150000000000752 ], [ 20.55, 49.950000000000756 ], [ 19.75, 49.950000000000756 ] ] ] } },
{ "type": "Feature", "properties": { "index": "North Adriatic" }, "geometry": { "type": "Polygon", "coordinates": [ [ [ 14.35, 40.550000000000736 ], [ 14.35, 40.750000000000732 ], [ 13.95, 40.750000000000732 ], [ 13.95, 41.15000000000073 ], [ 12.95, 41.15000000000073 ], [ 12.95, 41.350000000000733 ], [ 12.55, 41.350000000000733 ], [ 12.55, 41.550000000000736 ], [ 12.35, 41.550000000000736 ], [ 12.35, 41.750000000000739 ], [ 12.15, 41.750000000000739 ], [ 12.15, 41.950000000000735 ], [ 11.75, 41.950000000000735 ], [ 11.75, 42.150000000000738 ], [ 11.55, 42.150000000000738 ], [ 11.55, 42.350000000000733 ], [ 11.15, 42.350000000000733 ], [ 11.15, 42.550000000000736 ], [ 10.95, 42.550000000000736 ], [ 10.95, 42.750000000000739 ], [ 10.75, 42.750000000000739 ], [ 10.75, 42.950000000000742 ], [ 10.35, 42.950000000000742 ], [ 10.35, 43.150000000000738 ], [ 10.55, 43.150000000000738 ], [ 10.55, 43.35000000000074 ], [ 10.75, 43.35000000000074 ], [ 10.75, 43.550000000000736 ], [ 10.55, 43.550000000000736 ], [ 10.55, 43.750000000000739 ], [ 10.95, 43.750000000000739 ], [ 10.95, 44.150000000000745 ], [ 10.55, 44.150000000000745 ], [ 10.55, 44.35000000000074 ], [ 10.15, 44.35000000000074 ], [ 10.15, 44.550000000000743 ], [ 9.95, 44.550000000000743 ], [ 9.95, 45.150000000000745 ], [ 10.75, 45.150000000000745 ], [ 10.75, 45.350000000000747 ], [ 11.55, 45.350000000000747 ], [ 11.55, 45.550000000000743 ], [ 11.35, 45.550000000000743 ], [ 11.35, 45.750000000000746 ], [ 10.55, 45.750000000000746 ], [ 10.55, 45.950000000000742 ], [ 11.15, 45.950000000000742 ], [ 11.15, 46.350000000000747 ], [ 11.55, 46.350000000000747 ], [ 11.55, 46.950000000000742 ], [ 12.95, 46.950000000000742 ], [ 12.95, 47.150000000000745 ], [ 14.15, 47.150000000000745 ], [ 14.15, 47.350000000000747 ], [ 14.95, 47.350000000000747 ], [ 14.95, 47.150000000000745 ], [ 17.15, 47.150000000000745 ], [ 17.15, 46.750000000000746 ], [ 16.55, 46.750000000000746 ], [ 16.55, 46.350000000000747 ], [ 16.15, 46.350000000000747 ], [ 16.15, 46.150000000000745 ], [ 16.35, 46.150000000000745 ], [ 16.35, 45.750000000000746 ], [ 14.95, 45.750000000000746 ], [ 14.95, 45.150000000000745 ], [ 15.35, 45.150000000000745 ], [ 15.35, 44.750000000000739 ], [ 15.55, 44.750000000000739 ], [ 15.55, 44.550000000000743 ], [ 15.95, 44.550000000000743 ], [ 15.95, 44.35000000000074 ], [ 16.35, 44.35000000000074 ], [ 16.35, 44.150000000000745 ], [ 16.95, 44.150000000000745 ], [ 16.95, 43.950000000000742 ], [ 17.55, 43.950000000000742 ], [ 17.55, 43.750000000000739 ], [ 17.95, 43.750000000000739 ], [ 17.95, 43.550000000000736 ], [ 18.15, 43.550000000000736 ], [ 18.15, 43.35000000000074 ], [ 17.95, 43.35000000000074 ], [ 17.95, 42.950000000000742 ], [ 17.75, 42.950000000000742 ], [ 17.75, 42.750000000000739 ], [ 17.55, 42.750000000000739 ], [ 17.55, 42.950000000000742 ], [ 16.75, 42.950000000000742 ], [ 16.75, 43.150000000000738 ], [ 16.35, 43.150000000000738 ], [ 16.35, 43.35000000000074 ], [ 16.55, 43.35000000000074 ], [ 16.55, 43.550000000000736 ], [ 15.95, 43.550000000000736 ], [ 15.95, 43.750000000000739 ], [ 15.55, 43.750000000000739 ], [ 15.55, 43.950000000000742 ], [ 15.15, 43.950000000000742 ], [ 15.15, 44.35000000000074 ], [ 14.95, 44.35000000000074 ], [ 14.95, 44.550000000000743 ], [ 14.75, 44.550000000000743 ], [ 14.75, 44.950000000000742 ], [ 14.55, 44.950000000000742 ], [ 14.55, 44.550000000000743 ], [ 14.35, 44.550000000000743 ], [ 14.35, 44.750000000000739 ], [ 14.15, 44.750000000000739 ], [ 14.15, 44.950000000000742 ], [ 13.95, 44.950000000000742 ], [ 13.95, 44.750000000000739 ], [ 13.75, 44.750000000000739 ], [ 13.75, 44.950000000000742 ], [ 13.55, 44.950000000000742 ], [ 13.55, 45.550000000000743 ], [ 13.35, 45.550000000000743 ], [ 13.35, 45.750000000000746 ], [ 13.15, 45.750000000000746 ], [ 13.15, 45.550000000000743 ], [ 12.35, 45.550000000000743 ], [ 12.35, 44.950000000000742 ], [ 12.55, 44.950000000000742 ], [ 12.55, 44.750000000000739 ], [ 12.35, 44.750000000000739 ], [ 12.35, 44.35000000000074 ], [ 12.55, 44.35000000000074 ], [ 12.55, 44.150000000000745 ], [ 12.75, 44.150000000000745 ], [ 12.75, 43.950000000000742 ], [ 13.15, 43.950000000000742 ], [ 13.15, 43.750000000000739 ], [ 13.55, 43.750000000000739 ], [ 13.55, 43.550000000000736 ], [ 13.75, 43.550000000000736 ], [ 13.75, 43.150000000000738 ], [ 13.15, 43.150000000000738 ], [ 13.15, 42.750000000000739 ], [ 13.35, 42.750000000000739 ], [ 13.35, 42.150000000000738 ], [ 13.75, 42.150000000000738 ], [ 13.75, 41.950000000000735 ], [ 13.95, 41.950000000000735 ], [ 13.95, 41.750000000000739 ], [ 14.35, 41.750000000000739 ], [ 14.35, 41.550000000000736 ], [ 14.55, 41.550000000000736 ], [ 14.55, 41.350000000000733 ], [ 14.75, 41.350000000000733 ], [ 14.75, 40.950000000000735 ], [ 14.95, 40.950000000000735 ], [ 14.95, 40.550000000000736 ], [ 14.35, 40.550000000000736 ] ], [ [ 16.75, 43.150000000000738 ], [ 16.95, 43.150000000000738 ], [ 16.95, 43.35000000000074 ], [ 16.75, 43.35000000000074 ], [ 16.75, 43.150000000000738 ] ], [ [ 14.35, 45.150000000000745 ], [ 14.55, 45.150000000000745 ], [ 14.55, 45.350000000000747 ], [ 14.35, 45.350000000000747 ], [ 14.35, 45.150000000000745 ] ], [ [ 13.55, 45.550000000000743 ], [ 13.75, 45.550000000000743 ], [ 13.75, 45.750000000000746 ], [ 13.55, 45.750000000000746 ], [ 13.55, 45.550000000000743 ] ] ] } },
{ "type": "Feature", "properties": { "index": "Central Alpine" }, "geometry": { "type": "Polygon", "coordinates": [ [ [ 10.35, 43.35000000000074 ], [ 10.35, 43.550000000000736 ], [ 10.15, 43.550000000000736 ], [ 10.15, 43.950000000000742 ], [ 9.75, 43.950000000000742 ], [ 9.75, 44.150000000000745 ], [ 9.35, 44.150000000000745 ], [ 9.35, 44.35000000000074 ], [ 9.15, 44.35000000000074 ], [ 9.15, 44.750000000000739 ], [ 8.75, 44.750000000000739 ], [ 8.75, 45.550000000000743 ], [ 7.95, 45.550000000000743 ], [ 7.95, 45.750000000000746 ], [ 7.75, 45.750000000000746 ], [ 7.75, 46.150000000000745 ], [ 7.55, 46.150000000000745 ], [ 7.55, 45.950000000000742 ], [ 7.35, 45.950000000000742 ], [ 7.35, 45.750000000000746 ], [ 7.15, 45.750000000000746 ], [ 7.15, 45.550000000000743 ], [ 6.95, 45.550000000000743 ], [ 6.95, 45.350000000000747 ], [ 6.55, 45.350000000000747 ], [ 6.55, 45.150000000000745 ], [ 5.75, 45.150000000000745 ], [ 5.75, 44.750000000000739 ], [ 5.35, 44.750000000000739 ], [ 5.35, 45.150000000000745 ], [ 5.15, 45.150000000000745 ], [ 5.15, 45.750000000000746 ], [ 5.35, 45.750000000000746 ], [ 5.35, 46.150000000000745 ], [ 5.15, 46.150000000000745 ], [ 5.15, 46.55000000000075 ], [ 4.95, 46.55000000000075 ], [ 4.95, 46.750000000000746 ], [ 5.15, 46.750000000000746 ], [ 5.15, 46.950000000000742 ], [ 5.35, 46.950000000000742 ], [ 5.35, 47.150000000000745 ], [ 5.55, 47.150000000000745 ], [ 5.55, 47.750000000000753 ], [ 5.95, 47.750000000000753 ], [ 5.95, 48.150000000000745 ], [ 6.35, 48.150000000000745 ], [ 6.35, 48.350000000000747 ], [ 6.55, 48.350000000000747 ], [ 6.55, 48.55000000000075 ], [ 7.55, 48.55000000000075 ], [ 7.55, 48.750000000000753 ], [ 7.75, 48.750000000000753 ], [ 7.75, 48.150000000000745 ], [ 8.15, 48.150000000000745 ], [ 8.15, 48.350000000000747 ], [ 9.95, 48.350000000000747 ], [ 9.95, 47.950000000000749 ], [ 9.55, 47.950000000000749 ], [ 9.55, 47.750000000000753 ], [ 8.95, 47.750000000000753 ], [ 8.95, 47.55000000000075 ], [ 8.75, 47.55000000000075 ], [ 8.75, 47.350000000000747 ], [ 9.15, 47.350000000000747 ], [ 9.15, 47.150000000000745 ], [ 8.95, 47.150000000000745 ], [ 8.95, 46.950000000000742 ], [ 10.55, 46.950000000000742 ], [ 10.55, 47.150000000000745 ], [ 11.55, 47.150000000000745 ], [ 11.55, 46.350000000000747 ], [ 11.15, 46.350000000000747 ], [ 11.15, 45.950000000000742 ], [ 10.55, 45.950000000000742 ], [ 10.55, 45.750000000000746 ], [ 11.35, 45.750000000000746 ], [ 11.35, 45.550000000000743 ], [ 11.55, 45.550000000000743 ], [ 11.55, 45.350000000000747 ], [ 10.75, 45.350000000000747 ], [ 10.75, 45.150000000000745 ], [ 9.95, 45.150000000000745 ], [ 9.95, 44.550000000000743 ], [ 10.15, 44.550000000000743 ], [ 10.15, 44.35000000000074 ], [ 10.55, 44.35000000000074 ], [ 10.55, 44.150000000000745 ], [ 10.95, 44.150000000000745 ], [ 10.95, 43.750000000000739 ], [ 10.55, 43.750000000000739 ], [ 10.55, 43.550000000000736 ], [ 10.75, 43.550000000000736 ], [ 10.75, 43.35000000000074 ], [ 10.35, 43.35000000000074 ] ] ] } },
{ "type": "Feature", "properties": { "index": "Northern North Sea" }, "geometry": { "type": "MultiPolygon", "coordinates": [ [ [ [ -3.65, 57.750000000000767 ], [ -3.65, 57.550000000000765 ], [ -3.85, 57.550000000000765 ], [ -3.85, 57.750000000000767 ], [ -3.65, 57.750000000000767 ] ] ], [ [ [ -6.25, 56.750000000000767 ], [ -5.65, 56.750000000000767 ], [ -5.65, 56.95000000000077 ], [ -6.25, 56.95000000000077 ], [ -6.25, 57.150000000000766 ], [ -6.45, 57.150000000000766 ], [ -6.45, 57.350000000000762 ], [ -6.85, 57.350000000000762 ], [ -6.85, 57.550000000000765 ], [ -6.45, 57.550000000000765 ], [ -6.45, 57.750000000000767 ], [ -6.05, 57.750000000000767 ], [ -6.05, 57.350000000000762 ], [ -5.85, 57.350000000000762 ], [ -5.85, 57.95000000000077 ], [ -5.45, 57.95000000000077 ], [ -5.45, 58.150000000000773 ], [ -5.25, 58.150000000000773 ], [ -5.25, 58.550000000000765 ], [ -3.65, 58.550000000000765 ], [ -3.65, 58.750000000000767 ], [ -3.25, 58.750000000000767 ], [ -3.25, 59.150000000000773 ], [ -2.85, 59.150000000000773 ], [ -2.85, 58.95000000000077 ], [ -3.05, 58.95000000000077 ], [ -3.05, 58.350000000000769 ], [ -3.25, 58.350000000000769 ], [ -3.25, 58.150000000000773 ], [ -3.65, 58.150000000000773 ], [ -3.65, 57.95000000000077 ], [ -3.85, 57.95000000000077 ], [ -3.85, 57.750000000000767 ], [ -4.05, 57.750000000000767 ], [ -4.05, 57.550000000000765 ], [ -3.85, 57.550000000000765 ], [ -3.85, 57.150000000000766 ], [ -3.45, 57.150000000000766 ], [ -3.45, 56.95000000000077 ], [ -4.45, 56.95000000000077 ], [ -4.45, 56.750000000000767 ], [ -4.65, 56.750000000000767 ], [ -4.65, 56.550000000000765 ], [ -4.85, 56.550000000000765 ], [ -4.85, 56.150000000000766 ], [ -5.65, 56.150000000000766 ], [ -5.65, 56.350000000000762 ], [ -6.25, 56.350000000000762 ], [ -6.25, 56.750000000000767 ] ] ], [ [ [ -6.65, 58.350000000000769 ], [ -6.25, 58.350000000000769 ], [ -6.25, 57.95000000000077 ], [ -6.65, 57.95000000000077 ], [ -6.65, 57.750000000000767 ], [ -7.05, 57.750000000000767 ], [ -7.05, 58.150000000000773 ], [ -6.65, 58.150000000000773 ], [ -6.65, 58.350000000000769 ] ] ], [ [ [ 5.35, 59.350000000000776 ], [ 5.35, 59.550000000000772 ], [ 5.55, 59.550000000000772 ], [ 5.55, 59.750000000000767 ], [ 5.75, 59.750000000000767 ], [ 5.75, 59.550000000000772 ], [ 5.95, 59.550000000000772 ], [ 5.95, 59.350000000000776 ], [ 5.55, 59.350000000000776 ], [ 5.55, 59.150000000000773 ], [ 5.15, 59.150000000000773 ], [ 5.15, 59.350000000000776 ], [ 5.35, 59.350000000000776 ] ] ], [ [ [ 6.15, 58.350000000000769 ], [ 5.75, 58.350000000000769 ], [ 5.75, 58.550000000000765 ], [ 5.55, 58.550000000000765 ], [ 5.55, 58.95000000000077 ], [ 5.95, 58.95000000000077 ], [ 5.95, 59.350000000000776 ], [ 6.55, 59.350000000000776 ], [ 6.55, 59.550000000000772 ], [ 6.75, 59.550000000000772 ], [ 6.75, 59.750000000000767 ], [ 6.95, 59.750000000000767 ], [ 6.95, 60.350000000000776 ], [ 7.55, 60.350000000000776 ], [ 7.55, 60.550000000000779 ], [ 7.75, 60.550000000000779 ], [ 7.75, 60.95000000000077 ], [ 8.15, 60.95000000000077 ], [ 8.15, 60.150000000000773 ], [ 7.95, 60.150000000000773 ], [ 7.95, 59.750000000000767 ], [ 7.75, 59.750000000000767 ], [ 7.75, 59.550000000000772 ], [ 7.55, 59.550000000000772 ], [ 7.55, 59.350000000000776 ], [ 7.75, 59.350000000000776 ], [ 7.75, 58.95000000000077 ], [ 7.55, 58.95000000000077 ], [ 7.55, 58.350000000000769 ], [ 7.35, 58.350000000000769 ], [ 7.35, 58.150000000000773 ], [ 7.15, 58.150000000000773 ], [ 7.15, 57.95000000000077 ], [ 6.55, 57.95000000000077 ], [ 6.55, 58.150000000000773 ], [ 6.15, 58.150000000000773 ], [ 6.15, 58.350000000000769 ] ] ], [ [ [ -1.45, 60.550000000000779 ], [ -1.25, 60.550000000000779 ], [ -1.25, 60.750000000000774 ], [ -0.85, 60.750000000000774 ], [ -0.85, 60.550000000000779 ], [ -1.05, 60.550000000000779 ], [ -1.05, 59.95000000000077 ], [ -1.25, 59.95000000000077 ], [ -1.25, 60.150000000000773 ], [ -1.45, 60.150000000000773 ], [ -1.45, 60.550000000000779 ] ] ] ] } },
{ "type": "Feature", "properties": { "index": "West Norway" }, "geometry": { "type": "MultiPolygon", "coordinates": [ [ [ [ 5.95, 59.550000000000772 ], [ 5.75, 59.550000000000772 ], [ 5.75, 59.750000000000767 ], [ 5.35, 59.750000000000767 ], [ 5.35, 60.150000000000773 ], [ 4.95, 60.150000000000773 ], [ 4.95, 60.350000000000776 ], [ 5.15, 60.350000000000776 ], [ 5.15, 60.550000000000779 ], [ 4.75, 60.550000000000779 ], [ 4.75, 60.95000000000077 ], [ 5.15, 60.95000000000077 ], [ 5.15, 61.150000000000773 ], [ 5.35, 61.150000000000773 ], [ 5.35, 61.350000000000776 ], [ 5.15, 61.350000000000776 ], [ 5.15, 61.750000000000774 ], [ 4.95, 61.750000000000774 ], [ 4.95, 62.350000000000776 ], [ 6.15, 62.350000000000776 ], [ 6.15, 62.150000000000773 ], [ 5.95, 62.150000000000773 ], [ 5.95, 61.950000000000777 ], [ 7.35, 61.950000000000777 ], [ 7.35, 61.750000000000774 ], [ 7.95, 61.750000000000774 ], [ 7.95, 61.550000000000779 ], [ 8.15, 61.550000000000779 ], [ 8.15, 61.350000000000776 ], [ 7.95, 61.350000000000776 ], [ 7.95, 60.95000000000077 ], [ 7.75, 60.95000000000077 ], [ 7.75, 60.550000000000779 ], [ 7.55, 60.550000000000779 ], [ 7.55, 60.350000000000776 ], [ 6.95, 60.350000000000776 ], [ 6.95, 59.750000000000767 ], [ 6.75, 59.750000000000767 ], [ 6.75, 59.550000000000772 ], [ 6.55, 59.550000000000772 ], [ 6.55, 59.350000000000776 ], [ 5.95, 59.350000000000776 ], [ 5.95, 59.550000000000772 ] ] ] ] } },
{ "type": "Feature", "properties": { "index": "West Libya" }, "geometry": { "type": "Polygon", "coordinates": [ [ [ 8.95, 30.150000000000713 ], [ 8.95, 30.350000000000712 ], [ 9.15, 30.350000000000712 ], [ 9.15, 30.550000000000715 ], [ 9.55, 30.550000000000715 ], [ 9.55, 30.750000000000714 ], [ 9.75, 30.750000000000714 ], [ 9.75, 30.950000000000713 ], [ 9.95, 30.950000000000713 ], [ 9.95, 31.350000000000716 ], [ 10.15, 31.350000000000716 ], [ 10.15, 31.550000000000715 ], [ 10.55, 31.550000000000715 ], [ 10.55, 31.950000000000717 ], [ 10.35, 31.950000000000717 ], [ 10.35, 32.350000000000719 ], [ 10.55, 32.350000000000719 ], [ 10.55, 32.750000000000718 ], [ 10.35, 32.750000000000718 ], [ 10.35, 32.95000000000072 ], [ 10.75, 32.95000000000072 ], [ 10.75, 33.150000000000716 ], [ 11.75, 33.150000000000716 ], [ 11.75, 32.95000000000072 ], [ 13.95, 32.95000000000072 ], [ 13.95, 32.750000000000718 ], [ 14.55, 32.750000000000718 ], [ 14.55, 32.550000000000715 ], [ 15.35, 32.550000000000715 ], [ 15.35, 31.950000000000717 ], [ 15.55, 31.950000000000717 ], [ 15.55, 31.550000000000715 ], [ 15.75, 31.550000000000715 ], [ 15.75, 31.350000000000716 ], [ 16.15, 31.350000000000716 ], [ 16.15, 31.150000000000716 ], [ 16.35, 31.150000000000716 ], [ 16.35, 30.950000000000713 ], [ 17.55, 30.950000000000713 ], [ 17.55, 30.350000000000712 ], [ 17.75, 30.350000000000712 ], [ 17.75, 30.150000000000713 ], [ 8.95, 30.150000000000713 ] ] ] } },
{ "type": "Feature", "properties": { "index": "Egypt + East Libya" }, "geometry": { "type": "Polygon", "coordinates": [ [ [ 17.75, 30.150000000000713 ], [ 17.75, 30.350000000000712 ], [ 17.55, 30.350000000000712 ], [ 17.55, 30.950000000000713 ], [ 16.35, 30.950000000000713 ], [ 16.35, 31.150000000000716 ], [ 16.15, 31.150000000000716 ], [ 16.15, 31.350000000000716 ], [ 16.95, 31.350000000000716 ], [ 16.95, 31.150000000000716 ], [ 17.75, 31.150000000000716 ], [ 17.75, 30.950000000000713 ], [ 18.15, 30.950000000000713 ], [ 18.15, 30.750000000000714 ], [ 18.35, 30.750000000000714 ], [ 18.35, 30.550000000000715 ], [ 18.75, 30.550000000000715 ], [ 18.75, 30.350000000000712 ], [ 19.55, 30.350000000000712 ], [ 19.55, 30.550000000000715 ], [ 19.75, 30.550000000000715 ], [ 19.75, 30.750000000000714 ], [ 19.95, 30.750000000000714 ], [ 19.95, 30.950000000000713 ], [ 20.15, 30.950000000000713 ], [ 20.15, 31.350000000000716 ], [ 19.95, 31.350000000000716 ], [ 19.95, 32.350000000000719 ], [ 20.15, 32.350000000000719 ], [ 20.15, 32.550000000000715 ], [ 20.55, 32.550000000000715 ], [ 20.55, 32.750000000000718 ], [ 21.35, 32.750000000000718 ], [ 21.35, 32.95000000000072 ], [ 22.55, 32.95000000000072 ], [ 22.55, 32.750000000000718 ], [ 22.95, 32.750000000000718 ], [ 22.95, 32.350000000000719 ], [ 23.55, 32.350000000000719 ], [ 23.55, 32.150000000000716 ], [ 23.95, 32.150000000000716 ], [ 23.95, 31.950000000000717 ], [ 24.95, 31.950000000000717 ], [ 24.95, 31.750000000000718 ], [ 25.15, 31.750000000000718 ], [ 25.15, 31.550000000000715 ], [ 25.75, 31.550000000000715 ], [ 25.75, 31.750000000000718 ], [ 25.95, 31.750000000000718 ], [ 25.95, 31.550000000000715 ], [ 26.95, 31.550000000000715 ], [ 26.95, 31.350000000000716 ], [ 27.75, 31.350000000000716 ], [ 27.75, 31.150000000000716 ], [ 28.75, 31.150000000000716 ], [ 28.75, 30.950000000000713 ], [ 29.75, 30.950000000000713 ], [ 29.75, 31.150000000000716 ], [ 29.95, 31.150000000000716 ], [ 29.95, 30.150000000000713 ], [ 17.75, 30.150000000000713 ] ] ] } },
{ "type": "Feature", "properties": { "index": "North Sweden + North Finland" }, "geometry": { "type": "Polygon", "coordinates": [ [ [ 23.95, 60.95000000000077 ], [ 23.95, 61.350000000000776 ], [ 23.55, 61.350000000000776 ], [ 23.55, 61.750000000000774 ], [ 21.95, 61.750000000000774 ], [ 21.95, 61.550000000000779 ], [ 21.55, 61.550000000000779 ], [ 21.55, 61.750000000000774 ], [ 21.35, 61.750000000000774 ], [ 21.35, 61.950000000000777 ], [ 21.15, 61.950000000000777 ], [ 21.15, 62.750000000000782 ], [ 20.95, 62.750000000000782 ], [ 20.95, 62.950000000000784 ], [ 21.35, 62.950000000000784 ], [ 21.35, 63.150000000000773 ], [ 21.15, 63.150000000000773 ], [ 21.15, 63.350000000000776 ], [ 22.35, 63.350000000000776 ], [ 22.35, 63.750000000000782 ], [ 22.55, 63.750000000000782 ], [ 22.55, 63.950000000000784 ], [ 23.35, 63.950000000000784 ], [ 23.35, 64.150000000000787 ], [ 23.55, 64.150000000000787 ], [ 23.55, 64.350000000000776 ], [ 23.95, 64.350000000000776 ], [ 23.95, 64.550000000000779 ], [ 24.35, 64.550000000000779 ], [ 24.35, 64.750000000000782 ], [ 24.55, 64.750000000000782 ], [ 24.55, 65.150000000000787 ], [ 24.95, 65.150000000000787 ], [ 24.95, 64.950000000000784 ], [ 25.15, 64.950000000000784 ], [ 25.15, 65.150000000000787 ], [ 25.35, 65.150000000000787 ], [ 25.35, 65.550000000000779 ], [ 24.55, 65.550000000000779 ], [ 24.55, 65.750000000000782 ], [ 22.55, 65.750000000000782 ], [ 22.55, 65.550000000000779 ], [ 22.15, 65.550000000000779 ], [ 22.15, 65.35000000000079 ], [ 21.75, 65.35000000000079 ], [ 21.75, 65.150000000000787 ], [ 21.55, 65.150000000000787 ], [ 21.55, 64.950000000000784 ], [ 21.35, 64.950000000000784 ], [ 21.35, 64.750000000000782 ], [ 21.55, 64.750000000000782 ], [ 21.55, 64.550000000000779 ], [ 21.75, 64.550000000000779 ], [ 21.75, 64.350000000000776 ], [ 21.35, 64.350000000000776 ], [ 21.35, 64.150000000000787 ], [ 20.95, 64.150000000000787 ], [ 20.95, 63.950000000000784 ], [ 20.75, 63.950000000000784 ], [ 20.75, 63.750000000000782 ], [ 20.35, 63.750000000000782 ], [ 20.35, 63.550000000000779 ], [ 19.75, 63.550000000000779 ], [ 19.75, 63.350000000000776 ], [ 19.15, 63.350000000000776 ], [ 19.15, 63.150000000000773 ], [ 18.15, 63.150000000000773 ], [ 18.15, 63.350000000000776 ], [ 17.75, 63.350000000000776 ], [ 17.75, 63.550000000000779 ], [ 17.35, 63.550000000000779 ], [ 17.35, 63.350000000000776 ], [ 15.95, 63.350000000000776 ], [ 15.95, 62.750000000000782 ], [ 16.15, 62.750000000000782 ], [ 16.15, 62.350000000000776 ], [ 16.55, 62.350000000000776 ], [ 16.55, 62.150000000000773 ], [ 16.75, 62.150000000000773 ], [ 16.75, 61.950000000000777 ], [ 16.15, 61.950000000000777 ], [ 16.15, 61.750000000000774 ], [ 14.95, 61.750000000000774 ], [ 14.95, 61.950000000000777 ], [ 14.15, 61.950000000000777 ], [ 14.15, 62.150000000000773 ], [ 11.35, 62.150000000000773 ], [ 11.35, 62.350000000000776 ], [ 9.55, 62.350000000000776 ], [ 9.55, 62.550000000000779 ], [ 9.75, 62.550000000000779 ], [ 9.75, 62.750000000000782 ], [ 11.75, 62.750000000000782 ], [ 11.75, 62.950000000000784 ], [ 11.95, 62.950000000000784 ], [ 11.95, 63.150000000000773 ], [ 12.35, 63.150000000000773 ], [ 12.35, 63.350000000000776 ], [ 12.55, 63.350000000000776 ], [ 12.55, 63.550000000000779 ], [ 13.55, 63.550000000000779 ], [ 13.55, 63.750000000000782 ], [ 13.95, 63.750000000000782 ], [ 13.95, 64.150000000000787 ], [ 14.15, 64.150000000000787 ], [ 14.15, 64.350000000000776 ], [ 14.35, 64.350000000000776 ], [ 14.35, 64.550000000000779 ], [ 14.55, 64.550000000000779 ], [ 14.55, 64.950000000000784 ], [ 14.95, 64.950000000000784 ], [ 14.95, 65.150000000000787 ], [ 15.15, 65.150000000000787 ], [ 15.15, 65.35000000000079 ], [ 15.35, 65.35000000000079 ], [ 15.35, 65.750000000000782 ], [ 15.75, 65.750000000000782 ], [ 15.75, 65.950000000000784 ], [ 15.95, 65.950000000000784 ], [ 15.95, 66.150000000000787 ], [ 15.75, 66.150000000000787 ], [ 15.75, 66.35000000000079 ], [ 16.15, 66.35000000000079 ], [ 16.15, 66.550000000000779 ], [ 16.95, 66.550000000000779 ], [ 16.95, 66.750000000000782 ], [ 17.35, 66.750000000000782 ], [ 17.35, 66.950000000000784 ], [ 17.55, 66.950000000000784 ], [ 17.55, 67.150000000000787 ], [ 17.95, 67.150000000000787 ], [ 17.95, 67.35000000000079 ], [ 18.35, 67.35000000000079 ], [ 18.35, 67.550000000000793 ], [ 18.75, 67.550000000000793 ], [ 18.75, 67.750000000000782 ], [ 19.55, 67.750000000000782 ], [ 19.55, 67.950000000000784 ], [ 19.95, 67.950000000000784 ], [ 19.95, 68.150000000000787 ], [ 19.75, 68.150000000000787 ], [ 19.75, 68.35000000000079 ], [ 20.15, 68.35000000000079 ], [ 20.15, 68.550000000000793 ], [ 20.55, 68.550000000000793 ], [ 20.55, 68.750000000000796 ], [ 21.35, 68.750000000000796 ], [ 21.35, 68.950000000000784 ], [ 21.95, 68.950000000000784 ], [ 21.95, 68.550000000000793 ], [ 22.55, 68.550000000000793 ], [ 22.55, 68.150000000000787 ], [ 22.75, 68.150000000000787 ], [ 22.75, 67.950000000000784 ], [ 24.95, 67.950000000000784 ], [ 24.95, 68.750000000000796 ], [ 27.75, 68.750000000000796 ], [ 27.75, 68.35000000000079 ], [ 29.95, 68.35000000000079 ], [ 29.95, 61.350000000000776 ], [ 28.95, 61.350000000000776 ], [ 28.95, 61.150000000000773 ], [ 28.15, 61.150000000000773 ], [ 28.15, 60.95000000000077 ], [ 23.95, 60.95000000000077 ] ] ] } },
{ "type": "Feature", "properties": { "index": "Central Sweden" }, "geometry": { "type": "Polygon", "coordinates": [ [ [ 13.35, 56.95000000000077 ], [ 13.35, 57.550000000000765 ], [ 12.75, 57.550000000000765 ], [ 12.75, 58.150000000000773 ], [ 11.35, 58.150000000000773 ], [ 11.35, 58.350000000000769 ], [ 11.15, 58.350000000000769 ], [ 11.15, 58.95000000000077 ], [ 10.95, 58.95000000000077 ], [ 10.95, 59.150000000000773 ], [ 10.75, 59.150000000000773 ], [ 10.75, 59.350000000000776 ], [ 10.95, 59.350000000000776 ], [ 10.95, 59.550000000000772 ], [ 10.75, 59.550000000000772 ], [ 10.75, 60.150000000000773 ], [ 10.95, 60.150000000000773 ], [ 10.95, 60.350000000000776 ], [ 11.35, 60.350000000000776 ], [ 11.35, 60.95000000000077 ], [ 11.55, 60.95000000000077 ], [ 11.55, 61.150000000000773 ], [ 11.35, 61.150000000000773 ], [ 11.35, 61.350000000000776 ], [ 9.15, 61.350000000000776 ], [ 9.15, 61.150000000000773 ], [ 8.95, 61.150000000000773 ], [ 8.95, 60.95000000000077 ], [ 7.95, 60.95000000000077 ], [ 7.95, 61.350000000000776 ], [ 8.15, 61.350000000000776 ], [ 8.15, 61.750000000000774 ], [ 8.35, 61.750000000000774 ], [ 8.35, 61.950000000000777 ], [ 8.95, 61.950000000000777 ], [ 8.95, 62.150000000000773 ], [ 9.55, 62.150000000000773 ], [ 9.55, 62.350000000000776 ], [ 11.35, 62.350000000000776 ], [ 11.35, 62.150000000000773 ], [ 14.15, 62.150000000000773 ], [ 14.15, 61.950000000000777 ], [ 14.95, 61.950000000000777 ], [ 14.95, 61.750000000000774 ], [ 16.15, 61.750000000000774 ], [ 16.15, 61.950000000000777 ], [ 16.75, 61.950000000000777 ], [ 16.75, 62.150000000000773 ], [ 16.55, 62.150000000000773 ], [ 16.55, 62.350000000000776 ], [ 16.15, 62.350000000000776 ], [ 16.15, 62.750000000000782 ], [ 15.95, 62.750000000000782 ], [ 15.95, 63.350000000000776 ], [ 17.35, 63.350000000000776 ], [ 17.35, 63.550000000000779 ], [ 17.75, 63.550000000000779 ], [ 17.75, 63.350000000000776 ], [ 18.15, 63.350000000000776 ], [ 18.15, 63.150000000000773 ], [ 18.55, 63.150000000000773 ], [ 18.55, 62.950000000000784 ], [ 18.35, 62.950000000000784 ], [ 18.35, 62.750000000000782 ], [ 17.95, 62.750000000000782 ], [ 17.95, 62.350000000000776 ], [ 17.55, 62.350000000000776 ], [ 17.55, 61.550000000000779 ], [ 17.35, 61.550000000000779 ], [ 17.35, 61.350000000000776 ], [ 17.15, 61.350000000000776 ], [ 17.15, 61.150000000000773 ], [ 17.35, 61.150000000000773 ], [ 17.35, 60.750000000000774 ], [ 17.55, 60.750000000000774 ], [ 17.55, 60.550000000000779 ], [ 17.75, 60.550000000000779 ], [ 17.75, 60.750000000000774 ], [ 17.95, 60.750000000000774 ], [ 17.95, 60.550000000000779 ], [ 18.15, 60.550000000000779 ], [ 18.15, 60.150000000000773 ], [ 17.95, 60.150000000000773 ], [ 17.95, 59.750000000000767 ], [ 18.75, 59.750000000000767 ], [ 18.75, 59.150000000000773 ], [ 18.15, 59.150000000000773 ], [ 18.15, 58.750000000000767 ], [ 17.15, 58.750000000000767 ], [ 17.15, 58.550000000000765 ], [ 16.75, 58.550000000000765 ], [ 16.75, 58.750000000000767 ], [ 14.75, 58.750000000000767 ], [ 14.75, 58.350000000000769 ], [ 14.95, 58.350000000000769 ], [ 14.95, 58.150000000000773 ], [ 14.75, 58.150000000000773 ], [ 14.75, 57.750000000000767 ], [ 15.15, 57.750000000000767 ], [ 15.15, 57.350000000000762 ], [ 14.95, 57.350000000000762 ], [ 14.95, 56.95000000000077 ], [ 14.35, 56.95000000000077 ], [ 14.35, 57.150000000000766 ], [ 13.75, 57.150000000000766 ], [ 13.75, 56.95000000000077 ], [ 13.35, 56.95000000000077 ] ] ] } },
{ "type": "Feature", "properties": { "index": "East Baltic" }, "geometry": { "type": "MultiPolygon", "coordinates": [ [ [ [ 20.95, 55.750000000000767 ], [ 20.95, 56.95000000000077 ], [ 21.35, 56.95000000000077 ], [ 21.35, 57.350000000000762 ], [ 21.55, 57.350000000000762 ], [ 21.55, 57.550000000000765 ], [ 21.95, 57.550000000000765 ], [ 21.95, 57.750000000000767 ], [ 22.55, 57.750000000000767 ], [ 22.55, 57.550000000000765 ], [ 22.95, 57.550000000000765 ], [ 22.95, 57.350000000000762 ], [ 23.35, 57.350000000000762 ], [ 23.35, 57.150000000000766 ], [ 24.35, 57.150000000000766 ], [ 24.35, 57.550000000000765 ], [ 24.15, 57.550000000000765 ], [ 24.15, 57.95000000000077 ], [ 24.35, 57.95000000000077 ], [ 24.35, 58.150000000000773 ], [ 23.95, 58.150000000000773 ], [ 23.95, 58.350000000000769 ], [ 23.55, 58.350000000000769 ], [ 23.55, 58.550000000000765 ], [ 23.35, 58.550000000000765 ], [ 23.35, 58.350000000000769 ], [ 22.95, 58.350000000000769 ], [ 22.95, 58.150000000000773 ], [ 22.35, 58.150000000000773 ], [ 22.35, 57.95000000000077 ], [ 21.95, 57.95000000000077 ], [ 21.95, 58.150000000000773 ], [ 21.75, 58.150000000000773 ], [ 21.75, 58.550000000000765 ], [ 22.35, 58.550000000000765 ], [ 22.35, 58.95000000000077 ], [ 22.55, 58.95000000000077 ], [ 22.55, 59.150000000000773 ], [ 22.75, 59.150000000000773 ], [ 22.75, 58.95000000000077 ], [ 23.15, 58.95000000000077 ], [ 23.15, 59.150000000000773 ], [ 23.55, 59.150000000000773 ], [ 23.55, 59.350000000000776 ], [ 23.95, 59.350000000000776 ], [ 23.95, 59.550000000000772 ], [ 25.55, 59.550000000000772 ], [ 25.55, 59.750000000000767 ], [ 26.35, 59.750000000000767 ], [ 26.35, 59.550000000000772 ], [ 27.95, 59.550000000000772 ], [ 27.95, 59.750000000000767 ], [ 28.55, 59.750000000000767 ], [ 28.55, 59.95000000000077 ], [ 29.95, 59.95000000000077 ], [ 29.95, 57.95000000000077 ], [ 29.35, 57.95000000000077 ], [ 29.35, 57.550000000000765 ], [ 28.75, 57.550000000000765 ], [ 28.75, 57.750000000000767 ], [ 27.75, 57.750000000000767 ], [ 27.75, 57.150000000000766 ], [ 26.75, 57.150000000000766 ], [ 26.75, 56.750000000000767 ], [ 26.95, 56.750000000000767 ], [ 26.95, 56.550000000000765 ], [ 25.35, 56.550000000000765 ], [ 25.35, 56.350000000000762 ], [ 24.75, 56.350000000000762 ], [ 24.75, 55.950000000000763 ], [ 22.95, 55.950000000000763 ], [ 22.95, 55.750000000000767 ], [ 22.35, 55.750000000000767 ], [ 22.35, 55.350000000000762 ], [ 21.55, 55.350000000000762 ], [ 21.55, 55.150000000000759 ], [ 21.15, 55.150000000000759 ], [ 21.15, 55.750000000000767 ], [ 20.95, 55.750000000000767 ] ], [ [ 24.55, 58.150000000000773 ], [ 24.55, 58.350000000000769 ], [ 24.35, 58.350000000000769 ], [ 24.35, 58.150000000000773 ], [ 24.55, 58.150000000000773 ] ], [ [ 23.15, 58.750000000000767 ], [ 23.35, 58.750000000000767 ], [ 23.35, 58.95000000000077 ], [ 23.15, 58.95000000000077 ], [ 23.15, 58.750000000000767 ] ] ], [ [ [ 20.55, 60.150000000000773 ], [ 20.55, 59.95000000000077 ], [ 20.35, 59.95000000000077 ], [ 20.35, 60.150000000000773 ], [ 20.55, 60.150000000000773 ] ] ], [ [ [ 17.95, 59.750000000000767 ], [ 17.95, 60.150000000000773 ], [ 18.15, 60.150000000000773 ], [ 18.15, 60.350000000000776 ], [ 18.35, 60.350000000000776 ], [ 18.35, 60.550000000000779 ], [ 18.55, 60.550000000000779 ], [ 18.55, 60.350000000000776 ], [ 18.75, 60.350000000000776 ], [ 18.75, 60.150000000000773 ], [ 18.95, 60.150000000000773 ], [ 18.95, 59.550000000000772 ], [ 18.75, 59.550000000000772 ], [ 18.75, 59.750000000000767 ], [ 17.95, 59.750000000000767 ] ] ], [ [ [ 19.35, 60.350000000000776 ], [ 19.75, 60.350000000000776 ], [ 19.75, 60.550000000000779 ], [ 20.15, 60.550000000000779 ], [ 20.15, 60.350000000000776 ], [ 20.35, 60.350000000000776 ], [ 20.35, 60.150000000000773 ], [ 20.15, 60.150000000000773 ], [ 20.15, 59.95000000000077 ], [ 19.95, 59.95000000000077 ], [ 19.95, 60.150000000000773 ], [ 19.35, 60.150000000000773 ], [ 19.35, 60.350000000000776 ] ] ], [ [ [ 22.15, 60.150000000000773 ], [ 21.75, 60.150000000000773 ], [ 21.75, 60.550000000000779 ], [ 21.15, 60.550000000000779 ], [ 21.15, 61.150000000000773 ], [ 21.35, 61.150000000000773 ], [ 21.35, 61.350000000000776 ], [ 21.55, 61.350000000000776 ], [ 21.55, 61.550000000000779 ], [ 21.95, 61.550000000000779 ], [ 21.95, 61.750000000000774 ], [ 23.55, 61.750000000000774 ], [ 23.55, 61.350000000000776 ], [ 23.95, 61.350000000000776 ], [ 23.95, 60.95000000000077 ], [ 28.15, 60.95000000000077 ], [ 28.15, 61.150000000000773 ], [ 28.95, 61.150000000000773 ], [ 28.95, 61.350000000000776 ], [ 29.95, 61.350000000000776 ], [ 29.95, 60.150000000000773 ], [ 28.95, 60.150000000000773 ], [ 28.95, 60.350000000000776 ], [ 28.35, 60.350000000000776 ], [ 28.35, 60.550000000000779 ], [ 27.15, 60.550000000000779 ], [ 27.15, 60.350000000000776 ], [ 26.15, 60.350000000000776 ], [ 26.15, 60.150000000000773 ], [ 24.35, 60.150000000000773 ], [ 24.35, 59.95000000000077 ], [ 23.75, 59.95000000000077 ], [ 23.75, 59.750000000000767 ], [ 23.15, 59.750000000000767 ], [ 23.15, 59.95000000000077 ], [ 22.15, 59.95000000000077 ], [ 22.15, 60.150000000000773 ] ] ] ] } },
{ "type": "Feature", "properties": { "index": "West Baltic" }, "geometry": { "type": "MultiPolygon", "coordinates": [ [ [ [ 10.35, 54.950000000000763 ], [ 10.35, 54.75000000000076 ], [ 10.15, 54.75000000000076 ], [ 10.15, 54.950000000000763 ], [ 10.35, 54.950000000000763 ] ] ], [ [ [ 14.95, 55.350000000000762 ], [ 14.95, 55.150000000000759 ], [ 15.15, 55.150000000000759 ], [ 15.15, 54.950000000000763 ], [ 14.75, 54.950000000000763 ], [ 14.75, 55.350000000000762 ], [ 14.95, 55.350000000000762 ] ] ], [ [ [ 13.35, 52.750000000000753 ], [ 13.35, 52.950000000000756 ], [ 12.75, 52.950000000000756 ], [ 12.75, 53.150000000000759 ], [ 11.75, 53.150000000000759 ], [ 11.75, 52.950000000000756 ], [ 11.95, 52.950000000000756 ], [ 11.95, 52.750000000000753 ], [ 11.35, 52.750000000000753 ], [ 11.35, 52.950000000000756 ], [ 10.95, 52.950000000000756 ], [ 10.95, 53.150000000000759 ], [ 10.75, 53.150000000000759 ], [ 10.75, 53.350000000000762 ], [ 10.15, 53.350000000000762 ], [ 10.15, 53.150000000000759 ], [ 9.75, 53.150000000000759 ], [ 9.75, 52.950000000000756 ], [ 9.15, 52.950000000000756 ], [ 9.15, 53.150000000000759 ], [ 8.75, 53.150000000000759 ], [ 8.75, 53.550000000000765 ], [ 8.95, 53.550000000000765 ], [ 8.95, 53.950000000000756 ], [ 9.35, 53.950000000000756 ], [ 9.35, 54.150000000000759 ], [ 9.55, 54.150000000000759 ], [ 9.55, 54.550000000000765 ], [ 8.35, 54.550000000000765 ], [ 8.35, 54.75000000000076 ], [ 8.55, 54.75000000000076 ], [ 8.55, 55.150000000000759 ], [ 8.75, 55.150000000000759 ], [ 8.75, 55.350000000000762 ], [ 9.35, 55.350000000000762 ], [ 9.35, 55.550000000000765 ], [ 10.15, 55.550000000000765 ], [ 10.15, 55.750000000000767 ], [ 10.55, 55.750000000000767 ], [ 10.55, 55.550000000000765 ], [ 10.75, 55.550000000000765 ], [ 10.75, 54.950000000000763 ], [ 11.75, 54.950000000000763 ], [ 11.75, 55.150000000000759 ], [ 11.15, 55.150000000000759 ], [ 11.15, 55.550000000000765 ], [ 10.95, 55.550000000000765 ], [ 10.95, 55.750000000000767 ], [ 11.35, 55.750000000000767 ], [ 11.35, 55.950000000000763 ], [ 11.75, 55.950000000000763 ], [ 11.75, 56.150000000000766 ], [ 12.55, 56.150000000000766 ], [ 12.55, 56.550000000000765 ], [ 12.95, 56.550000000000765 ], [ 12.95, 56.750000000000767 ], [ 13.15, 56.750000000000767 ], [ 13.15, 56.95000000000077 ], [ 13.75, 56.95000000000077 ], [ 13.75, 57.150000000000766 ], [ 14.35, 57.150000000000766 ], [ 14.35, 56.95000000000077 ], [ 14.95, 56.95000000000077 ], [ 14.95, 57.350000000000762 ], [ 15.15, 57.350000000000762 ], [ 15.15, 57.750000000000767 ], [ 14.75, 57.750000000000767 ], [ 14.75, 58.150000000000773 ], [ 14.95, 58.150000000000773 ], [ 14.95, 58.350000000000769 ], [ 14.75, 58.350000000000769 ], [ 14.75, 58.750000000000767 ], [ 16.75, 58.750000000000767 ], [ 16.75, 58.550000000000765 ], [ 16.95, 58.550000000000765 ], [ 16.95, 57.95000000000077 ], [ 16.55, 57.95000000000077 ], [ 16.55, 57.550000000000765 ], [ 16.75, 57.550000000000765 ], [ 16.75, 57.150000000000766 ], [ 16.95, 57.150000000000766 ], [ 16.95, 57.350000000000762 ], [ 17.15, 57.350000000000762 ], [ 17.15, 56.95000000000077 ], [ 16.95, 56.95000000000077 ], [ 16.95, 56.750000000000767 ], [ 16.75, 56.750000000000767 ], [ 16.75, 56.550000000000765 ], [ 16.55, 56.550000000000765 ], [ 16.55, 56.350000000000762 ], [ 16.35, 56.350000000000762 ], [ 16.35, 56.550000000000765 ], [ 16.15, 56.550000000000765 ], [ 16.15, 56.150000000000766 ], [ 15.95, 56.150000000000766 ], [ 15.95, 55.950000000000763 ], [ 15.75, 55.950000000000763 ], [ 15.75, 56.150000000000766 ], [ 14.75, 56.150000000000766 ], [ 14.75, 55.950000000000763 ], [ 14.35, 55.950000000000763 ], [ 14.35, 55.350000000000762 ], [ 12.95, 55.350000000000762 ], [ 12.95, 55.550000000000765 ], [ 12.75, 55.550000000000765 ], [ 12.75, 55.750000000000767 ], [ 12.55, 55.750000000000767 ], [ 12.55, 55.550000000000765 ], [ 12.35, 55.550000000000765 ], [ 12.35, 55.150000000000759 ], [ 12.55, 55.150000000000759 ], [ 12.55, 54.950000000000763 ], [ 12.35, 54.950000000000763 ], [ 12.35, 54.75000000000076 ], [ 12.15, 54.75000000000076 ], [ 12.15, 54.550000000000765 ], [ 11.35, 54.550000000000765 ], [ 11.35, 54.350000000000762 ], [ 11.15, 54.350000000000762 ], [ 11.15, 53.950000000000756 ], [ 11.55, 53.950000000000756 ], [ 11.55, 54.150000000000759 ], [ 12.15, 54.150000000000759 ], [ 12.15, 54.350000000000762 ], [ 12.55, 54.350000000000762 ], [ 12.55, 54.550000000000765 ], [ 12.75, 54.550000000000765 ], [ 12.75, 54.350000000000762 ], [ 12.95, 54.350000000000762 ], [ 12.95, 54.550000000000765 ], [ 13.75, 54.550000000000765 ], [ 13.75, 54.350000000000762 ], [ 13.55, 54.350000000000762 ], [ 13.55, 54.150000000000759 ], [ 13.95, 54.150000000000759 ], [ 13.95, 53.950000000000756 ], [ 14.75, 53.950000000000756 ], [ 14.75, 54.150000000000759 ], [ 15.55, 54.150000000000759 ], [ 15.55, 54.350000000000762 ], [ 16.15, 54.350000000000762 ], [ 16.15, 54.550000000000765 ], [ 16.75, 54.550000000000765 ], [ 16.75, 54.75000000000076 ], [ 17.75, 54.75000000000076 ], [ 17.75, 54.950000000000763 ], [ 18.55, 54.950000000000763 ], [ 18.55, 54.550000000000765 ], [ 18.75, 54.550000000000765 ], [ 18.75, 54.350000000000762 ], [ 19.55, 54.350000000000762 ], [ 19.55, 54.550000000000765 ], [ 19.95, 54.550000000000765 ], [ 19.95, 54.950000000000763 ], [ 20.75, 54.950000000000763 ], [ 20.75, 54.150000000000759 ], [ 20.55, 54.150000000000759 ], [ 20.55, 53.75000000000076 ], [ 20.15, 53.75000000000076 ], [ 20.15, 53.550000000000765 ], [ 18.95, 53.550000000000765 ], [ 18.95, 53.350000000000762 ], [ 18.15, 53.350000000000762 ], [ 18.15, 53.550000000000765 ], [ 18.35, 53.550000000000765 ], [ 18.35, 53.75000000000076 ], [ 17.35, 53.75000000000076 ], [ 17.35, 53.550000000000765 ], [ 17.15, 53.550000000000765 ], [ 17.15, 53.350000000000762 ], [ 16.95, 53.350000000000762 ], [ 16.95, 53.150000000000759 ], [ 16.35, 53.150000000000759 ], [ 16.35, 52.950000000000756 ], [ 15.95, 52.950000000000756 ], [ 15.95, 52.750000000000753 ], [ 15.55, 52.750000000000753 ], [ 15.55, 52.550000000000757 ], [ 14.35, 52.550000000000757 ], [ 14.35, 52.350000000000762 ], [ 13.15, 52.350000000000762 ], [ 13.15, 52.750000000000753 ], [ 13.35, 52.750000000000753 ] ], [ [ 16.55, 57.150000000000766 ], [ 16.55, 56.95000000000077 ], [ 16.75, 56.95000000000077 ], [ 16.75, 57.150000000000766 ], [ 16.55, 57.150000000000766 ] ], [ [ 16.35, 56.95000000000077 ], [ 16.35, 56.750000000000767 ], [ 16.55, 56.750000000000767 ], [ 16.55, 56.95000000000077 ], [ 16.35, 56.95000000000077 ] ], [ [ 10.95, 54.550000000000765 ], [ 11.15, 54.550000000000765 ], [ 11.15, 54.75000000000076 ], [ 10.55, 54.75000000000076 ], [ 10.55, 54.950000000000763 ], [ 10.35, 54.950000000000763 ], [ 10.35, 55.150000000000759 ], [ 9.95, 55.150000000000759 ], [ 9.95, 54.75000000000076 ], [ 10.15, 54.75000000000076 ], [ 10.15, 54.550000000000765 ], [ 10.55, 54.550000000000765 ], [ 10.55, 54.350000000000762 ], [ 10.95, 54.350000000000762 ], [ 10.95, 54.550000000000765 ] ] ], [ [ [ 18.35, 57.750000000000767 ], [ 18.35, 57.95000000000077 ], [ 19.15, 57.95000000000077 ], [ 19.15, 57.750000000000767 ], [ 18.95, 57.750000000000767 ], [ 18.95, 57.350000000000762 ], [ 18.75, 57.350000000000762 ], [ 18.75, 57.150000000000766 ], [ 18.55, 57.150000000000766 ], [ 18.55, 56.95000000000077 ], [ 18.15, 56.95000000000077 ], [ 18.15, 57.750000000000767 ], [ 18.35, 57.750000000000767 ] ] ] ] } },
{ "type": "Feature", "properties": { "index": "Corsica + Sardinia" }, "geometry": { "type": "MultiPolygon", "coordinates": [ [ [ [ 8.75, 38.950000000000728 ], [ 8.35, 38.950000000000728 ], [ 8.35, 39.750000000000732 ], [ 8.55, 39.750000000000732 ], [ 8.55, 39.950000000000735 ], [ 8.35, 39.950000000000735 ], [ 8.35, 40.550000000000736 ], [ 8.15, 40.550000000000736 ], [ 8.15, 40.950000000000735 ], [ 8.95, 40.950000000000735 ], [ 8.95, 41.350000000000733 ], [ 8.75, 41.350000000000733 ], [ 8.75, 41.750000000000739 ], [ 8.55, 41.750000000000739 ], [ 8.55, 42.550000000000736 ], [ 8.95, 42.550000000000736 ], [ 8.95, 42.750000000000739 ], [ 9.35, 42.750000000000739 ], [ 9.35, 42.950000000000742 ], [ 9.55, 42.950000000000742 ], [ 9.55, 41.550000000000736 ], [ 9.35, 41.550000000000736 ], [ 9.35, 41.350000000000733 ], [ 9.15, 41.350000000000733 ], [ 9.15, 41.15000000000073 ], [ 9.55, 41.15000000000073 ], [ 9.55, 40.950000000000735 ], [ 9.75, 40.950000000000735 ], [ 9.75, 40.550000000000736 ], [ 9.95, 40.550000000000736 ], [ 9.95, 40.350000000000733 ], [ 9.75, 40.350000000000733 ], [ 9.75, 39.15000000000073 ], [ 8.95, 39.15000000000073 ], [ 8.95, 38.750000000000732 ], [ 8.75, 38.750000000000732 ], [ 8.75, 38.950000000000728 ] ] ], [ [ [ 9.95, 42.950000000000742 ], [ 10.55, 42.950000000000742 ], [ 10.55, 42.750000000000739 ], [ 9.95, 42.750000000000739 ], [ 9.95, 42.950000000000742 ] ] ] ] } },
{ "type": "Feature", "properties": { "index": "Tell Atlas" }, "geometry": { "type": "Polygon", "coordinates": [ [ [ 6.95, 35.550000000000722 ], [ 6.95, 35.750000000000725 ], [ 7.15, 35.750000000000725 ], [ 7.15, 35.950000000000728 ], [ 6.95, 35.950000000000728 ], [ 6.95, 36.150000000000723 ], [ 4.75, 36.150000000000723 ], [ 4.75, 36.950000000000728 ], [ 5.15, 36.950000000000728 ], [ 5.15, 36.750000000000725 ], [ 5.55, 36.750000000000725 ], [ 5.55, 36.950000000000728 ], [ 6.15, 36.950000000000728 ], [ 6.15, 37.15000000000073 ], [ 6.55, 37.15000000000073 ], [ 6.55, 36.950000000000728 ], [ 7.15, 36.950000000000728 ], [ 7.15, 37.15000000000073 ], [ 7.55, 37.15000000000073 ], [ 7.55, 36.950000000000728 ], [ 8.75, 36.950000000000728 ], [ 8.75, 37.15000000000073 ], [ 9.15, 37.15000000000073 ], [ 9.15, 37.350000000000726 ], [ 10.35, 37.350000000000726 ], [ 10.35, 37.15000000000073 ], [ 10.15, 37.15000000000073 ], [ 10.15, 36.950000000000728 ], [ 10.35, 36.950000000000728 ], [ 10.35, 36.750000000000725 ], [ 10.55, 36.750000000000725 ], [ 10.55, 36.950000000000728 ], [ 10.75, 36.950000000000728 ], [ 10.75, 37.15000000000073 ], [ 11.15, 37.15000000000073 ], [ 11.15, 36.750000000000725 ], [ 10.95, 36.750000000000725 ], [ 10.95, 36.350000000000726 ], [ 10.55, 36.350000000000726 ], [ 10.55, 35.950000000000728 ], [ 10.75, 35.950000000000728 ], [ 10.75, 35.750000000000725 ], [ 10.55, 35.750000000000725 ], [ 10.55, 35.550000000000722 ], [ 9.35, 35.550000000000722 ], [ 9.35, 35.750000000000725 ], [ 7.55, 35.750000000000725 ], [ 7.55, 35.550000000000722 ], [ 6.95, 35.550000000000722 ] ] ] } },
{ "type": "Feature", "properties": { "index": "Sicily + Calabria" }, "geometry": { "type": "Polygon", "coordinates": [ [ [ 14.75, 36.550000000000722 ], [ 14.75, 36.750000000000725 ], [ 14.35, 36.750000000000725 ], [ 14.35, 36.950000000000728 ], [ 14.15, 36.950000000000728 ], [ 14.15, 37.15000000000073 ], [ 13.55, 37.15000000000073 ], [ 13.55, 37.350000000000726 ], [ 13.15, 37.350000000000726 ], [ 13.15, 37.550000000000729 ], [ 12.35, 37.550000000000729 ], [ 12.35, 37.950000000000728 ], [ 12.55, 37.950000000000728 ], [ 12.55, 38.15000000000073 ], [ 15.15, 38.15000000000073 ], [ 15.15, 38.350000000000733 ], [ 15.95, 38.350000000000733 ], [ 15.95, 38.550000000000729 ], [ 15.75, 38.550000000000729 ], [ 15.75, 38.750000000000732 ], [ 16.35, 38.750000000000732 ], [ 16.35, 40.15000000000073 ], [ 16.75, 40.15000000000073 ], [ 16.75, 39.950000000000735 ], [ 16.55, 39.950000000000735 ], [ 16.55, 39.750000000000732 ], [ 16.75, 39.750000000000732 ], [ 16.75, 39.550000000000729 ], [ 17.15, 39.550000000000729 ], [ 17.15, 38.950000000000728 ], [ 16.95, 38.950000000000728 ], [ 16.95, 38.750000000000732 ], [ 16.55, 38.750000000000732 ], [ 16.55, 38.350000000000733 ], [ 16.35, 38.350000000000733 ], [ 16.35, 38.15000000000073 ], [ 16.15, 38.15000000000073 ], [ 16.15, 37.950000000000728 ], [ 15.55, 37.950000000000728 ], [ 15.55, 37.750000000000725 ], [ 15.35, 37.750000000000725 ], [ 15.35, 37.550000000000729 ], [ 15.15, 37.550000000000729 ], [ 15.15, 37.350000000000726 ], [ 15.35, 37.350000000000726 ], [ 15.35, 36.950000000000728 ], [ 15.15, 36.950000000000728 ], [ 15.15, 36.550000000000722 ], [ 14.75, 36.550000000000722 ] ] ] } },
{ "type": "Feature", "properties": { "index": "South Tunisia + East Algeria" }, "geometry": { "type": "Polygon", "coordinates": [ [ [ 3.95, 30.150000000000713 ], [ 3.95, 30.550000000000715 ], [ 4.35, 30.550000000000715 ], [ 4.35, 30.750000000000714 ], [ 4.55, 30.750000000000714 ], [ 4.55, 30.950000000000713 ], [ 4.75, 30.950000000000713 ], [ 4.75, 31.350000000000716 ], [ 4.35, 31.350000000000716 ], [ 4.35, 31.750000000000718 ], [ 4.75, 31.750000000000718 ], [ 4.75, 31.950000000000717 ], [ 4.95, 31.950000000000717 ], [ 4.95, 32.150000000000716 ], [ 5.75, 32.150000000000716 ], [ 5.75, 32.350000000000719 ], [ 5.95, 32.350000000000719 ], [ 5.95, 32.750000000000718 ], [ 6.15, 32.750000000000718 ], [ 6.15, 32.95000000000072 ], [ 6.35, 32.95000000000072 ], [ 6.35, 33.150000000000716 ], [ 5.95, 33.150000000000716 ], [ 5.95, 33.350000000000719 ], [ 5.75, 33.350000000000719 ], [ 5.75, 33.550000000000722 ], [ 5.35, 33.550000000000722 ], [ 5.35, 33.95000000000072 ], [ 5.55, 33.95000000000072 ], [ 5.55, 34.350000000000719 ], [ 6.55, 34.350000000000719 ], [ 6.55, 34.550000000000722 ], [ 6.35, 34.550000000000722 ], [ 6.35, 34.750000000000725 ], [ 6.55, 34.750000000000725 ], [ 6.55, 35.150000000000723 ], [ 6.15, 35.150000000000723 ], [ 6.15, 35.350000000000719 ], [ 5.75, 35.350000000000719 ], [ 5.75, 35.750000000000725 ], [ 5.55, 35.750000000000725 ], [ 5.55, 36.150000000000723 ], [ 6.95, 36.150000000000723 ], [ 6.95, 35.950000000000728 ], [ 7.15, 35.950000000000728 ], [ 7.15, 35.750000000000725 ], [ 6.95, 35.750000000000725 ], [ 6.95, 35.550000000000722 ], [ 7.55, 35.550000000000722 ], [ 7.55, 35.750000000000725 ], [ 9.35, 35.750000000000725 ], [ 9.35, 35.550000000000722 ], [ 10.55, 35.550000000000722 ], [ 10.55, 35.750000000000725 ], [ 10.95, 35.750000000000725 ], [ 10.95, 35.550000000000722 ], [ 11.15, 35.550000000000722 ], [ 11.15, 34.95000000000072 ], [ 10.75, 34.95000000000072 ], [ 10.75, 34.750000000000725 ], [ 10.55, 34.750000000000725 ], [ 10.55, 34.550000000000722 ], [ 10.15, 34.550000000000722 ], [ 10.15, 34.350000000000719 ], [ 9.95, 34.350000000000719 ], [ 9.95, 33.95000000000072 ], [ 10.35, 33.95000000000072 ], [ 10.35, 33.750000000000718 ], [ 10.55, 33.750000000000718 ], [ 10.55, 33.95000000000072 ], [ 10.95, 33.95000000000072 ], [ 10.95, 33.750000000000718 ], [ 10.75, 33.750000000000718 ], [ 10.75, 33.550000000000722 ], [ 10.95, 33.550000000000722 ], [ 10.95, 33.150000000000716 ], [ 10.75, 33.150000000000716 ], [ 10.75, 32.95000000000072 ], [ 10.35, 32.95000000000072 ], [ 10.35, 32.750000000000718 ], [ 10.55, 32.750000000000718 ], [ 10.55, 32.350000000000719 ], [ 10.35, 32.350000000000719 ], [ 10.35, 31.950000000000717 ], [ 10.55, 31.950000000000717 ], [ 10.55, 31.550000000000715 ], [ 10.15, 31.550000000000715 ], [ 10.15, 31.350000000000716 ], [ 9.95, 31.350000000000716 ], [ 9.95, 30.950000000000713 ], [ 9.75, 30.950000000000713 ], [ 9.75, 30.750000000000714 ], [ 9.55, 30.750000000000714 ], [ 9.55, 30.550000000000715 ], [ 9.15, 30.550000000000715 ], [ 9.15, 30.350000000000712 ], [ 8.95, 30.350000000000712 ], [ 8.95, 30.150000000000713 ], [ 3.95, 30.150000000000713 ] ] ] } },
{ "type": "Feature", "properties": { "index": "Central Algeria" }, "geometry": { "type": "Polygon", "coordinates": [ [ [ -2.05, 30.150000000000713 ], [ -2.05, 30.550000000000715 ], [ -1.85, 30.550000000000715 ], [ -1.85, 30.950000000000713 ], [ -1.65, 30.950000000000713 ], [ -1.65, 31.150000000000716 ], [ -0.25, 31.150000000000716 ], [ -0.25, 31.750000000000718 ], [ -0.05, 31.750000000000718 ], [ -0.05, 31.950000000000717 ], [ 0.15, 31.950000000000717 ], [ 0.15, 32.150000000000716 ], [ 0.55, 32.150000000000716 ], [ 0.55, 31.950000000000717 ], [ 0.95, 31.950000000000717 ], [ 0.95, 32.350000000000719 ], [ 1.15, 32.350000000000719 ], [ 1.15, 32.550000000000715 ], [ 1.55, 32.550000000000715 ], [ 1.55, 32.750000000000718 ], [ 1.75, 32.750000000000718 ], [ 1.75, 32.550000000000715 ], [ 2.15, 32.550000000000715 ], [ 2.15, 32.750000000000718 ], [ 2.35, 32.750000000000718 ], [ 2.35, 32.95000000000072 ], [ 2.75, 32.95000000000072 ], [ 2.75, 33.350000000000719 ], [ 3.15, 33.350000000000719 ], [ 3.15, 33.550000000000722 ], [ 3.35, 33.550000000000722 ], [ 3.35, 33.750000000000718 ], [ 3.95, 33.750000000000718 ], [ 3.95, 34.150000000000723 ], [ 4.55, 34.150000000000723 ], [ 4.55, 34.750000000000725 ], [ 4.75, 34.750000000000725 ], [ 4.75, 35.150000000000723 ], [ 6.55, 35.150000000000723 ], [ 6.55, 34.750000000000725 ], [ 6.35, 34.750000000000725 ], [ 6.35, 34.550000000000722 ], [ 6.55, 34.550000000000722 ], [ 6.55, 34.350000000000719 ], [ 5.55, 34.350000000000719 ], [ 5.55, 33.95000000000072 ], [ 5.35, 33.95000000000072 ], [ 5.35, 33.550000000000722 ], [ 5.75, 33.550000000000722 ], [ 5.75, 33.350000000000719 ], [ 5.95, 33.350000000000719 ], [ 5.95, 33.150000000000716 ], [ 6.35, 33.150000000000716 ], [ 6.35, 32.95000000000072 ], [ 6.15, 32.95000000000072 ], [ 6.15, 32.750000000000718 ], [ 5.95, 32.750000000000718 ], [ 5.95, 32.350000000000719 ], [ 5.75, 32.350000000000719 ], [ 5.75, 32.150000000000716 ], [ 4.95, 32.150000000000716 ], [ 4.95, 31.950000000000717 ], [ 4.75, 31.950000000000717 ], [ 4.75, 31.750000000000718 ], [ 4.35, 31.750000000000718 ], [ 4.35, 31.350000000000716 ], [ 4.75, 31.350000000000716 ], [ 4.75, 30.950000000000713 ], [ 4.55, 30.950000000000713 ], [ 4.55, 30.750000000000714 ], [ 4.35, 30.750000000000714 ], [ 4.35, 30.550000000000715 ], [ 3.95, 30.550000000000715 ], [ 3.95, 30.150000000000713 ], [ -2.05, 30.150000000000713 ] ] ] } },
{ "type": "Feature", "properties": { "index": "West Algeria + Balearics" }, "geometry": { "type": "MultiPolygon", "coordinates": [ [ [ [ 0.15, 32.150000000000716 ], [ 0.15, 32.550000000000715 ], [ -0.25, 32.550000000000715 ], [ -0.25, 32.750000000000718 ], [ -1.05, 32.750000000000718 ], [ -1.05, 32.550000000000715 ], [ -1.85, 32.550000000000715 ], [ -1.85, 32.750000000000718 ], [ -2.45, 32.750000000000718 ], [ -2.45, 32.95000000000072 ], [ -2.85, 32.95000000000072 ], [ -2.85, 33.150000000000716 ], [ -3.65, 33.150000000000716 ], [ -3.65, 33.550000000000722 ], [ -3.45, 33.550000000000722 ], [ -3.45, 33.750000000000718 ], [ -2.65, 33.750000000000718 ], [ -2.65, 33.95000000000072 ], [ -2.45, 33.95000000000072 ], [ -2.45, 34.150000000000723 ], [ -1.85, 34.150000000000723 ], [ -1.85, 34.350000000000719 ], [ -1.45, 34.350000000000719 ], [ -1.45, 34.550000000000722 ], [ -1.85, 34.550000000000722 ], [ -1.85, 34.95000000000072 ], [ -1.25, 34.95000000000072 ], [ -1.25, 35.750000000000725 ], [ -0.65, 35.750000000000725 ], [ -0.65, 35.950000000000728 ], [ -0.25, 35.950000000000728 ], [ -0.25, 35.750000000000725 ], [ -0.05, 35.750000000000725 ], [ -0.05, 35.950000000000728 ], [ 0.15, 35.950000000000728 ], [ 0.15, 36.350000000000726 ], [ 0.75, 36.350000000000726 ], [ 0.75, 36.550000000000722 ], [ 1.95, 36.550000000000722 ], [ 1.95, 36.750000000000725 ], [ 2.75, 36.750000000000725 ], [ 2.75, 36.950000000000728 ], [ 3.15, 36.950000000000728 ], [ 3.15, 36.750000000000725 ], [ 3.55, 36.750000000000725 ], [ 3.55, 36.950000000000728 ], [ 4.75, 36.950000000000728 ], [ 4.75, 36.150000000000723 ], [ 5.55, 36.150000000000723 ], [ 5.55, 35.750000000000725 ], [ 5.75, 35.750000000000725 ], [ 5.75, 35.350000000000719 ], [ 6.15, 35.350000000000719 ], [ 6.15, 35.150000000000723 ], [ 4.75, 35.150000000000723 ], [ 4.75, 34.750000000000725 ], [ 4.55, 34.750000000000725 ], [ 4.55, 34.150000000000723 ], [ 3.95, 34.150000000000723 ], [ 3.95, 33.750000000000718 ], [ 3.35, 33.750000000000718 ], [ 3.35, 33.550000000000722 ], [ 3.15, 33.550000000000722 ], [ 3.15, 33.350000000000719 ], [ 2.75, 33.350000000000719 ], [ 2.75, 32.95000000000072 ], [ 2.35, 32.95000000000072 ], [ 2.35, 32.750000000000718 ], [ 2.15, 32.750000000000718 ], [ 2.15, 32.550000000000715 ], [ 1.75, 32.550000000000715 ], [ 1.75, 32.750000000000718 ], [ 1.55, 32.750000000000718 ], [ 1.55, 32.550000000000715 ], [ 1.15, 32.550000000000715 ], [ 1.15, 32.350000000000719 ], [ 0.95, 32.350000000000719 ], [ 0.95, 31.950000000000717 ], [ 0.55, 31.950000000000717 ], [ 0.55, 32.150000000000716 ], [ 0.15, 32.150000000000716 ] ] ], [ [ [ 1.15, 38.950000000000728 ], [ 1.15, 39.15000000000073 ], [ 1.55, 39.15000000000073 ], [ 1.55, 38.750000000000732 ], [ 1.35, 38.750000000000732 ], [ 1.35, 38.950000000000728 ], [ 1.15, 38.950000000000728 ] ] ], [ [ [ 2.55, 39.350000000000733 ], [ 2.55, 39.550000000000729 ], [ 2.35, 39.550000000000729 ], [ 2.35, 39.750000000000732 ], [ 2.75, 39.750000000000732 ], [ 2.75, 39.950000000000735 ], [ 3.15, 39.950000000000735 ], [ 3.15, 39.750000000000732 ], [ 3.55, 39.750000000000732 ], [ 3.55, 39.550000000000729 ], [ 3.35, 39.550000000000729 ], [ 3.35, 39.350000000000733 ], [ 3.15, 39.350000000000733 ], [ 3.15, 39.15000000000073 ], [ 2.95, 39.15000000000073 ], [ 2.95, 39.350000000000733 ], [ 2.55, 39.350000000000733 ] ] ], [ [ [ 3.75, 39.950000000000735 ], [ 3.75, 40.15000000000073 ], [ 4.35, 40.15000000000073 ], [ 4.35, 39.750000000000732 ], [ 3.95, 39.750000000000732 ], [ 3.95, 39.950000000000735 ], [ 3.75, 39.950000000000735 ] ] ] ] } },
{ "type": "Feature", "properties": { "index": "South Morocco + South West Algeria" }, "geometry": { "type": "MultiPolygon", "coordinates": [ [ [ [ -9.45, 30.550000000000715 ], [ -9.85, 30.550000000000715 ], [ -9.85, 30.750000000000714 ], [ -9.65, 30.750000000000714 ], [ -9.65, 31.550000000000715 ], [ -9.45, 31.550000000000715 ], [ -9.45, 31.950000000000717 ], [ -9.25, 31.950000000000717 ], [ -9.25, 32.150000000000716 ], [ -9.05, 32.150000000000716 ], [ -9.05, 32.350000000000719 ], [ -9.25, 32.350000000000719 ], [ -9.25, 32.550000000000715 ], [ -9.05, 32.550000000000715 ], [ -9.05, 32.750000000000718 ], [ -8.85, 32.750000000000718 ], [ -8.85, 32.550000000000715 ], [ -8.45, 32.550000000000715 ], [ -8.45, 32.750000000000718 ], [ -8.25, 32.750000000000718 ], [ -8.25, 32.350000000000719 ], [ -7.65, 32.350000000000719 ], [ -7.65, 31.950000000000717 ], [ -7.85, 31.950000000000717 ], [ -7.85, 31.750000000000718 ], [ -8.25, 31.750000000000718 ], [ -8.25, 31.550000000000715 ], [ -7.85, 31.550000000000715 ], [ -7.85, 31.350000000000716 ], [ -7.45, 31.350000000000716 ], [ -7.45, 31.550000000000715 ], [ -7.25, 31.550000000000715 ], [ -7.25, 31.750000000000718 ], [ -6.65, 31.750000000000718 ], [ -6.65, 31.950000000000717 ], [ -5.85, 31.950000000000717 ], [ -5.85, 32.150000000000716 ], [ -5.65, 32.150000000000716 ], [ -5.65, 32.350000000000719 ], [ -5.05, 32.350000000000719 ], [ -5.05, 32.550000000000715 ], [ -4.85, 32.550000000000715 ], [ -4.85, 32.95000000000072 ], [ -4.65, 32.95000000000072 ], [ -4.65, 33.150000000000716 ], [ -4.45, 33.150000000000716 ], [ -4.45, 33.350000000000719 ], [ -3.65, 33.350000000000719 ], [ -3.65, 33.150000000000716 ], [ -2.85, 33.150000000000716 ], [ -2.85, 32.95000000000072 ], [ -2.45, 32.95000000000072 ], [ -2.45, 32.750000000000718 ], [ -1.85, 32.750000000000718 ], [ -1.85, 32.550000000000715 ], [ -1.05, 32.550000000000715 ], [ -1.05, 32.750000000000718 ], [ -0.25, 32.750000000000718 ], [ -0.25, 32.550000000000715 ], [ 0.15, 32.550000000000715 ], [ 0.15, 31.950000000000717 ], [ -0.05, 31.950000000000717 ], [ -0.05, 31.750000000000718 ], [ -0.25, 31.750000000000718 ], [ -0.25, 31.150000000000716 ], [ -1.65, 31.150000000000716 ], [ -1.65, 30.950000000000713 ], [ -1.85, 30.950000000000713 ], [ -1.85, 30.550000000000715 ], [ -2.05, 30.550000000000715 ], [ -2.05, 30.150000000000713 ], [ -9.45, 30.150000000000713 ], [ -9.45, 30.550000000000715 ] ] ], [ [ [ -7.65, 32.550000000000715 ], [ -7.25, 32.550000000000715 ], [ -7.25, 32.350000000000719 ], [ -7.65, 32.350000000000719 ], [ -7.65, 32.550000000000715 ] ] ] ] } },
{ "type": "Feature", "properties": { "index": "South East Spain + North Morocco" }, "geometry": { "type": "MultiPolygon", "coordinates": [ [ [ [ -7.85, 31.550000000000715 ], [ -8.25, 31.550000000000715 ], [ -8.25, 31.750000000000718 ], [ -7.85, 31.750000000000718 ], [ -7.85, 31.950000000000717 ], [ -7.65, 31.950000000000717 ], [ -7.65, 32.350000000000719 ], [ -8.25, 32.350000000000719 ], [ -8.25, 32.750000000000718 ], [ -8.45, 32.750000000000718 ], [ -8.45, 32.550000000000715 ], [ -8.85, 32.550000000000715 ], [ -8.85, 32.95000000000072 ], [ -8.65, 32.95000000000072 ], [ -8.65, 33.150000000000716 ], [ -8.45, 33.150000000000716 ], [ -8.45, 33.350000000000719 ], [ -8.05, 33.350000000000719 ], [ -8.05, 33.550000000000722 ], [ -7.65, 33.550000000000722 ], [ -7.65, 33.750000000000718 ], [ -7.25, 33.750000000000718 ], [ -7.25, 33.95000000000072 ], [ -6.85, 33.95000000000072 ], [ -6.85, 34.150000000000723 ], [ -6.65, 34.150000000000723 ], [ -6.65, 34.350000000000719 ], [ -6.45, 34.350000000000719 ], [ -6.45, 34.550000000000722 ], [ -6.05, 34.550000000000722 ], [ -6.05, 34.750000000000725 ], [ -5.05, 34.750000000000725 ], [ -5.05, 34.95000000000072 ], [ -4.85, 34.95000000000072 ], [ -4.85, 35.150000000000723 ], [ -5.05, 35.150000000000723 ], [ -5.05, 35.350000000000719 ], [ -4.45, 35.350000000000719 ], [ -4.45, 35.150000000000723 ], [ -4.25, 35.150000000000723 ], [ -4.25, 35.350000000000719 ], [ -2.85, 35.350000000000719 ], [ -2.85, 35.150000000000723 ], [ -1.65, 35.150000000000723 ], [ -1.65, 35.350000000000719 ], [ -1.25, 35.350000000000719 ], [ -1.25, 34.95000000000072 ], [ -1.85, 34.95000000000072 ], [ -1.85, 34.550000000000722 ], [ -1.45, 34.550000000000722 ], [ -1.45, 34.350000000000719 ], [ -1.85, 34.350000000000719 ], [ -1.85, 34.150000000000723 ], [ -2.45, 34.150000000000723 ], [ -2.45, 33.95000000000072 ], [ -2.65, 33.95000000000072 ], [ -2.65, 33.750000000000718 ], [ -3.45, 33.750000000000718 ], [ -3.45, 33.550000000000722 ], [ -3.65, 33.550000000000722 ], [ -3.65, 33.350000000000719 ], [ -4.45, 33.350000000000719 ], [ -4.45, 33.150000000000716 ], [ -4.65, 33.150000000000716 ], [ -4.65, 32.95000000000072 ], [ -4.85, 32.95000000000072 ], [ -4.85, 32.550000000000715 ], [ -5.05, 32.550000000000715 ], [ -5.05, 32.350000000000719 ], [ -5.65, 32.350000000000719 ], [ -5.65, 32.150000000000716 ], [ -5.85, 32.150000000000716 ], [ -5.85, 31.950000000000717 ], [ -6.65, 31.950000000000717 ], [ -6.65, 31.750000000000718 ], [ -7.25, 31.750000000000718 ], [ -7.25, 31.550000000000715 ], [ -7.45, 31.550000000000715 ], [ -7.45, 31.350000000000716 ], [ -7.85, 31.350000000000716 ], [ -7.85, 31.550000000000715 ] ], [ [ -7.25, 32.350000000000719 ], [ -7.25, 32.550000000000715 ], [ -7.65, 32.550000000000715 ], [ -7.65, 32.350000000000719 ], [ -7.25, 32.350000000000719 ] ] ], [ [ [ -5.05, 35.550000000000722 ], [ -5.05, 35.350000000000719 ], [ -5.25, 35.350000000000719 ], [ -5.25, 35.550000000000722 ], [ -5.05, 35.550000000000722 ] ] ], [ [ [ -2.65, 36.950000000000728 ], [ -2.65, 37.550000000000729 ], [ -2.45, 37.550000000000729 ], [ -2.45, 38.350000000000733 ], [ -2.25, 38.350000000000733 ], [ -2.25, 38.750000000000732 ], [ -2.85, 38.750000000000732 ], [ -2.85, 39.15000000000073 ], [ -2.65, 39.15000000000073 ], [ -2.65, 39.750000000000732 ], [ -3.05, 39.750000000000732 ], [ -3.05, 40.15000000000073 ], [ -2.65, 40.15000000000073 ], [ -2.65, 40.350000000000733 ], [ -2.45, 40.350000000000733 ], [ -2.45, 40.750000000000732 ], [ -2.05, 40.750000000000732 ], [ -2.05, 40.950000000000735 ], [ -1.25, 40.950000000000735 ], [ -1.25, 40.350000000000733 ], [ -0.65, 40.350000000000733 ], [ -0.65, 40.550000000000736 ], [ -0.25, 40.550000000000736 ], [ -0.25, 40.750000000000732 ], [ 0.75, 40.750000000000732 ], [ 0.75, 40.550000000000736 ], [ 0.55, 40.550000000000736 ], [ 0.55, 40.350000000000733 ], [ 0.35, 40.350000000000733 ], [ 0.35, 40.15000000000073 ], [ 0.15, 40.15000000000073 ], [ 0.15, 39.950000000000735 ], [ -0.05, 39.950000000000735 ], [ -0.05, 39.550000000000729 ], [ -0.25, 39.550000000000729 ], [ -0.25, 39.350000000000733 ], [ -0.05, 39.350000000000733 ], [ -0.05, 38.950000000000728 ], [ 0.15, 38.950000000000728 ], [ 0.15, 38.550000000000729 ], [ -0.25, 38.550000000000729 ], [ -0.25, 38.350000000000733 ], [ -0.45, 38.350000000000733 ], [ -0.45, 38.15000000000073 ], [ -0.65, 38.15000000000073 ], [ -0.65, 37.750000000000725 ], [ -0.85, 37.750000000000725 ], [ -0.85, 37.550000000000729 ], [ -1.25, 37.550000000000729 ], [ -1.25, 37.350000000000726 ], [ -1.65, 37.350000000000726 ], [ -1.65, 37.15000000000073 ], [ -1.85, 37.15000000000073 ], [ -1.85, 36.750000000000725 ], [ -3.05, 36.750000000000725 ], [ -3.05, 36.950000000000728 ], [ -2.65, 36.950000000000728 ] ] ] ] } },
{ "type": "Feature", "properties": { "index": "North East Spain" }, "geometry": { "type": "Polygon", "coordinates": [ [ [ -1.25, 40.350000000000733 ], [ -1.25, 40.950000000000735 ], [ -2.05, 40.950000000000735 ], [ -2.05, 40.750000000000732 ], [ -2.45, 40.750000000000732 ], [ -2.45, 40.950000000000735 ], [ -3.65, 40.950000000000735 ], [ -3.65, 41.15000000000073 ], [ -3.85, 41.15000000000073 ], [ -3.85, 41.550000000000736 ], [ -4.25, 41.550000000000736 ], [ -4.25, 41.950000000000735 ], [ -3.85, 41.950000000000735 ], [ -3.85, 42.150000000000738 ], [ -4.05, 42.150000000000738 ], [ -4.05, 42.550000000000736 ], [ -4.25, 42.550000000000736 ], [ -4.25, 42.750000000000739 ], [ -4.45, 42.750000000000739 ], [ -4.45, 42.950000000000742 ], [ -3.05, 42.950000000000742 ], [ -3.05, 42.550000000000736 ], [ -2.45, 42.550000000000736 ], [ -2.45, 42.350000000000733 ], [ -2.05, 42.350000000000733 ], [ -2.05, 42.750000000000739 ], [ -1.65, 42.750000000000739 ], [ -1.65, 42.550000000000736 ], [ 0.15, 42.550000000000736 ], [ 0.15, 42.750000000000739 ], [ 0.75, 42.750000000000739 ], [ 0.75, 42.550000000000736 ], [ 2.75, 42.550000000000736 ], [ 2.75, 42.750000000000739 ], [ 3.15, 42.750000000000739 ], [ 3.15, 42.350000000000733 ], [ 3.35, 42.350000000000733 ], [ 3.35, 41.750000000000739 ], [ 2.95, 41.750000000000739 ], [ 2.95, 41.550000000000736 ], [ 2.55, 41.550000000000736 ], [ 2.55, 41.350000000000733 ], [ 2.15, 41.350000000000733 ], [ 2.15, 41.15000000000073 ], [ 1.35, 41.15000000000073 ], [ 1.35, 40.950000000000735 ], [ 0.95, 40.950000000000735 ], [ 0.95, 40.550000000000736 ], [ 0.75, 40.550000000000736 ], [ 0.75, 40.750000000000732 ], [ -0.25, 40.750000000000732 ], [ -0.25, 40.550000000000736 ], [ -0.65, 40.550000000000736 ], [ -0.65, 40.350000000000733 ], [ -1.25, 40.350000000000733 ] ] ] } },
{ "type": "Feature", "properties": { "index": "Southern France + Coastal North Spain" }, "geometry": { "type": "Polygon", "coordinates": [ [ [ -2.45, 42.350000000000733 ], [ -2.45, 42.550000000000736 ], [ -3.05, 42.550000000000736 ], [ -3.05, 42.950000000000742 ], [ -6.85, 42.950000000000742 ], [ -6.85, 43.150000000000738 ], [ -7.05, 43.150000000000738 ], [ -7.05, 43.550000000000736 ], [ -6.05, 43.550000000000736 ], [ -6.05, 43.750000000000739 ], [ -5.65, 43.750000000000739 ], [ -5.65, 43.550000000000736 ], [ -4.65, 43.550000000000736 ], [ -4.65, 43.35000000000074 ], [ -4.25, 43.35000000000074 ], [ -4.25, 43.550000000000736 ], [ -3.25, 43.550000000000736 ], [ -3.25, 43.35000000000074 ], [ -3.05, 43.35000000000074 ], [ -3.05, 43.550000000000736 ], [ -2.65, 43.550000000000736 ], [ -2.65, 43.35000000000074 ], [ -1.65, 43.35000000000074 ], [ -1.65, 43.550000000000736 ], [ -1.45, 43.550000000000736 ], [ -1.45, 43.750000000000739 ], [ -1.05, 43.750000000000739 ], [ -1.05, 44.150000000000745 ], [ -1.25, 44.150000000000745 ], [ -1.25, 44.550000000000743 ], [ -1.05, 44.550000000000743 ], [ -1.05, 44.750000000000739 ], [ -0.85, 44.750000000000739 ], [ -0.85, 45.150000000000745 ], [ -0.65, 45.150000000000745 ], [ -0.65, 44.950000000000742 ], [ 0.15, 44.950000000000742 ], [ 0.15, 45.150000000000745 ], [ 0.95, 45.150000000000745 ], [ 0.95, 45.550000000000743 ], [ 1.55, 45.550000000000743 ], [ 1.55, 46.150000000000745 ], [ 1.35, 46.150000000000745 ], [ 1.35, 46.350000000000747 ], [ 1.75, 46.350000000000747 ], [ 1.75, 46.750000000000746 ], [ 3.35, 46.750000000000746 ], [ 3.35, 46.950000000000742 ], [ 4.15, 46.950000000000742 ], [ 4.15, 46.750000000000746 ], [ 4.35, 46.750000000000746 ], [ 4.35, 46.950000000000742 ], [ 4.55, 46.950000000000742 ], [ 4.55, 47.150000000000745 ], [ 4.95, 47.150000000000745 ], [ 4.95, 46.950000000000742 ], [ 5.15, 46.950000000000742 ], [ 5.15, 46.750000000000746 ], [ 4.95, 46.750000000000746 ], [ 4.95, 46.55000000000075 ], [ 5.15, 46.55000000000075 ], [ 5.15, 46.150000000000745 ], [ 5.35, 46.150000000000745 ], [ 5.35, 45.750000000000746 ], [ 5.15, 45.750000000000746 ], [ 5.15, 45.150000000000745 ], [ 5.35, 45.150000000000745 ], [ 5.35, 44.750000000000739 ], [ 5.75, 44.750000000000739 ], [ 5.75, 45.150000000000745 ], [ 6.55, 45.150000000000745 ], [ 6.55, 45.350000000000747 ], [ 6.95, 45.350000000000747 ], [ 6.95, 45.550000000000743 ], [ 7.15, 45.550000000000743 ], [ 7.15, 45.750000000000746 ], [ 7.35, 45.750000000000746 ], [ 7.35, 45.950000000000742 ], [ 7.55, 45.950000000000742 ], [ 7.55, 46.150000000000745 ], [ 7.75, 46.150000000000745 ], [ 7.75, 45.750000000000746 ], [ 7.95, 45.750000000000746 ], [ 7.95, 45.550000000000743 ], [ 8.75, 45.550000000000743 ], [ 8.75, 44.750000000000739 ], [ 9.15, 44.750000000000739 ], [ 9.15, 44.35000000000074 ], [ 8.55, 44.35000000000074 ], [ 8.55, 44.150000000000745 ], [ 8.35, 44.150000000000745 ], [ 8.35, 43.950000000000742 ], [ 8.15, 43.950000000000742 ], [ 8.15, 43.750000000000739 ], [ 7.35, 43.750000000000739 ], [ 7.35, 43.550000000000736 ], [ 6.95, 43.550000000000736 ], [ 6.95, 43.35000000000074 ], [ 6.75, 43.35000000000074 ], [ 6.75, 43.150000000000738 ], [ 6.35, 43.150000000000738 ], [ 6.35, 42.950000000000742 ], [ 5.75, 42.950000000000742 ], [ 5.75, 43.150000000000738 ], [ 5.35, 43.150000000000738 ], [ 5.35, 43.35000000000074 ], [ 4.55, 43.35000000000074 ], [ 4.55, 43.550000000000736 ], [ 4.35, 43.550000000000736 ], [ 4.35, 43.35000000000074 ], [ 4.15, 43.35000000000074 ], [ 4.15, 43.550000000000736 ], [ 3.95, 43.550000000000736 ], [ 3.95, 43.35000000000074 ], [ 3.55, 43.35000000000074 ], [ 3.55, 43.150000000000738 ], [ 3.15, 43.150000000000738 ], [ 3.15, 42.750000000000739 ], [ 2.75, 42.750000000000739 ], [ 2.75, 42.550000000000736 ], [ 0.75, 42.550000000000736 ], [ 0.75, 42.750000000000739 ], [ 0.15, 42.750000000000739 ], [ 0.15, 42.550000000000736 ], [ -1.65, 42.550000000000736 ], [ -1.65, 42.750000000000739 ], [ -2.05, 42.750000000000739 ], [ -2.05, 42.350000000000733 ], [ -2.45, 42.350000000000733 ] ] ] } },
{ "type": "Feature", "properties": { "index": "NW Iberia" }, "geometry": { "type": "Polygon", "coordinates": [ [ [ -8.45, 39.950000000000735 ], [ -8.45, 41.15000000000073 ], [ -8.65, 41.15000000000073 ], [ -8.65, 41.550000000000736 ], [ -8.85, 41.550000000000736 ], [ -8.85, 41.950000000000735 ], [ -8.65, 41.950000000000735 ], [ -8.65, 42.350000000000733 ], [ -8.85, 42.350000000000733 ], [ -8.85, 42.750000000000739 ], [ -9.05, 42.750000000000739 ], [ -9.05, 43.150000000000738 ], [ -8.85, 43.150000000000738 ], [ -8.85, 43.35000000000074 ], [ -8.05, 43.35000000000074 ], [ -8.05, 43.750000000000739 ], [ -7.25, 43.750000000000739 ], [ -7.25, 43.550000000000736 ], [ -7.05, 43.550000000000736 ], [ -7.05, 43.150000000000738 ], [ -6.85, 43.150000000000738 ], [ -6.85, 42.950000000000742 ], [ -4.45, 42.950000000000742 ], [ -4.45, 42.750000000000739 ], [ -4.25, 42.750000000000739 ], [ -4.25, 42.550000000000736 ], [ -4.05, 42.550000000000736 ], [ -4.05, 42.150000000000738 ], [ -3.85, 42.150000000000738 ], [ -3.85, 41.950000000000735 ], [ -4.25, 41.950000000000735 ], [ -4.25, 41.550000000000736 ], [ -3.85, 41.550000000000736 ], [ -3.85, 41.15000000000073 ], [ -3.65, 41.15000000000073 ], [ -3.65, 40.950000000000735 ], [ -3.85, 40.950000000000735 ], [ -3.85, 40.750000000000732 ], [ -4.05, 40.750000000000732 ], [ -4.05, 40.550000000000736 ], [ -7.45, 40.550000000000736 ], [ -7.45, 40.350000000000733 ], [ -7.85, 40.350000000000733 ], [ -7.85, 40.15000000000073 ], [ -8.05, 40.15000000000073 ], [ -8.05, 39.950000000000735 ], [ -8.45, 39.950000000000735 ] ] ] } },
{ "type": "Feature", "properties": { "index": "SW Iberia + Tangier-Tétouan" }, "geometry": { "type": "MultiPolygon", "coordinates": [ [ [ [ -8.85, 37.15000000000073 ], [ -8.65, 37.15000000000073 ], [ -8.65, 36.950000000000728 ], [ -8.85, 36.950000000000728 ], [ -8.85, 37.15000000000073 ] ] ], [ [ [ -6.25, 34.95000000000072 ], [ -6.05, 34.95000000000072 ], [ -6.05, 35.350000000000719 ], [ -5.85, 35.350000000000719 ], [ -5.85, 35.750000000000725 ], [ -5.65, 35.750000000000725 ], [ -5.65, 36.150000000000723 ], [ -5.85, 36.150000000000723 ], [ -5.85, 36.550000000000722 ], [ -6.25, 36.550000000000722 ], [ -6.25, 36.950000000000728 ], [ -6.85, 36.950000000000728 ], [ -6.85, 37.15000000000073 ], [ -7.65, 37.15000000000073 ], [ -7.65, 36.950000000000728 ], [ -8.25, 36.950000000000728 ], [ -8.25, 37.15000000000073 ], [ -8.65, 37.15000000000073 ], [ -8.65, 38.350000000000733 ], [ -9.05, 38.350000000000733 ], [ -9.05, 38.550000000000729 ], [ -9.25, 38.550000000000729 ], [ -9.25, 39.350000000000733 ], [ -9.05, 39.350000000000733 ], [ -9.05, 39.550000000000729 ], [ -8.85, 39.550000000000729 ], [ -8.85, 40.15000000000073 ], [ -8.65, 40.15000000000073 ], [ -8.65, 40.350000000000733 ], [ -8.45, 40.350000000000733 ], [ -8.45, 39.950000000000735 ], [ -8.05, 39.950000000000735 ], [ -8.05, 40.15000000000073 ], [ -7.85, 40.15000000000073 ], [ -7.85, 40.350000000000733 ], [ -7.45, 40.350000000000733 ], [ -7.45, 40.550000000000736 ], [ -4.05, 40.550000000000736 ], [ -4.05, 40.750000000000732 ], [ -3.85, 40.750000000000732 ], [ -3.85, 40.950000000000735 ], [ -2.45, 40.950000000000735 ], [ -2.45, 40.350000000000733 ], [ -2.65, 40.350000000000733 ], [ -2.65, 40.15000000000073 ], [ -3.05, 40.15000000000073 ], [ -3.05, 39.750000000000732 ], [ -2.65, 39.750000000000732 ], [ -2.65, 39.15000000000073 ], [ -2.85, 39.15000000000073 ], [ -2.85, 38.750000000000732 ], [ -2.25, 38.750000000000732 ], [ -2.25, 38.350000000000733 ], [ -2.45, 38.350000000000733 ], [ -2.45, 37.550000000000729 ], [ -2.65, 37.550000000000729 ], [ -2.65, 36.950000000000728 ], [ -3.05, 36.950000000000728 ], [ -3.05, 36.750000000000725 ], [ -4.25, 36.750000000000725 ], [ -4.25, 36.550000000000722 ], [ -4.65, 36.550000000000722 ], [ -4.65, 36.350000000000726 ], [ -5.25, 36.350000000000726 ], [ -5.25, 36.150000000000723 ], [ -5.45, 36.150000000000723 ], [ -5.45, 35.950000000000728 ], [ -5.25, 35.950000000000728 ], [ -5.25, 35.350000000000719 ], [ -5.05, 35.350000000000719 ], [ -5.05, 35.150000000000723 ], [ -4.85, 35.150000000000723 ], [ -4.85, 34.95000000000072 ], [ -5.05, 34.95000000000072 ], [ -5.05, 34.750000000000725 ], [ -6.05, 34.750000000000725 ], [ -6.05, 34.550000000000722 ], [ -6.25, 34.550000000000722 ], [ -6.25, 34.95000000000072 ] ] ] ] } },
{ "type": "Feature", "properties": { "index": "West France + South England" }, "geometry": { "type": "MultiPolygon", "coordinates": [ [ [ [ -0.65, 45.150000000000745 ], [ -1.05, 45.150000000000745 ], [ -1.05, 45.950000000000742 ], [ -0.85, 45.950000000000742 ], [ -0.85, 46.350000000000747 ], [ -1.65, 46.350000000000747 ], [ -1.65, 46.55000000000075 ], [ -1.85, 46.55000000000075 ], [ -1.85, 46.750000000000746 ], [ -2.05, 46.750000000000746 ], [ -2.05, 47.150000000000745 ], [ -2.25, 47.150000000000745 ], [ -2.25, 47.55000000000075 ], [ -3.25, 47.55000000000075 ], [ -3.25, 47.750000000000753 ], [ -4.25, 47.750000000000753 ], [ -4.25, 48.350000000000747 ], [ -4.65, 48.350000000000747 ], [ -4.65, 48.55000000000075 ], [ -4.45, 48.55000000000075 ], [ -4.45, 48.750000000000753 ], [ -3.45, 48.750000000000753 ], [ -3.45, 48.950000000000749 ], [ -2.85, 48.950000000000749 ], [ -2.85, 48.750000000000753 ], [ -1.65, 48.750000000000753 ], [ -1.65, 48.950000000000749 ], [ -1.45, 48.950000000000749 ], [ -1.45, 49.150000000000752 ], [ -1.65, 49.150000000000752 ], [ -1.65, 49.350000000000747 ], [ -1.85, 49.350000000000747 ], [ -1.85, 49.55000000000075 ], [ -1.65, 49.55000000000075 ], [ -1.65, 49.750000000000753 ], [ -1.25, 49.750000000000753 ], [ -1.25, 49.55000000000075 ], [ -0.85, 49.55000000000075 ], [ -0.85, 49.350000000000747 ], [ -0.05, 49.350000000000747 ], [ -0.05, 49.750000000000753 ], [ 0.95, 49.750000000000753 ], [ 0.95, 49.950000000000756 ], [ 2.35, 49.950000000000756 ], [ 2.35, 49.750000000000753 ], [ 3.35, 49.750000000000753 ], [ 3.35, 49.350000000000747 ], [ 4.75, 49.350000000000747 ], [ 4.75, 48.950000000000749 ], [ 4.15, 48.950000000000749 ], [ 4.15, 48.350000000000747 ], [ 5.15, 48.350000000000747 ], [ 5.15, 48.150000000000745 ], [ 4.95, 48.150000000000745 ], [ 4.95, 47.750000000000753 ], [ 5.55, 47.750000000000753 ], [ 5.55, 47.150000000000745 ], [ 5.35, 47.150000000000745 ], [ 5.35, 46.950000000000742 ], [ 4.95, 46.950000000000742 ], [ 4.95, 47.150000000000745 ], [ 4.55, 47.150000000000745 ], [ 4.55, 46.950000000000742 ], [ 4.35, 46.950000000000742 ], [ 4.35, 46.750000000000746 ], [ 4.15, 46.750000000000746 ], [ 4.15, 46.950000000000742 ], [ 3.35, 46.950000000000742 ], [ 3.35, 46.750000000000746 ], [ 1.75, 46.750000000000746 ], [ 1.75, 46.350000000000747 ], [ 1.35, 46.350000000000747 ], [ 1.35, 46.150000000000745 ], [ 1.55, 46.150000000000745 ], [ 1.55, 45.550000000000743 ], [ 0.95, 45.550000000000743 ], [ 0.95, 45.150000000000745 ], [ 0.15, 45.150000000000745 ], [ 0.15, 44.950000000000742 ], [ -0.65, 44.950000000000742 ], [ -0.65, 45.150000000000745 ] ] ], [ [ [ -2.25, 51.150000000000759 ], [ -1.85, 51.150000000000759 ], [ -1.85, 51.350000000000755 ], [ -1.05, 51.350000000000755 ], [ -1.05, 51.55000000000075 ], [ -0.65, 51.55000000000075 ], [ -0.65, 51.750000000000753 ], [ 0.55, 51.750000000000753 ], [ 0.55, 51.55000000000075 ], [ 0.95, 51.55000000000075 ], [ 0.95, 51.350000000000755 ], [ 1.35, 51.350000000000755 ], [ 1.35, 51.150000000000759 ], [ 1.15, 51.150000000000759 ], [ 1.15, 50.950000000000756 ], [ 0.75, 50.950000000000756 ], [ 0.75, 50.750000000000753 ], [ -1.25, 50.750000000000753 ], [ -1.25, 50.55000000000075 ], [ -1.65, 50.55000000000075 ], [ -1.65, 50.750000000000753 ], [ -1.85, 50.750000000000753 ], [ -1.85, 50.55000000000075 ], [ -2.25, 50.55000000000075 ], [ -2.25, 51.150000000000759 ] ] ] ] } },
{ "type": "Feature", "properties": { "index": "Low Countries + Western Germany" }, "geometry": { "type": "Polygon", "coordinates": [ [ [ 4.95, 47.750000000000753 ], [ 4.95, 48.150000000000745 ], [ 5.15, 48.150000000000745 ], [ 5.15, 48.350000000000747 ], [ 4.15, 48.350000000000747 ], [ 4.15, 48.950000000000749 ], [ 4.75, 48.950000000000749 ], [ 4.75, 49.350000000000747 ], [ 3.35, 49.350000000000747 ], [ 3.35, 49.750000000000753 ], [ 2.35, 49.750000000000753 ], [ 2.35, 49.950000000000756 ], [ 1.35, 49.950000000000756 ], [ 1.35, 50.150000000000752 ], [ 1.55, 50.150000000000752 ], [ 1.55, 50.350000000000755 ], [ 1.35, 50.350000000000755 ], [ 1.35, 50.750000000000753 ], [ 1.55, 50.750000000000753 ], [ 1.55, 50.950000000000756 ], [ 1.95, 50.950000000000756 ], [ 1.95, 51.150000000000759 ], [ 2.75, 51.150000000000759 ], [ 2.75, 51.350000000000755 ], [ 3.35, 51.350000000000755 ], [ 3.35, 51.55000000000075 ], [ 3.55, 51.55000000000075 ], [ 3.55, 51.750000000000753 ], [ 3.95, 51.750000000000753 ], [ 3.95, 52.150000000000759 ], [ 4.35, 52.150000000000759 ], [ 4.35, 52.350000000000762 ], [ 4.55, 52.350000000000762 ], [ 4.55, 52.950000000000756 ], [ 4.75, 52.950000000000756 ], [ 4.75, 53.150000000000759 ], [ 4.95, 53.150000000000759 ], [ 4.95, 52.950000000000756 ], [ 5.15, 52.950000000000756 ], [ 5.15, 52.750000000000753 ], [ 5.35, 52.750000000000753 ], [ 5.35, 53.350000000000762 ], [ 5.95, 53.350000000000762 ], [ 5.95, 53.550000000000765 ], [ 7.15, 53.550000000000765 ], [ 7.15, 53.75000000000076 ], [ 8.15, 53.75000000000076 ], [ 8.15, 53.550000000000765 ], [ 8.55, 53.550000000000765 ], [ 8.55, 53.950000000000756 ], [ 8.75, 53.950000000000756 ], [ 8.75, 54.350000000000762 ], [ 8.55, 54.350000000000762 ], [ 8.55, 54.550000000000765 ], [ 9.55, 54.550000000000765 ], [ 9.55, 54.150000000000759 ], [ 9.35, 54.150000000000759 ], [ 9.35, 53.950000000000756 ], [ 8.95, 53.950000000000756 ], [ 8.95, 53.550000000000765 ], [ 8.75, 53.550000000000765 ], [ 8.75, 53.150000000000759 ], [ 9.15, 53.150000000000759 ], [ 9.15, 52.950000000000756 ], [ 9.75, 52.950000000000756 ], [ 9.75, 53.150000000000759 ], [ 10.15, 53.150000000000759 ], [ 10.15, 53.350000000000762 ], [ 10.75, 53.350000000000762 ], [ 10.75, 53.150000000000759 ], [ 10.95, 53.150000000000759 ], [ 10.95, 52.950000000000756 ], [ 11.15, 52.950000000000756 ], [ 11.15, 52.750000000000753 ], [ 10.95, 52.750000000000753 ], [ 10.95, 52.550000000000757 ], [ 10.15, 52.550000000000757 ], [ 10.15, 52.350000000000762 ], [ 9.75, 52.350000000000762 ], [ 9.75, 52.150000000000759 ], [ 9.55, 52.150000000000759 ], [ 9.55, 51.750000000000753 ], [ 9.35, 51.750000000000753 ], [ 9.35, 51.55000000000075 ], [ 9.55, 51.55000000000075 ], [ 9.55, 51.350000000000755 ], [ 9.75, 51.350000000000755 ], [ 9.75, 51.150000000000759 ], [ 9.95, 51.150000000000759 ], [ 9.95, 50.950000000000756 ], [ 9.75, 50.950000000000756 ], [ 9.75, 50.55000000000075 ], [ 9.95, 50.55000000000075 ], [ 9.95, 50.350000000000755 ], [ 9.75, 50.350000000000755 ], [ 9.75, 49.950000000000756 ], [ 8.75, 49.950000000000756 ], [ 8.75, 49.750000000000753 ], [ 8.35, 49.750000000000753 ], [ 8.35, 49.150000000000752 ], [ 7.95, 49.150000000000752 ], [ 7.95, 48.750000000000753 ], [ 7.55, 48.750000000000753 ], [ 7.55, 48.55000000000075 ], [ 6.55, 48.55000000000075 ], [ 6.55, 48.350000000000747 ], [ 6.35, 48.350000000000747 ], [ 6.35, 48.150000000000745 ], [ 5.95, 48.150000000000745 ], [ 5.95, 47.750000000000753 ], [ 4.95, 47.750000000000753 ] ], [ [ 5.35, 52.550000000000757 ], [ 5.55, 52.550000000000757 ], [ 5.55, 52.750000000000753 ], [ 5.35, 52.750000000000753 ], [ 5.35, 52.550000000000757 ] ] ] } },
{ "type": "Feature", "properties": { "index": "Central England + Wales + Ireland" }, "geometry": { "type": "MultiPolygon", "coordinates": [ [ [ [ -5.45, 50.150000000000752 ], [ -5.45, 49.950000000000756 ], [ -5.65, 49.950000000000756 ], [ -5.65, 50.150000000000752 ], [ -5.45, 50.150000000000752 ] ] ], [ [ [ -4.85, 50.350000000000755 ], [ -4.85, 50.150000000000752 ], [ -5.05, 50.150000000000752 ], [ -5.05, 49.950000000000756 ], [ -5.25, 49.950000000000756 ], [ -5.25, 50.350000000000755 ], [ -4.85, 50.350000000000755 ] ] ], [ [ [ -4.85, 50.350000000000755 ], [ -4.85, 50.55000000000075 ], [ -4.65, 50.55000000000075 ], [ -4.65, 50.750000000000753 ], [ -4.25, 50.750000000000753 ], [ -4.25, 51.150000000000759 ], [ -3.85, 51.150000000000759 ], [ -3.85, 51.350000000000755 ], [ -3.45, 51.350000000000755 ], [ -3.45, 51.55000000000075 ], [ -4.45, 51.55000000000075 ], [ -4.45, 51.750000000000753 ], [ -4.65, 51.750000000000753 ], [ -4.65, 51.55000000000075 ], [ -5.25, 51.55000000000075 ], [ -5.25, 51.950000000000756 ], [ -5.05, 51.950000000000756 ], [ -5.05, 52.150000000000759 ], [ -4.45, 52.150000000000759 ], [ -4.45, 52.350000000000762 ], [ -4.05, 52.350000000000762 ], [ -4.05, 52.550000000000757 ], [ -4.25, 52.550000000000757 ], [ -4.25, 52.750000000000753 ], [ -4.85, 52.750000000000753 ], [ -4.85, 52.950000000000756 ], [ -4.45, 52.950000000000756 ], [ -4.45, 53.150000000000759 ], [ -4.65, 53.150000000000759 ], [ -4.65, 53.550000000000765 ], [ -4.25, 53.550000000000765 ], [ -4.25, 53.350000000000762 ], [ -3.25, 53.350000000000762 ], [ -3.25, 53.550000000000765 ], [ -3.05, 53.550000000000765 ], [ -3.05, 53.950000000000756 ], [ -2.05, 53.950000000000756 ], [ -2.05, 54.150000000000759 ], [ -2.25, 54.150000000000759 ], [ -2.25, 54.550000000000765 ], [ -2.45, 54.550000000000765 ], [ -2.45, 54.950000000000763 ], [ -2.05, 54.950000000000763 ], [ -2.05, 55.150000000000759 ], [ -1.25, 55.150000000000759 ], [ -1.25, 54.75000000000076 ], [ -0.85, 54.75000000000076 ], [ -0.85, 54.550000000000765 ], [ -0.45, 54.550000000000765 ], [ -0.45, 54.350000000000762 ], [ -0.25, 54.350000000000762 ], [ -0.25, 54.150000000000759 ], [ -0.05, 54.150000000000759 ], [ -0.05, 53.75000000000076 ], [ 0.15, 53.75000000000076 ], [ 0.15, 53.550000000000765 ], [ 0.35, 53.550000000000765 ], [ 0.35, 53.350000000000762 ], [ 0.55, 53.350000000000762 ], [ 0.55, 53.150000000000759 ], [ 0.95, 53.150000000000759 ], [ 0.95, 52.950000000000756 ], [ 1.75, 52.950000000000756 ], [ 1.75, 52.150000000000759 ], [ 1.55, 52.150000000000759 ], [ 1.55, 51.950000000000756 ], [ 1.35, 51.950000000000756 ], [ 1.35, 51.750000000000753 ], [ 0.95, 51.750000000000753 ], [ 0.95, 51.55000000000075 ], [ 0.55, 51.55000000000075 ], [ 0.55, 51.750000000000753 ], [ -0.65, 51.750000000000753 ], [ -0.65, 51.55000000000075 ], [ -1.05, 51.55000000000075 ], [ -1.05, 51.350000000000755 ], [ -1.85, 51.350000000000755 ], [ -1.85, 51.150000000000759 ], [ -2.25, 51.150000000000759 ], [ -2.25, 50.55000000000075 ], [ -3.45, 50.55000000000075 ], [ -3.45, 50.150000000000752 ], [ -3.85, 50.150000000000752 ], [ -3.85, 50.350000000000755 ], [ -4.85, 50.350000000000755 ] ], [ [ -3.45, 51.150000000000759 ], [ -3.05, 51.150000000000759 ], [ -3.05, 51.350000000000755 ], [ -3.45, 51.350000000000755 ], [ -3.45, 51.150000000000759 ] ], [ [ -2.85, 51.350000000000755 ], [ -2.85, 51.55000000000075 ], [ -3.05, 51.55000000000075 ], [ -3.05, 51.350000000000755 ], [ -2.85, 51.350000000000755 ] ], [ [ 0.35, 53.150000000000759 ], [ 0.35, 52.950000000000756 ], [ 0.55, 52.950000000000756 ], [ 0.55, 53.150000000000759 ], [ 0.35, 53.150000000000759 ] ] ], [ [ [ -10.25, 51.950000000000756 ], [ -10.45, 51.950000000000756 ], [ -10.45, 52.150000000000759 ], [ -10.25, 52.150000000000759 ], [ -10.25, 52.350000000000762 ], [ -9.65, 52.350000000000762 ], [ -9.65, 52.750000000000753 ], [ -9.45, 52.750000000000753 ], [ -9.45, 52.950000000000756 ], [ -9.05, 52.950000000000756 ], [ -9.05, 53.150000000000759 ], [ -9.65, 53.150000000000759 ], [ -9.65, 53.350000000000762 ], [ -9.85, 53.350000000000762 ], [ -9.85, 53.75000000000076 ], [ -9.65, 53.75000000000076 ], [ -9.65, 54.150000000000759 ], [ -9.85, 54.150000000000759 ], [ -9.85, 54.350000000000762 ], [ -8.45, 54.350000000000762 ], [ -8.45, 54.150000000000759 ], [ -7.85, 54.150000000000759 ], [ -7.85, 54.350000000000762 ], [ -7.65, 54.350000000000762 ], [ -7.65, 54.75000000000076 ], [ -6.65, 54.75000000000076 ], [ -6.65, 54.950000000000763 ], [ -5.65, 54.950000000000763 ], [ -5.65, 54.75000000000076 ], [ -5.45, 54.75000000000076 ], [ -5.45, 54.150000000000759 ], [ -5.85, 54.150000000000759 ], [ -5.85, 53.950000000000756 ], [ -6.25, 53.950000000000756 ], [ -6.25, 53.75000000000076 ], [ -6.05, 53.75000000000076 ], [ -6.05, 52.550000000000757 ], [ -6.25, 52.550000000000757 ], [ -6.25, 52.350000000000762 ], [ -6.45, 52.350000000000762 ], [ -6.45, 52.150000000000759 ], [ -7.45, 52.150000000000759 ], [ -7.45, 51.950000000000756 ], [ -7.85, 51.950000000000756 ], [ -7.85, 51.750000000000753 ], [ -8.45, 51.750000000000753 ], [ -8.45, 51.55000000000075 ], [ -9.65, 51.55000000000075 ], [ -9.65, 51.750000000000753 ], [ -10.25, 51.750000000000753 ], [ -10.25, 51.950000000000756 ] ] ], [ [ [ -4.45, 54.550000000000765 ], [ -4.25, 54.550000000000765 ], [ -4.25, 54.150000000000759 ], [ -4.65, 54.150000000000759 ], [ -4.65, 53.950000000000756 ], [ -4.85, 53.950000000000756 ], [ -4.85, 54.350000000000762 ], [ -4.45, 54.350000000000762 ], [ -4.45, 54.550000000000765 ] ] ] ] } },
{ "type": "Feature", "properties": { "index": "Southern North Sea" }, "geometry": { "type": "MultiPolygon", "coordinates": [ [ [ [ -8.65, 54.550000000000765 ], [ -8.65, 54.75000000000076 ], [ -8.25, 54.75000000000076 ], [ -8.25, 55.150000000000759 ], [ -7.65, 55.150000000000759 ], [ -7.65, 55.350000000000762 ], [ -6.85, 55.350000000000762 ], [ -6.85, 55.150000000000759 ], [ -6.65, 55.150000000000759 ], [ -6.65, 55.350000000000762 ], [ -6.25, 55.350000000000762 ], [ -6.25, 55.150000000000759 ], [ -5.85, 55.150000000000759 ], [ -5.85, 54.950000000000763 ], [ -6.65, 54.950000000000763 ], [ -6.65, 54.75000000000076 ], [ -7.65, 54.75000000000076 ], [ -7.65, 54.350000000000762 ], [ -7.85, 54.350000000000762 ], [ -7.85, 54.150000000000759 ], [ -8.45, 54.150000000000759 ], [ -8.45, 54.550000000000765 ], [ -8.65, 54.550000000000765 ] ] ], [ [ [ -5.85, 55.750000000000767 ], [ -6.05, 55.750000000000767 ], [ -6.05, 55.950000000000763 ], [ -5.85, 55.950000000000763 ], [ -5.85, 55.750000000000767 ] ] ], [ [ [ -3.45, 54.350000000000762 ], [ -3.65, 54.350000000000762 ], [ -3.65, 54.75000000000076 ], [ -4.45, 54.75000000000076 ], [ -4.45, 54.550000000000765 ], [ -4.65, 54.550000000000765 ], [ -4.65, 54.75000000000076 ], [ -5.05, 54.75000000000076 ], [ -5.05, 54.950000000000763 ], [ -5.25, 54.950000000000763 ], [ -5.25, 55.150000000000759 ], [ -5.05, 55.150000000000759 ], [ -5.05, 55.350000000000762 ], [ -5.45, 55.350000000000762 ], [ -5.45, 55.550000000000765 ], [ -5.85, 55.550000000000765 ], [ -5.85, 55.750000000000767 ], [ -5.65, 55.750000000000767 ], [ -5.65, 56.150000000000766 ], [ -4.85, 56.150000000000766 ], [ -4.85, 56.550000000000765 ], [ -4.65, 56.550000000000765 ], [ -4.65, 56.750000000000767 ], [ -4.45, 56.750000000000767 ], [ -4.45, 56.95000000000077 ], [ -3.45, 56.95000000000077 ], [ -3.45, 57.150000000000766 ], [ -3.85, 57.150000000000766 ], [ -3.85, 57.550000000000765 ], [ -3.65, 57.550000000000765 ], [ -3.65, 57.750000000000767 ], [ -1.85, 57.750000000000767 ], [ -1.85, 57.150000000000766 ], [ -2.05, 57.150000000000766 ], [ -2.05, 56.750000000000767 ], [ -2.45, 56.750000000000767 ], [ -2.45, 56.550000000000765 ], [ -2.65, 56.550000000000765 ], [ -2.65, 56.150000000000766 ], [ -2.45, 56.150000000000766 ], [ -2.45, 55.950000000000763 ], [ -1.85, 55.950000000000763 ], [ -1.85, 55.750000000000767 ], [ -1.65, 55.750000000000767 ], [ -1.65, 55.550000000000765 ], [ -1.45, 55.550000000000765 ], [ -1.45, 55.150000000000759 ], [ -2.05, 55.150000000000759 ], [ -2.05, 54.950000000000763 ], [ -2.45, 54.950000000000763 ], [ -2.45, 54.550000000000765 ], [ -2.25, 54.550000000000765 ], [ -2.25, 54.150000000000759 ], [ -2.05, 54.150000000000759 ], [ -2.05, 53.950000000000756 ], [ -3.05, 53.950000000000756 ], [ -3.05, 54.150000000000759 ], [ -3.45, 54.150000000000759 ], [ -3.45, 54.350000000000762 ] ], [ [ -4.85, 55.350000000000762 ], [ -4.85, 55.750000000000767 ], [ -5.05, 55.750000000000767 ], [ -5.05, 55.350000000000762 ], [ -4.85, 55.350000000000762 ] ], [ [ -3.05, 56.150000000000766 ], [ -3.05, 55.950000000000763 ], [ -2.85, 55.950000000000763 ], [ -2.85, 56.150000000000766 ], [ -3.05, 56.150000000000766 ] ] ], [ [ [ 8.35, 55.350000000000762 ], [ 8.35, 55.550000000000765 ], [ 7.95, 55.550000000000765 ], [ 7.95, 55.750000000000767 ], [ 8.15, 55.750000000000767 ], [ 8.15, 56.150000000000766 ], [ 7.95, 56.150000000000766 ], [ 7.95, 56.350000000000762 ], [ 8.15, 56.350000000000762 ], [ 8.15, 56.95000000000077 ], [ 8.35, 56.95000000000077 ], [ 8.35, 57.150000000000766 ], [ 9.35, 57.150000000000766 ], [ 9.35, 57.350000000000762 ], [ 9.75, 57.350000000000762 ], [ 9.75, 57.550000000000765 ], [ 10.15, 57.550000000000765 ], [ 10.15, 57.750000000000767 ], [ 10.55, 57.750000000000767 ], [ 10.55, 56.95000000000077 ], [ 10.35, 56.95000000000077 ], [ 10.35, 56.750000000000767 ], [ 10.55, 56.750000000000767 ], [ 10.55, 56.550000000000765 ], [ 10.95, 56.550000000000765 ], [ 10.95, 56.150000000000766 ], [ 10.35, 56.150000000000766 ], [ 10.35, 55.750000000000767 ], [ 9.95, 55.750000000000767 ], [ 9.95, 55.550000000000765 ], [ 9.35, 55.550000000000765 ], [ 9.35, 55.350000000000762 ], [ 8.75, 55.350000000000762 ], [ 8.75, 55.150000000000759 ], [ 8.55, 55.150000000000759 ], [ 8.55, 55.350000000000762 ], [ 8.35, 55.350000000000762 ] ] ], [ [ [ 12.35, 57.150000000000766 ], [ 12.15, 57.150000000000766 ], [ 12.15, 57.350000000000762 ], [ 11.75, 57.350000000000762 ], [ 11.75, 57.550000000000765 ], [ 11.95, 57.550000000000765 ], [ 11.95, 57.750000000000767 ], [ 11.55, 57.750000000000767 ], [ 11.55, 57.95000000000077 ], [ 11.35, 57.95000000000077 ], [ 11.35, 58.150000000000773 ], [ 12.75, 58.150000000000773 ], [ 12.75, 57.550000000000765 ], [ 13.35, 57.550000000000765 ], [ 13.35, 56.95000000000077 ], [ 13.15, 56.95000000000077 ], [ 13.15, 56.750000000000767 ], [ 12.95, 56.750000000000767 ], [ 12.95, 56.550000000000765 ], [ 12.75, 56.550000000000765 ], [ 12.75, 56.750000000000767 ], [ 12.35, 56.750000000000767 ], [ 12.35, 57.150000000000766 ] ] ], [ [ [ 7.35, 58.350000000000769 ], [ 7.55, 58.350000000000769 ], [ 7.55, 58.95000000000077 ], [ 7.75, 58.95000000000077 ], [ 7.75, 59.350000000000776 ], [ 7.55, 59.350000000000776 ], [ 7.55, 59.550000000000772 ], [ 7.75, 59.550000000000772 ], [ 7.75, 59.750000000000767 ], [ 7.95, 59.750000000000767 ], [ 7.95, 60.150000000000773 ], [ 8.15, 60.150000000000773 ], [ 8.15, 60.95000000000077 ], [ 8.95, 60.95000000000077 ], [ 8.95, 61.150000000000773 ], [ 9.15, 61.150000000000773 ], [ 9.15, 61.350000000000776 ], [ 11.35, 61.350000000000776 ], [ 11.35, 61.150000000000773 ], [ 11.55, 61.150000000000773 ], [ 11.55, 60.95000000000077 ], [ 11.35, 60.95000000000077 ], [ 11.35, 60.350000000000776 ], [ 10.95, 60.350000000000776 ], [ 10.95, 60.150000000000773 ], [ 10.75, 60.150000000000773 ], [ 10.75, 59.550000000000772 ], [ 10.95, 59.550000000000772 ], [ 10.95, 59.350000000000776 ], [ 10.55, 59.350000000000776 ], [ 10.55, 59.150000000000773 ], [ 10.35, 59.150000000000773 ], [ 10.35, 58.95000000000077 ], [ 9.55, 58.95000000000077 ], [ 9.55, 58.750000000000767 ], [ 9.35, 58.750000000000767 ], [ 9.35, 58.550000000000765 ], [ 8.95, 58.550000000000765 ], [ 8.95, 58.350000000000769 ], [ 8.75, 58.350000000000769 ], [ 8.75, 58.150000000000773 ], [ 7.95, 58.150000000000773 ], [ 7.95, 57.95000000000077 ], [ 7.15, 57.95000000000077 ], [ 7.15, 58.150000000000773 ], [ 7.35, 58.150000000000773 ], [ 7.35, 58.350000000000769 ] ] ] ] } },
{ "type": "Feature", "properties": { "index": "Balkan + SE Europe" }, "geometry": { "type": "Polygon", "coordinates": [ [ [ 22.55, 41.550000000000736 ], [ 22.55, 42.350000000000733 ], [ 21.75, 42.350000000000733 ], [ 21.75, 42.150000000000738 ], [ 20.95, 42.150000000000738 ], [ 20.95, 42.350000000000733 ], [ 20.75, 42.350000000000733 ], [ 20.75, 42.750000000000739 ], [ 20.55, 42.750000000000739 ], [ 20.55, 43.150000000000738 ], [ 19.95, 43.150000000000738 ], [ 19.95, 43.35000000000074 ], [ 19.55, 43.35000000000074 ], [ 19.55, 43.750000000000739 ], [ 18.35, 43.750000000000739 ], [ 18.35, 43.950000000000742 ], [ 17.95, 43.950000000000742 ], [ 17.95, 44.150000000000745 ], [ 17.35, 44.150000000000745 ], [ 17.35, 44.35000000000074 ], [ 16.75, 44.35000000000074 ], [ 16.75, 44.550000000000743 ], [ 16.55, 44.550000000000743 ], [ 16.55, 44.750000000000739 ], [ 16.75, 44.750000000000739 ], [ 16.75, 44.950000000000742 ], [ 17.55, 44.950000000000742 ], [ 17.55, 45.150000000000745 ], [ 18.15, 45.150000000000745 ], [ 18.15, 45.350000000000747 ], [ 18.75, 45.350000000000747 ], [ 18.75, 45.150000000000745 ], [ 18.95, 45.150000000000745 ], [ 18.95, 44.750000000000739 ], [ 19.95, 44.750000000000739 ], [ 19.95, 45.150000000000745 ], [ 21.35, 45.150000000000745 ], [ 21.35, 44.950000000000742 ], [ 22.15, 44.950000000000742 ], [ 22.15, 45.150000000000745 ], [ 22.35, 45.150000000000745 ], [ 22.35, 45.350000000000747 ], [ 23.15, 45.350000000000747 ], [ 23.15, 45.550000000000743 ], [ 23.75, 45.550000000000743 ], [ 23.75, 45.950000000000742 ], [ 24.35, 45.950000000000742 ], [ 24.35, 46.150000000000745 ], [ 24.15, 46.150000000000745 ], [ 24.15, 46.350000000000747 ], [ 24.75, 46.350000000000747 ], [ 24.75, 46.55000000000075 ], [ 25.35, 46.55000000000075 ], [ 25.35, 46.750000000000746 ], [ 25.75, 46.750000000000746 ], [ 25.75, 47.150000000000745 ], [ 26.15, 47.150000000000745 ], [ 26.15, 47.55000000000075 ], [ 26.95, 47.55000000000075 ], [ 26.95, 47.750000000000753 ], [ 27.35, 47.750000000000753 ], [ 27.35, 47.55000000000075 ], [ 29.55, 47.55000000000075 ], [ 29.55, 47.950000000000749 ], [ 29.95, 47.950000000000749 ], [ 29.95, 45.750000000000746 ], [ 29.55, 45.750000000000746 ], [ 29.55, 44.750000000000739 ], [ 28.55, 44.750000000000739 ], [ 28.55, 44.150000000000745 ], [ 27.95, 44.150000000000745 ], [ 27.95, 44.750000000000739 ], [ 27.35, 44.750000000000739 ], [ 27.35, 44.550000000000743 ], [ 26.15, 44.550000000000743 ], [ 26.15, 44.150000000000745 ], [ 24.95, 44.150000000000745 ], [ 24.95, 42.750000000000739 ], [ 24.15, 42.750000000000739 ], [ 24.15, 42.550000000000736 ], [ 23.35, 42.550000000000736 ], [ 23.35, 42.150000000000738 ], [ 23.55, 42.150000000000738 ], [ 23.55, 41.950000000000735 ], [ 23.15, 41.950000000000735 ], [ 23.15, 41.750000000000739 ], [ 23.35, 41.750000000000739 ], [ 23.35, 41.550000000000736 ], [ 22.55, 41.550000000000736 ] ] ] } },
{ "type": "Feature", "properties": { "index": "South Adriatic" }, "geometry": { "type": "MultiPolygon", "coordinates": [ [ [ [ 15.95, 38.950000000000728 ], [ 15.95, 39.550000000000729 ], [ 15.75, 39.550000000000729 ], [ 15.75, 39.950000000000735 ], [ 15.15, 39.950000000000735 ], [ 15.15, 40.15000000000073 ], [ 14.95, 40.15000000000073 ], [ 14.95, 40.950000000000735 ], [ 14.75, 40.950000000000735 ], [ 14.75, 41.350000000000733 ], [ 14.55, 41.350000000000733 ], [ 14.55, 41.550000000000736 ], [ 14.35, 41.550000000000736 ], [ 14.35, 41.750000000000739 ], [ 13.95, 41.750000000000739 ], [ 13.95, 41.950000000000735 ], [ 13.75, 41.950000000000735 ], [ 13.75, 42.150000000000738 ], [ 13.35, 42.150000000000738 ], [ 13.35, 42.750000000000739 ], [ 13.15, 42.750000000000739 ], [ 13.15, 43.150000000000738 ], [ 13.95, 43.150000000000738 ], [ 13.95, 42.750000000000739 ], [ 14.15, 42.750000000000739 ], [ 14.15, 42.550000000000736 ], [ 14.35, 42.550000000000736 ], [ 14.35, 42.350000000000733 ], [ 14.55, 42.350000000000733 ], [ 14.55, 42.150000000000738 ], [ 15.15, 42.150000000000738 ], [ 15.15, 41.950000000000735 ], [ 16.35, 41.950000000000735 ], [ 16.35, 41.750000000000739 ], [ 16.15, 41.750000000000739 ], [ 16.15, 41.350000000000733 ], [ 16.75, 41.350000000000733 ], [ 16.75, 41.15000000000073 ], [ 17.15, 41.15000000000073 ], [ 17.15, 40.950000000000735 ], [ 17.55, 40.950000000000735 ], [ 17.55, 40.750000000000732 ], [ 18.15, 40.750000000000732 ], [ 18.15, 40.550000000000736 ], [ 18.35, 40.550000000000736 ], [ 18.35, 40.350000000000733 ], [ 18.55, 40.350000000000733 ], [ 18.55, 39.950000000000735 ], [ 18.35, 39.950000000000735 ], [ 18.35, 39.750000000000732 ], [ 18.15, 39.750000000000732 ], [ 18.15, 39.950000000000735 ], [ 17.95, 39.950000000000735 ], [ 17.95, 40.15000000000073 ], [ 17.55, 40.15000000000073 ], [ 17.55, 40.350000000000733 ], [ 16.75, 40.350000000000733 ], [ 16.75, 40.15000000000073 ], [ 16.35, 40.15000000000073 ], [ 16.35, 38.750000000000732 ], [ 16.15, 38.750000000000732 ], [ 16.15, 38.950000000000728 ], [ 15.95, 38.950000000000728 ] ] ], [ [ [ 19.55, 41.550000000000736 ], [ 19.55, 41.750000000000739 ], [ 19.35, 41.750000000000739 ], [ 19.35, 41.950000000000735 ], [ 18.95, 41.950000000000735 ], [ 18.95, 42.150000000000738 ], [ 18.75, 42.150000000000738 ], [ 18.75, 42.350000000000733 ], [ 18.35, 42.350000000000733 ], [ 18.35, 42.550000000000736 ], [ 17.95, 42.550000000000736 ], [ 17.95, 42.750000000000739 ], [ 17.75, 42.750000000000739 ], [ 17.75, 42.950000000000742 ], [ 17.95, 42.950000000000742 ], [ 17.95, 43.35000000000074 ], [ 18.15, 43.35000000000074 ], [ 18.15, 43.550000000000736 ], [ 17.95, 43.550000000000736 ], [ 17.95, 43.750000000000739 ], [ 17.55, 43.750000000000739 ], [ 17.55, 43.950000000000742 ], [ 16.95, 43.950000000000742 ], [ 16.95, 44.35000000000074 ], [ 17.35, 44.35000000000074 ], [ 17.35, 44.150000000000745 ], [ 17.95, 44.150000000000745 ], [ 17.95, 43.950000000000742 ], [ 18.35, 43.950000000000742 ], [ 18.35, 43.750000000000739 ], [ 19.55, 43.750000000000739 ], [ 19.55, 43.35000000000074 ], [ 19.95, 43.35000000000074 ], [ 19.95, 43.150000000000738 ], [ 20.55, 43.150000000000738 ], [ 20.55, 42.750000000000739 ], [ 20.75, 42.750000000000739 ], [ 20.75, 42.350000000000733 ], [ 20.95, 42.350000000000733 ], [ 20.95, 42.150000000000738 ], [ 21.15, 42.150000000000738 ], [ 21.15, 41.950000000000735 ], [ 20.95, 41.950000000000735 ], [ 20.95, 40.950000000000735 ], [ 20.75, 40.950000000000735 ], [ 20.75, 40.750000000000732 ], [ 20.35, 40.750000000000732 ], [ 20.35, 40.350000000000733 ], [ 20.55, 40.350000000000733 ], [ 20.55, 40.15000000000073 ], [ 19.95, 40.15000000000073 ], [ 19.95, 40.350000000000733 ], [ 19.55, 40.350000000000733 ], [ 19.55, 40.15000000000073 ], [ 19.35, 40.15000000000073 ], [ 19.35, 41.550000000000736 ], [ 19.55, 41.550000000000736 ] ] ], [ [ [ 17.15, 42.950000000000742 ], [ 17.15, 42.750000000000739 ], [ 16.75, 42.750000000000739 ], [ 16.75, 42.950000000000742 ], [ 17.15, 42.950000000000742 ] ] ], [ [ [ 17.55, 42.950000000000742 ], [ 17.55, 42.750000000000739 ], [ 17.35, 42.750000000000739 ], [ 17.35, 42.950000000000742 ], [ 17.55, 42.950000000000742 ] ] ] ] } },
{ "type": "Feature", "properties": { "index": "North Aegean" }, "geometry": { "type": "MultiPolygon", "coordinates": [ [ [ [ 25.75, 39.15000000000073 ], [ 25.75, 39.350000000000733 ], [ 26.15, 39.350000000000733 ], [ 26.15, 38.950000000000728 ], [ 25.95, 38.950000000000728 ], [ 25.95, 39.15000000000073 ], [ 25.75, 39.15000000000073 ] ] ], [ [ [ 25.15, 39.950000000000735 ], [ 25.35, 39.950000000000735 ], [ 25.35, 39.750000000000732 ], [ 24.95, 39.750000000000732 ], [ 24.95, 40.15000000000073 ], [ 25.15, 40.15000000000073 ], [ 25.15, 39.950000000000735 ] ] ], [ [ [ 25.55, 39.950000000000735 ], [ 25.35, 39.950000000000735 ], [ 25.35, 40.15000000000073 ], [ 25.55, 40.15000000000073 ], [ 25.55, 39.950000000000735 ] ] ], [ [ [ 25.95, 40.350000000000733 ], [ 25.95, 40.15000000000073 ], [ 25.55, 40.15000000000073 ], [ 25.55, 40.350000000000733 ], [ 25.95, 40.350000000000733 ] ] ], [ [ [ 25.55, 40.350000000000733 ], [ 25.35, 40.350000000000733 ], [ 25.35, 40.550000000000736 ], [ 25.55, 40.550000000000736 ], [ 25.55, 40.350000000000733 ] ] ], [ [ [ 21.55, 37.550000000000729 ], [ 21.35, 37.550000000000729 ], [ 21.35, 37.750000000000725 ], [ 20.95, 37.750000000000725 ], [ 20.95, 37.950000000000728 ], [ 21.15, 37.950000000000728 ], [ 21.15, 38.15000000000073 ], [ 21.55, 38.15000000000073 ], [ 21.55, 38.350000000000733 ], [ 20.95, 38.350000000000733 ], [ 20.95, 38.750000000000732 ], [ 20.75, 38.750000000000732 ], [ 20.75, 38.550000000000729 ], [ 20.55, 38.550000000000729 ], [ 20.55, 39.15000000000073 ], [ 20.35, 39.15000000000073 ], [ 20.35, 39.350000000000733 ], [ 20.15, 39.350000000000733 ], [ 20.15, 39.550000000000729 ], [ 19.95, 39.550000000000729 ], [ 19.95, 39.350000000000733 ], [ 19.75, 39.350000000000733 ], [ 19.75, 39.550000000000729 ], [ 19.55, 39.550000000000729 ], [ 19.55, 39.750000000000732 ], [ 19.95, 39.750000000000732 ], [ 19.95, 39.950000000000735 ], [ 19.75, 39.950000000000735 ], [ 19.75, 40.15000000000073 ], [ 19.55, 40.15000000000073 ], [ 19.55, 40.350000000000733 ], [ 19.95, 40.350000000000733 ], [ 19.95, 40.15000000000073 ], [ 20.55, 40.15000000000073 ], [ 20.55, 40.350000000000733 ], [ 20.35, 40.350000000000733 ], [ 20.35, 40.750000000000732 ], [ 20.75, 40.750000000000732 ], [ 20.75, 40.950000000000735 ], [ 20.95, 40.950000000000735 ], [ 20.95, 41.950000000000735 ], [ 21.15, 41.950000000000735 ], [ 21.15, 42.150000000000738 ], [ 21.75, 42.150000000000738 ], [ 21.75, 42.350000000000733 ], [ 22.55, 42.350000000000733 ], [ 22.55, 41.550000000000736 ], [ 23.35, 41.550000000000736 ], [ 23.35, 41.750000000000739 ], [ 23.15, 41.750000000000739 ], [ 23.15, 41.950000000000735 ], [ 23.55, 41.950000000000735 ], [ 23.55, 42.150000000000738 ], [ 23.35, 42.150000000000738 ], [ 23.35, 42.550000000000736 ], [ 24.15, 42.550000000000736 ], [ 24.15, 42.750000000000739 ], [ 24.95, 42.750000000000739 ], [ 24.95, 44.150000000000745 ], [ 26.15, 44.150000000000745 ], [ 26.15, 44.550000000000743 ], [ 27.35, 44.550000000000743 ], [ 27.35, 44.750000000000739 ], [ 27.95, 44.750000000000739 ], [ 27.95, 44.150000000000745 ], [ 28.55, 44.150000000000745 ], [ 28.55, 43.950000000000742 ], [ 28.35, 43.950000000000742 ], [ 28.35, 43.35000000000074 ], [ 27.95, 43.35000000000074 ], [ 27.95, 43.150000000000738 ], [ 27.75, 43.150000000000738 ], [ 27.75, 42.550000000000736 ], [ 27.55, 42.550000000000736 ], [ 27.55, 42.350000000000733 ], [ 27.75, 42.350000000000733 ], [ 27.75, 41.950000000000735 ], [ 27.95, 41.950000000000735 ], [ 27.95, 41.750000000000739 ], [ 26.75, 41.750000000000739 ], [ 26.75, 41.350000000000733 ], [ 26.55, 41.350000000000733 ], [ 26.55, 40.950000000000735 ], [ 26.35, 40.950000000000735 ], [ 26.35, 40.550000000000736 ], [ 26.55, 40.550000000000736 ], [ 26.55, 40.15000000000073 ], [ 26.35, 40.15000000000073 ], [ 26.35, 39.950000000000735 ], [ 26.15, 39.950000000000735 ], [ 26.15, 40.550000000000736 ], [ 25.95, 40.550000000000736 ], [ 25.95, 40.750000000000732 ], [ 25.55, 40.750000000000732 ], [ 25.55, 40.950000000000735 ], [ 24.75, 40.950000000000735 ], [ 24.75, 40.550000000000736 ], [ 24.55, 40.550000000000736 ], [ 24.55, 40.950000000000735 ], [ 24.35, 40.950000000000735 ], [ 24.35, 40.750000000000732 ], [ 23.75, 40.750000000000732 ], [ 23.75, 40.550000000000736 ], [ 24.15, 40.550000000000736 ], [ 24.15, 40.350000000000733 ], [ 24.55, 40.350000000000733 ], [ 24.55, 40.15000000000073 ], [ 24.15, 40.15000000000073 ], [ 24.15, 39.950000000000735 ], [ 23.35, 39.950000000000735 ], [ 23.35, 40.15000000000073 ], [ 23.15, 40.15000000000073 ], [ 23.15, 40.350000000000733 ], [ 22.95, 40.350000000000733 ], [ 22.95, 40.550000000000736 ], [ 21.95, 40.550000000000736 ], [ 21.95, 40.350000000000733 ], [ 22.15, 40.350000000000733 ], [ 22.15, 40.15000000000073 ], [ 21.55, 40.15000000000073 ], [ 21.55, 39.750000000000732 ], [ 21.35, 39.750000000000732 ], [ 21.35, 39.550000000000729 ], [ 21.55, 39.550000000000729 ], [ 21.55, 39.350000000000733 ], [ 21.75, 39.350000000000733 ], [ 21.75, 38.950000000000728 ], [ 21.95, 38.950000000000728 ], [ 21.95, 38.750000000000732 ], [ 22.35, 38.750000000000732 ], [ 22.35, 38.350000000000733 ], [ 22.15, 38.350000000000733 ], [ 22.15, 37.950000000000728 ], [ 22.35, 37.950000000000728 ], [ 22.35, 37.15000000000073 ], [ 22.15, 37.15000000000073 ], [ 22.15, 36.950000000000728 ], [ 21.75, 36.950000000000728 ], [ 21.75, 37.15000000000073 ], [ 21.55, 37.15000000000073 ], [ 21.55, 37.550000000000729 ] ] ] ] } }
]
}
