Starting job 1586746 on gpu-1-112 on Olivia at Wed Jul 15 13:45:21 CEST 2026

Init: 1979-11-15 00:00:00 -> target valid time 1979-11-23 00:00:00 (32 steps, target_step=31)
[32m2026-07-15 13:46:13.897[0m | [34m[1mDEBUG   [0m | [36mearth2studio.data.utils[0m:[36m_make_local_details[0m:[36m1070[0m - [34m[1mCopying /gcp-public-data-arco-era5/ar/full_37-1h-0p25deg-chunk-1.zarr-v3/.zattrs to local cache[0m
[32m2026-07-15 13:46:14.812[0m | [34m[1mDEBUG   [0m | [36mearth2studio.data.utils[0m:[36m_make_local_details[0m:[36m1070[0m - [34m[1mCopying /gcp-public-data-arco-era5/ar/full_37-1h-0p25deg-chunk-1.zarr-v3/.zgroup to local cache[0m
[32m2026-07-15 13:46:14.901[0m | [34m[1mDEBUG   [0m | [36mearth2studio.data.utils[0m:[36m_make_local_details[0m:[36m1070[0m - [34m[1mCopying /gcp-public-data-arco-era5/ar/full_37-1h-0p25deg-chunk-1.zarr-v3/.zmetadata to local cache[0m
[32m2026-07-15 13:46:15.217[0m | [34m[1mDEBUG   [0m | [36mearth2studio.data.utils[0m:[36m_make_local_details[0m:[36m1070[0m - [34m[1mCopying /gcp-public-data-arco-era5/ar/full_37-1h-0p25deg-chunk-1.zarr-v3/level/0 to local cache[0m
[32m2026-07-15 13:46:15.504[0m | [34m[1mDEBUG   [0m | [36mearth2studio.data.utils[0m:[36m_make_local_details[0m:[36m1070[0m - [34m[1mCopying /gcp-public-data-arco-era5/ar/model-level-1h-0p25deg.zarr-v1/.zattrs to local cache[0m
[32m2026-07-15 13:46:15.785[0m | [34m[1mDEBUG   [0m | [36mearth2studio.data.utils[0m:[36m_make_local_details[0m:[36m1070[0m - [34m[1mCopying /gcp-public-data-arco-era5/ar/model-level-1h-0p25deg.zarr-v1/.zmetadata to local cache[0m
[32m2026-07-15 13:46:15.791[0m | [34m[1mDEBUG   [0m | [36mearth2studio.data.utils[0m:[36m_make_local_details[0m:[36m1070[0m - [34m[1mCopying /gcp-public-data-arco-era5/ar/model-level-1h-0p25deg.zarr-v1/.zgroup to local cache[0m
[32m2026-07-15 13:46:16.110[0m | [34m[1mDEBUG   [0m | [36mearth2studio.data.utils[0m:[36m_make_local_details[0m:[36m1070[0m - [34m[1mCopying /gcp-public-data-arco-era5/ar/model-level-1h-0p25deg.zarr-v1/hybrid/0 to local cache[0m
[32m2026-07-15 13:46:16.346[0m | [34m[1mDEBUG   [0m | [36mearth2studio.data.utils[0m:[36m_make_local_details[0m:[36m1070[0m - [34m[1mCopying /gcp-public-data-arco-era5/ar/full_37-1h-0p25deg-chunk-1.zarr-v3/10m_v_component_of_wind/700122.0.0 to local cache[0m
[32m2026-07-15 13:46:16.364[0m | [34m[1mDEBUG   [0m | [36mearth2studio.data.utils[0m:[36m_make_local_details[0m:[36m1070[0m - [34m[1mCopying /gcp-public-data-arco-era5/ar/full_37-1h-0p25deg-chunk-1.zarr-v3/v_component_of_wind/700122.0.0.0 to local cache[0m
[32m2026-07-15 13:46:16.445[0m | [34m[1mDEBUG   [0m | [36mearth2studio.data.utils[0m:[36m_make_local_details[0m:[36m1070[0m - [34m[1mCopying /gcp-public-data-arco-era5/ar/full_37-1h-0p25deg-chunk-1.zarr-v3/vertical_velocity/700122.0.0.0 to local cache[0m
[32m2026-07-15 13:46:16.472[0m | [34m[1mDEBUG   [0m | [36mearth2studio.data.utils[0m:[36m_make_local_details[0m:[36m1070[0m - [34m[1mCopying /gcp-public-data-arco-era5/ar/full_37-1h-0p25deg-chunk-1.zarr-v3/specific_humidity/700122.0.0.0 to local cache[0m
[32m2026-07-15 13:46:16.484[0m | [34m[1mDEBUG   [0m | [36mearth2studio.data.utils[0m:[36m_make_local_details[0m:[36m1070[0m - [34m[1mCopying /gcp-public-data-arco-era5/ar/full_37-1h-0p25deg-chunk-1.zarr-v3/2m_dewpoint_temperature/700122.0.0 to local cache[0m
[32m2026-07-15 13:46:16.485[0m | [34m[1mDEBUG   [0m | [36mearth2studio.data.utils[0m:[36m_make_local_details[0m:[36m1070[0m - [34m[1mCopying /gcp-public-data-arco-era5/ar/full_37-1h-0p25deg-chunk-1.zarr-v3/temperature/700122.0.0.0 to local cache[0m
[32m2026-07-15 13:46:16.487[0m | [34m[1mDEBUG   [0m | [36mearth2studio.data.utils[0m:[36m_make_local_details[0m:[36m1070[0m - [34m[1mCopying /gcp-public-data-arco-era5/ar/full_37-1h-0p25deg-chunk-1.zarr-v3/soil_temperature_level_2/700122.0.0 to local cache[0m
[32m2026-07-15 13:46:16.488[0m | [34m[1mDEBUG   [0m | [36mearth2studio.data.utils[0m:[36m_make_local_details[0m:[36m1070[0m - [34m[1mCopying /gcp-public-data-arco-era5/ar/full_37-1h-0p25deg-chunk-1.zarr-v3/volumetric_soil_water_layer_1/700122.0.0 to local cache[0m
[32m2026-07-15 13:46:16.491[0m | [34m[1mDEBUG   [0m | [36mearth2studio.data.utils[0m:[36m_make_local_details[0m:[36m1070[0m - [34m[1mCopying /gcp-public-data-arco-era5/ar/full_37-1h-0p25deg-chunk-1.zarr-v3/10m_u_component_of_wind/700122.0.0 to local cache[0m
[32m2026-07-15 13:46:16.492[0m | [34m[1mDEBUG   [0m | [36mearth2studio.data.utils[0m:[36m_make_local_details[0m:[36m1070[0m - [34m[1mCopying /gcp-public-data-arco-era5/ar/full_37-1h-0p25deg-chunk-1.zarr-v3/skin_temperature/700122.0.0 to local cache[0m
[32m2026-07-15 13:46:16.495[0m | [34m[1mDEBUG   [0m | [36mearth2studio.data.utils[0m:[36m_make_local_details[0m:[36m1070[0m - [34m[1mCopying /gcp-public-data-arco-era5/ar/full_37-1h-0p25deg-chunk-1.zarr-v3/total_column_water/700122.0.0 to local cache[0m
[32m2026-07-15 13:46:16.497[0m | [34m[1mDEBUG   [0m | [36mearth2studio.data.utils[0m:[36m_make_local_details[0m:[36m1070[0m - [34m[1mCopying /gcp-public-data-arco-era5/ar/full_37-1h-0p25deg-chunk-1.zarr-v3/volumetric_soil_water_layer_2/700122.0.0 to local cache[0m
[32m2026-07-15 13:46:16.499[0m | [34m[1mDEBUG   [0m | [36mearth2studio.data.utils[0m:[36m_make_local_details[0m:[36m1070[0m - [34m[1mCopying /gcp-public-data-arco-era5/ar/full_37-1h-0p25deg-chunk-1.zarr-v3/2m_temperature/700122.0.0 to local cache[0m
[32m2026-07-15 13:46:16.523[0m | [34m[1mDEBUG   [0m | [36mearth2studio.data.utils[0m:[36m_make_local_details[0m:[36m1070[0m - [34m[1mCopying /gcp-public-data-arco-era5/ar/full_37-1h-0p25deg-chunk-1.zarr-v3/surface_pressure/700122.0.0 to local cache[0m
[32m2026-07-15 13:46:16.523[0m | [34m[1mDEBUG   [0m | [36mearth2studio.data.utils[0m:[36m_make_local_details[0m:[36m1070[0m - [34m[1mCopying /gcp-public-data-arco-era5/ar/full_37-1h-0p25deg-chunk-1.zarr-v3/u_component_of_wind/700122.0.0.0 to local cache[0m
[32m2026-07-15 13:46:16.526[0m | [34m[1mDEBUG   [0m | [36mearth2studio.data.utils[0m:[36m_make_local_details[0m:[36m1070[0m - [34m[1mCopying /gcp-public-data-arco-era5/ar/full_37-1h-0p25deg-chunk-1.zarr-v3/soil_temperature_level_1/700122.0.0 to local cache[0m
[32m2026-07-15 13:46:16.530[0m | [34m[1mDEBUG   [0m | [36mearth2studio.data.utils[0m:[36m_make_local_details[0m:[36m1070[0m - [34m[1mCopying /gcp-public-data-arco-era5/ar/full_37-1h-0p25deg-chunk-1.zarr-v3/geopotential/700122.0.0.0 to local cache[0m
[32m2026-07-15 13:46:16.601[0m | [34m[1mDEBUG   [0m | [36mearth2studio.data.utils[0m:[36m_make_local_details[0m:[36m1070[0m - [34m[1mCopying /gcp-public-data-arco-era5/ar/full_37-1h-0p25deg-chunk-1.zarr-v3/mean_sea_level_pressure/700122.0.0 to local cache[0m
[32m2026-07-15 13:46:23.230[0m | [34m[1mDEBUG   [0m | [36mearth2studio.data.utils[0m:[36m_make_local_details[0m:[36m1070[0m - [34m[1mCopying /gcp-public-data-arco-era5/ar/full_37-1h-0p25deg-chunk-1.zarr-v3/2m_dewpoint_temperature/700128.0.0 to local cache[0m
[32m2026-07-15 13:46:23.231[0m | [34m[1mDEBUG   [0m | [36mearth2studio.data.utils[0m:[36m_make_local_details[0m:[36m1070[0m - [34m[1mCopying /gcp-public-data-arco-era5/ar/full_37-1h-0p25deg-chunk-1.zarr-v3/v_component_of_wind/700128.0.0.0 to local cache[0m
[32m2026-07-15 13:46:23.234[0m | [34m[1mDEBUG   [0m | [36mearth2studio.data.utils[0m:[36m_make_local_details[0m:[36m1070[0m - [34m[1mCopying /gcp-public-data-arco-era5/ar/full_37-1h-0p25deg-chunk-1.zarr-v3/temperature/700128.0.0.0 to local cache[0m
[32m2026-07-15 13:46:23.234[0m | [34m[1mDEBUG   [0m | [36mearth2studio.data.utils[0m:[36m_make_local_details[0m:[36m1070[0m - [34m[1mCopying /gcp-public-data-arco-era5/ar/full_37-1h-0p25deg-chunk-1.zarr-v3/u_component_of_wind/700128.0.0.0 to local cache[0m
[32m2026-07-15 13:46:23.241[0m | [34m[1mDEBUG   [0m | [36mearth2studio.data.utils[0m:[36m_make_local_details[0m:[36m1070[0m - [34m[1mCopying /gcp-public-data-arco-era5/ar/full_37-1h-0p25deg-chunk-1.zarr-v3/volumetric_soil_water_layer_1/700128.0.0 to local cache[0m
[32m2026-07-15 13:46:23.243[0m | [34m[1mDEBUG   [0m | [36mearth2studio.data.utils[0m:[36m_make_local_details[0m:[36m1070[0m - [34m[1mCopying /gcp-public-data-arco-era5/ar/full_37-1h-0p25deg-chunk-1.zarr-v3/vertical_velocity/700128.0.0.0 to local cache[0m
[32m2026-07-15 13:46:23.253[0m | [34m[1mDEBUG   [0m | [36mearth2studio.data.utils[0m:[36m_make_local_details[0m:[36m1070[0m - [34m[1mCopying /gcp-public-data-arco-era5/ar/full_37-1h-0p25deg-chunk-1.zarr-v3/volumetric_soil_water_layer_2/700128.0.0 to local cache[0m
[32m2026-07-15 13:46:23.278[0m | [34m[1mDEBUG   [0m | [36mearth2studio.data.utils[0m:[36m_make_local_details[0m:[36m1070[0m - [34m[1mCopying /gcp-public-data-arco-era5/ar/full_37-1h-0p25deg-chunk-1.zarr-v3/10m_u_component_of_wind/700128.0.0 to local cache[0m
[32m2026-07-15 13:46:23.307[0m | [34m[1mDEBUG   [0m | [36mearth2studio.data.utils[0m:[36m_make_local_details[0m:[36m1070[0m - [34m[1mCopying /gcp-public-data-arco-era5/ar/full_37-1h-0p25deg-chunk-1.zarr-v3/mean_sea_level_pressure/700128.0.0 to local cache[0m
[32m2026-07-15 13:46:23.316[0m | [34m[1mDEBUG   [0m | [36mearth2studio.data.utils[0m:[36m_make_local_details[0m:[36m1070[0m - [34m[1mCopying /gcp-public-data-arco-era5/ar/full_37-1h-0p25deg-chunk-1.zarr-v3/10m_v_component_of_wind/700128.0.0 to local cache[0m
[32m2026-07-15 13:46:23.317[0m | [34m[1mDEBUG   [0m | [36mearth2studio.data.utils[0m:[36m_make_local_details[0m:[36m1070[0m - [34m[1mCopying /gcp-public-data-arco-era5/ar/full_37-1h-0p25deg-chunk-1.zarr-v3/skin_temperature/700128.0.0 to local cache[0m
[32m2026-07-15 13:46:23.318[0m | [34m[1mDEBUG   [0m | [36mearth2studio.data.utils[0m:[36m_make_local_details[0m:[36m1070[0m - [34m[1mCopying /gcp-public-data-arco-era5/ar/full_37-1h-0p25deg-chunk-1.zarr-v3/2m_temperature/700128.0.0 to local cache[0m
[32m2026-07-15 13:46:23.319[0m | [34m[1mDEBUG   [0m | [36mearth2studio.data.utils[0m:[36m_make_local_details[0m:[36m1070[0m - [34m[1mCopying /gcp-public-data-arco-era5/ar/full_37-1h-0p25deg-chunk-1.zarr-v3/specific_humidity/700128.0.0.0 to local cache[0m
[32m2026-07-15 13:46:23.321[0m | [34m[1mDEBUG   [0m | [36mearth2studio.data.utils[0m:[36m_make_local_details[0m:[36m1070[0m - [34m[1mCopying /gcp-public-data-arco-era5/ar/full_37-1h-0p25deg-chunk-1.zarr-v3/surface_pressure/700128.0.0 to local cache[0m
[32m2026-07-15 13:46:23.325[0m | [34m[1mDEBUG   [0m | [36mearth2studio.data.utils[0m:[36m_make_local_details[0m:[36m1070[0m - [34m[1mCopying /gcp-public-data-arco-era5/ar/full_37-1h-0p25deg-chunk-1.zarr-v3/geopotential/700128.0.0.0 to local cache[0m
[32m2026-07-15 13:46:23.327[0m | [34m[1mDEBUG   [0m | [36mearth2studio.data.utils[0m:[36m_make_local_details[0m:[36m1070[0m - [34m[1mCopying /gcp-public-data-arco-era5/ar/full_37-1h-0p25deg-chunk-1.zarr-v3/total_column_water/700128.0.0 to local cache[0m
[32m2026-07-15 13:46:23.335[0m | [34m[1mDEBUG   [0m | [36mearth2studio.data.utils[0m:[36m_make_local_details[0m:[36m1070[0m - [34m[1mCopying /gcp-public-data-arco-era5/ar/full_37-1h-0p25deg-chunk-1.zarr-v3/soil_temperature_level_1/700128.0.0 to local cache[0m
[32m2026-07-15 13:46:23.378[0m | [34m[1mDEBUG   [0m | [36mearth2studio.data.utils[0m:[36m_make_local_details[0m:[36m1070[0m - [34m[1mCopying /gcp-public-data-arco-era5/ar/full_37-1h-0p25deg-chunk-1.zarr-v3/soil_temperature_level_2/700128.0.0 to local cache[0m
target_step 31: sum=1.2838e-02
Saved /cluster/projects/nn12107k/robin/earth2studio/aifs_attributions_vestlandet/aifs_ig_attributions_vestlandet_init1979-11-15T00_target1979-11-23T00.nc
Cleaned up temporary input data cache: /cluster/projects/nn12107k/robin/e2s_data_cache__egefu9z
Init: 1979-11-15 06:00:00 -> target valid time 1979-11-23 00:00:00 (31 steps, target_step=30)
[32m2026-07-15 13:56:48.844[0m | [34m[1mDEBUG   [0m | [36mearth2studio.data.utils[0m:[36m_make_local_details[0m:[36m1070[0m - [34m[1mCopying /gcp-public-data-arco-era5/ar/full_37-1h-0p25deg-chunk-1.zarr-v3/.zattrs to local cache[0m
[32m2026-07-15 13:56:49.775[0m | [34m[1mDEBUG   [0m | [36mearth2studio.data.utils[0m:[36m_make_local_details[0m:[36m1070[0m - [34m[1mCopying /gcp-public-data-arco-era5/ar/full_37-1h-0p25deg-chunk-1.zarr-v3/.zgroup to local cache[0m
[32m2026-07-15 13:56:49.860[0m | [34m[1mDEBUG   [0m | [36mearth2studio.data.utils[0m:[36m_make_local_details[0m:[36m1070[0m - [34m[1mCopying /gcp-public-data-arco-era5/ar/full_37-1h-0p25deg-chunk-1.zarr-v3/.zmetadata to local cache[0m
[32m2026-07-15 13:56:50.179[0m | [34m[1mDEBUG   [0m | [36mearth2studio.data.utils[0m:[36m_make_local_details[0m:[36m1070[0m - [34m[1mCopying /gcp-public-data-arco-era5/ar/full_37-1h-0p25deg-chunk-1.zarr-v3/level/0 to local cache[0m
[32m2026-07-15 13:56:50.531[0m | [34m[1mDEBUG   [0m | [36mearth2studio.data.utils[0m:[36m_make_local_details[0m:[36m1070[0m - [34m[1mCopying /gcp-public-data-arco-era5/ar/model-level-1h-0p25deg.zarr-v1/.zattrs to local cache[0m
[32m2026-07-15 13:56:50.786[0m | [34m[1mDEBUG   [0m | [36mearth2studio.data.utils[0m:[36m_make_local_details[0m:[36m1070[0m - [34m[1mCopying /gcp-public-data-arco-era5/ar/model-level-1h-0p25deg.zarr-v1/.zgroup to local cache[0m
[32m2026-07-15 13:56:50.794[0m | [34m[1mDEBUG   [0m | [36mearth2studio.data.utils[0m:[36m_make_local_details[0m:[36m1070[0m - [34m[1mCopying /gcp-public-data-arco-era5/ar/model-level-1h-0p25deg.zarr-v1/.zmetadata to local cache[0m
[32m2026-07-15 13:56:51.237[0m | [34m[1mDEBUG   [0m | [36mearth2studio.data.utils[0m:[36m_make_local_details[0m:[36m1070[0m - [34m[1mCopying /gcp-public-data-arco-era5/ar/model-level-1h-0p25deg.zarr-v1/hybrid/0 to local cache[0m
[32m2026-07-15 13:56:51.464[0m | [34m[1mDEBUG   [0m | [36mearth2studio.data.utils[0m:[36m_make_local_details[0m:[36m1070[0m - [34m[1mCopying /gcp-public-data-arco-era5/ar/full_37-1h-0p25deg-chunk-1.zarr-v3/2m_dewpoint_temperature/700128.0.0 to local cache[0m
[32m2026-07-15 13:56:51.489[0m | [34m[1mDEBUG   [0m | [36mearth2studio.data.utils[0m:[36m_make_local_details[0m:[36m1070[0m - [34m[1mCopying /gcp-public-data-arco-era5/ar/full_37-1h-0p25deg-chunk-1.zarr-v3/2m_temperature/700128.0.0 to local cache[0m
[32m2026-07-15 13:56:51.546[0m | [34m[1mDEBUG   [0m | [36mearth2studio.data.utils[0m:[36m_make_local_details[0m:[36m1070[0m - [34m[1mCopying /gcp-public-data-arco-era5/ar/full_37-1h-0p25deg-chunk-1.zarr-v3/10m_u_component_of_wind/700128.0.0 to local cache[0m
[32m2026-07-15 13:56:51.549[0m | [34m[1mDEBUG   [0m | [36mearth2studio.data.utils[0m:[36m_make_local_details[0m:[36m1070[0m - [34m[1mCopying /gcp-public-data-arco-era5/ar/full_37-1h-0p25deg-chunk-1.zarr-v3/mean_sea_level_pressure/700128.0.0 to local cache[0m
[32m2026-07-15 13:56:51.568[0m | [34m[1mDEBUG   [0m | [36mearth2studio.data.utils[0m:[36m_make_local_details[0m:[36m1070[0m - [34m[1mCopying /gcp-public-data-arco-era5/ar/full_37-1h-0p25deg-chunk-1.zarr-v3/u_component_of_wind/700128.0.0.0 to local cache[0m
[32m2026-07-15 13:56:51.572[0m | [34m[1mDEBUG   [0m | [36mearth2studio.data.utils[0m:[36m_make_local_details[0m:[36m1070[0m - [34m[1mCopying /gcp-public-data-arco-era5/ar/full_37-1h-0p25deg-chunk-1.zarr-v3/10m_v_component_of_wind/700128.0.0 to local cache[0m
[32m2026-07-15 13:56:51.575[0m | [34m[1mDEBUG   [0m | [36mearth2studio.data.utils[0m:[36m_make_local_details[0m:[36m1070[0m - [34m[1mCopying /gcp-public-data-arco-era5/ar/full_37-1h-0p25deg-chunk-1.zarr-v3/geopotential/700128.0.0.0 to local cache[0m
[32m2026-07-15 13:56:51.575[0m | [34m[1mDEBUG   [0m | [36mearth2studio.data.utils[0m:[36m_make_local_details[0m:[36m1070[0m - [34m[1mCopying /gcp-public-data-arco-era5/ar/full_37-1h-0p25deg-chunk-1.zarr-v3/surface_pressure/700128.0.0 to local cache[0m
[32m2026-07-15 13:56:51.576[0m | [34m[1mDEBUG   [0m | [36mearth2studio.data.utils[0m:[36m_make_local_details[0m:[36m1070[0m - [34m[1mCopying /gcp-public-data-arco-era5/ar/full_37-1h-0p25deg-chunk-1.zarr-v3/soil_temperature_level_1/700128.0.0 to local cache[0m
[32m2026-07-15 13:56:51.579[0m | [34m[1mDEBUG   [0m | [36mearth2studio.data.utils[0m:[36m_make_local_details[0m:[36m1070[0m - [34m[1mCopying /gcp-public-data-arco-era5/ar/full_37-1h-0p25deg-chunk-1.zarr-v3/temperature/700128.0.0.0 to local cache[0m
[32m2026-07-15 13:56:51.580[0m | [34m[1mDEBUG   [0m | [36mearth2studio.data.utils[0m:[36m_make_local_details[0m:[36m1070[0m - [34m[1mCopying /gcp-public-data-arco-era5/ar/full_37-1h-0p25deg-chunk-1.zarr-v3/specific_humidity/700128.0.0.0 to local cache[0m
[32m2026-07-15 13:56:51.583[0m | [34m[1mDEBUG   [0m | [36mearth2studio.data.utils[0m:[36m_make_local_details[0m:[36m1070[0m - [34m[1mCopying /gcp-public-data-arco-era5/ar/full_37-1h-0p25deg-chunk-1.zarr-v3/skin_temperature/700128.0.0 to local cache[0m
[32m2026-07-15 13:56:51.585[0m | [34m[1mDEBUG   [0m | [36mearth2studio.data.utils[0m:[36m_make_local_details[0m:[36m1070[0m - [34m[1mCopying /gcp-public-data-arco-era5/ar/full_37-1h-0p25deg-chunk-1.zarr-v3/v_component_of_wind/700128.0.0.0 to local cache[0m
[32m2026-07-15 13:56:51.587[0m | [34m[1mDEBUG   [0m | [36mearth2studio.data.utils[0m:[36m_make_local_details[0m:[36m1070[0m - [34m[1mCopying /gcp-public-data-arco-era5/ar/full_37-1h-0p25deg-chunk-1.zarr-v3/total_column_water/700128.0.0 to local cache[0m
[32m2026-07-15 13:56:51.588[0m | [34m[1mDEBUG   [0m | [36mearth2studio.data.utils[0m:[36m_make_local_details[0m:[36m1070[0m - [34m[1mCopying /gcp-public-data-arco-era5/ar/full_37-1h-0p25deg-chunk-1.zarr-v3/vertical_velocity/700128.0.0.0 to local cache[0m
[32m2026-07-15 13:56:51.610[0m | [34m[1mDEBUG   [0m | [36mearth2studio.data.utils[0m:[36m_make_local_details[0m:[36m1070[0m - [34m[1mCopying /gcp-public-data-arco-era5/ar/full_37-1h-0p25deg-chunk-1.zarr-v3/soil_temperature_level_2/700128.0.0 to local cache[0m
[32m2026-07-15 13:56:51.646[0m | [34m[1mDEBUG   [0m | [36mearth2studio.data.utils[0m:[36m_make_local_details[0m:[36m1070[0m - [34m[1mCopying /gcp-public-data-arco-era5/ar/full_37-1h-0p25deg-chunk-1.zarr-v3/volumetric_soil_water_layer_1/700128.0.0 to local cache[0m
[32m2026-07-15 13:56:51.660[0m | [34m[1mDEBUG   [0m | [36mearth2studio.data.utils[0m:[36m_make_local_details[0m:[36m1070[0m - [34m[1mCopying /gcp-public-data-arco-era5/ar/full_37-1h-0p25deg-chunk-1.zarr-v3/volumetric_soil_water_layer_2/700128.0.0 to local cache[0m
[32m2026-07-15 13:56:59.036[0m | [34m[1mDEBUG   [0m | [36mearth2studio.data.utils[0m:[36m_make_local_details[0m:[36m1070[0m - [34m[1mCopying /gcp-public-data-arco-era5/ar/full_37-1h-0p25deg-chunk-1.zarr-v3/2m_dewpoint_temperature/700134.0.0 to local cache[0m
[32m2026-07-15 13:56:59.038[0m | [34m[1mDEBUG   [0m | [36mearth2studio.data.utils[0m:[36m_make_local_details[0m:[36m1070[0m - [34m[1mCopying /gcp-public-data-arco-era5/ar/full_37-1h-0p25deg-chunk-1.zarr-v3/u_component_of_wind/700134.0.0.0 to local cache[0m
[32m2026-07-15 13:56:59.039[0m | [34m[1mDEBUG   [0m | [36mearth2studio.data.utils[0m:[36m_make_local_details[0m:[36m1070[0m - [34m[1mCopying /gcp-public-data-arco-era5/ar/full_37-1h-0p25deg-chunk-1.zarr-v3/v_component_of_wind/700134.0.0.0 to local cache[0m
[32m2026-07-15 13:56:59.041[0m | [34m[1mDEBUG   [0m | [36mearth2studio.data.utils[0m:[36m_make_local_details[0m:[36m1070[0m - [34m[1mCopying /gcp-public-data-arco-era5/ar/full_37-1h-0p25deg-chunk-1.zarr-v3/skin_temperature/700134.0.0 to local cache[0m
[32m2026-07-15 13:56:59.041[0m | [34m[1mDEBUG   [0m | [36mearth2studio.data.utils[0m:[36m_make_local_details[0m:[36m1070[0m - [34m[1mCopying /gcp-public-data-arco-era5/ar/full_37-1h-0p25deg-chunk-1.zarr-v3/volumetric_soil_water_layer_2/700134.0.0 to local cache[0m
[32m2026-07-15 13:56:59.042[0m | [34m[1mDEBUG   [0m | [36mearth2studio.data.utils[0m:[36m_make_local_details[0m:[36m1070[0m - [34m[1mCopying /gcp-public-data-arco-era5/ar/full_37-1h-0p25deg-chunk-1.zarr-v3/temperature/700134.0.0.0 to local cache[0m
[32m2026-07-15 13:56:59.044[0m | [34m[1mDEBUG   [0m | [36mearth2studio.data.utils[0m:[36m_make_local_details[0m:[36m1070[0m - [34m[1mCopying /gcp-public-data-arco-era5/ar/full_37-1h-0p25deg-chunk-1.zarr-v3/specific_humidity/700134.0.0.0 to local cache[0m
[32m2026-07-15 13:56:59.046[0m | [34m[1mDEBUG   [0m | [36mearth2studio.data.utils[0m:[36m_make_local_details[0m:[36m1070[0m - [34m[1mCopying /gcp-public-data-arco-era5/ar/full_37-1h-0p25deg-chunk-1.zarr-v3/geopotential/700134.0.0.0 to local cache[0m
[32m2026-07-15 13:56:59.047[0m | [34m[1mDEBUG   [0m | [36mearth2studio.data.utils[0m:[36m_make_local_details[0m:[36m1070[0m - [34m[1mCopying /gcp-public-data-arco-era5/ar/full_37-1h-0p25deg-chunk-1.zarr-v3/soil_temperature_level_1/700134.0.0 to local cache[0m
[32m2026-07-15 13:56:59.048[0m | [34m[1mDEBUG   [0m | [36mearth2studio.data.utils[0m:[36m_make_local_details[0m:[36m1070[0m - [34m[1mCopying /gcp-public-data-arco-era5/ar/full_37-1h-0p25deg-chunk-1.zarr-v3/10m_v_component_of_wind/700134.0.0 to local cache[0m
[32m2026-07-15 13:56:59.123[0m | [34m[1mDEBUG   [0m | [36mearth2studio.data.utils[0m:[36m_make_local_details[0m:[36m1070[0m - [34m[1mCopying /gcp-public-data-arco-era5/ar/full_37-1h-0p25deg-chunk-1.zarr-v3/2m_temperature/700134.0.0 to local cache[0m
[32m2026-07-15 13:56:59.128[0m | [34m[1mDEBUG   [0m | [36mearth2studio.data.utils[0m:[36m_make_local_details[0m:[36m1070[0m - [34m[1mCopying /gcp-public-data-arco-era5/ar/full_37-1h-0p25deg-chunk-1.zarr-v3/total_column_water/700134.0.0 to local cache[0m
[32m2026-07-15 13:56:59.129[0m | [34m[1mDEBUG   [0m | [36mearth2studio.data.utils[0m:[36m_make_local_details[0m:[36m1070[0m - [34m[1mCopying /gcp-public-data-arco-era5/ar/full_37-1h-0p25deg-chunk-1.zarr-v3/volumetric_soil_water_layer_1/700134.0.0 to local cache[0m
[32m2026-07-15 13:56:59.131[0m | [34m[1mDEBUG   [0m | [36mearth2studio.data.utils[0m:[36m_make_local_details[0m:[36m1070[0m - [34m[1mCopying /gcp-public-data-arco-era5/ar/full_37-1h-0p25deg-chunk-1.zarr-v3/vertical_velocity/700134.0.0.0 to local cache[0m
[32m2026-07-15 13:56:59.133[0m | [34m[1mDEBUG   [0m | [36mearth2studio.data.utils[0m:[36m_make_local_details[0m:[36m1070[0m - [34m[1mCopying /gcp-public-data-arco-era5/ar/full_37-1h-0p25deg-chunk-1.zarr-v3/10m_u_component_of_wind/700134.0.0 to local cache[0m
[32m2026-07-15 13:56:59.136[0m | [34m[1mDEBUG   [0m | [36mearth2studio.data.utils[0m:[36m_make_local_details[0m:[36m1070[0m - [34m[1mCopying /gcp-public-data-arco-era5/ar/full_37-1h-0p25deg-chunk-1.zarr-v3/mean_sea_level_pressure/700134.0.0 to local cache[0m
[32m2026-07-15 13:56:59.156[0m | [34m[1mDEBUG   [0m | [36mearth2studio.data.utils[0m:[36m_make_local_details[0m:[36m1070[0m - [34m[1mCopying /gcp-public-data-arco-era5/ar/full_37-1h-0p25deg-chunk-1.zarr-v3/soil_temperature_level_2/700134.0.0 to local cache[0m
[32m2026-07-15 13:56:59.166[0m | [34m[1mDEBUG   [0m | [36mearth2studio.data.utils[0m:[36m_make_local_details[0m:[36m1070[0m - [34m[1mCopying /gcp-public-data-arco-era5/ar/full_37-1h-0p25deg-chunk-1.zarr-v3/surface_pressure/700134.0.0 to local cache[0m
target_step 30: sum=-3.2792e-02
Saved /cluster/projects/nn12107k/robin/earth2studio/aifs_attributions_vestlandet/aifs_ig_attributions_vestlandet_init1979-11-15T06_target1979-11-23T00.nc
Cleaned up temporary input data cache: /cluster/projects/nn12107k/robin/e2s_data_cache_poznhr5p
Init: 1979-11-15 12:00:00 -> target valid time 1979-11-23 00:00:00 (30 steps, target_step=29)
[32m2026-07-15 14:07:04.402[0m | [34m[1mDEBUG   [0m | [36mearth2studio.data.utils[0m:[36m_make_local_details[0m:[36m1070[0m - [34m[1mCopying /gcp-public-data-arco-era5/ar/full_37-1h-0p25deg-chunk-1.zarr-v3/.zattrs to local cache[0m
[32m2026-07-15 14:07:05.379[0m | [34m[1mDEBUG   [0m | [36mearth2studio.data.utils[0m:[36m_make_local_details[0m:[36m1070[0m - [34m[1mCopying /gcp-public-data-arco-era5/ar/full_37-1h-0p25deg-chunk-1.zarr-v3/.zgroup to local cache[0m
[32m2026-07-15 14:07:05.457[0m | [34m[1mDEBUG   [0m | [36mearth2studio.data.utils[0m:[36m_make_local_details[0m:[36m1070[0m - [34m[1mCopying /gcp-public-data-arco-era5/ar/full_37-1h-0p25deg-chunk-1.zarr-v3/.zmetadata to local cache[0m
[32m2026-07-15 14:07:05.767[0m | [34m[1mDEBUG   [0m | [36mearth2studio.data.utils[0m:[36m_make_local_details[0m:[36m1070[0m - [34m[1mCopying /gcp-public-data-arco-era5/ar/full_37-1h-0p25deg-chunk-1.zarr-v3/level/0 to local cache[0m
[32m2026-07-15 14:07:06.054[0m | [34m[1mDEBUG   [0m | [36mearth2studio.data.utils[0m:[36m_make_local_details[0m:[36m1070[0m - [34m[1mCopying /gcp-public-data-arco-era5/ar/model-level-1h-0p25deg.zarr-v1/.zattrs to local cache[0m
[32m2026-07-15 14:07:06.474[0m | [34m[1mDEBUG   [0m | [36mearth2studio.data.utils[0m:[36m_make_local_details[0m:[36m1070[0m - [34m[1mCopying /gcp-public-data-arco-era5/ar/model-level-1h-0p25deg.zarr-v1/.zgroup to local cache[0m
[32m2026-07-15 14:07:06.489[0m | [34m[1mDEBUG   [0m | [36mearth2studio.data.utils[0m:[36m_make_local_details[0m:[36m1070[0m - [34m[1mCopying /gcp-public-data-arco-era5/ar/model-level-1h-0p25deg.zarr-v1/.zmetadata to local cache[0m
[32m2026-07-15 14:07:06.821[0m | [34m[1mDEBUG   [0m | [36mearth2studio.data.utils[0m:[36m_make_local_details[0m:[36m1070[0m - [34m[1mCopying /gcp-public-data-arco-era5/ar/model-level-1h-0p25deg.zarr-v1/hybrid/0 to local cache[0m
[32m2026-07-15 14:07:07.040[0m | [34m[1mDEBUG   [0m | [36mearth2studio.data.utils[0m:[36m_make_local_details[0m:[36m1070[0m - [34m[1mCopying /gcp-public-data-arco-era5/ar/full_37-1h-0p25deg-chunk-1.zarr-v3/2m_dewpoint_temperature/700134.0.0 to local cache[0m
[32m2026-07-15 14:07:07.041[0m | [34m[1mDEBUG   [0m | [36mearth2studio.data.utils[0m:[36m_make_local_details[0m:[36m1070[0m - [34m[1mCopying /gcp-public-data-arco-era5/ar/full_37-1h-0p25deg-chunk-1.zarr-v3/soil_temperature_level_2/700134.0.0 to local cache[0m
[32m2026-07-15 14:07:07.127[0m | [34m[1mDEBUG   [0m | [36mearth2studio.data.utils[0m:[36m_make_local_details[0m:[36m1070[0m - [34m[1mCopying /gcp-public-data-arco-era5/ar/full_37-1h-0p25deg-chunk-1.zarr-v3/geopotential/700134.0.0.0 to local cache[0m
[32m2026-07-15 14:07:07.128[0m | [34m[1mDEBUG   [0m | [36mearth2studio.data.utils[0m:[36m_make_local_details[0m:[36m1070[0m - [34m[1mCopying /gcp-public-data-arco-era5/ar/full_37-1h-0p25deg-chunk-1.zarr-v3/volumetric_soil_water_layer_2/700134.0.0 to local cache[0m
[32m2026-07-15 14:07:07.133[0m | [34m[1mDEBUG   [0m | [36mearth2studio.data.utils[0m:[36m_make_local_details[0m:[36m1070[0m - [34m[1mCopying /gcp-public-data-arco-era5/ar/full_37-1h-0p25deg-chunk-1.zarr-v3/10m_v_component_of_wind/700134.0.0 to local cache[0m
[32m2026-07-15 14:07:07.134[0m | [34m[1mDEBUG   [0m | [36mearth2studio.data.utils[0m:[36m_make_local_details[0m:[36m1070[0m - [34m[1mCopying /gcp-public-data-arco-era5/ar/full_37-1h-0p25deg-chunk-1.zarr-v3/2m_temperature/700134.0.0 to local cache[0m
[32m2026-07-15 14:07:07.136[0m | [34m[1mDEBUG   [0m | [36mearth2studio.data.utils[0m:[36m_make_local_details[0m:[36m1070[0m - [34m[1mCopying /gcp-public-data-arco-era5/ar/full_37-1h-0p25deg-chunk-1.zarr-v3/skin_temperature/700134.0.0 to local cache[0m
[32m2026-07-15 14:07:07.139[0m | [34m[1mDEBUG   [0m | [36mearth2studio.data.utils[0m:[36m_make_local_details[0m:[36m1070[0m - [34m[1mCopying /gcp-public-data-arco-era5/ar/full_37-1h-0p25deg-chunk-1.zarr-v3/u_component_of_wind/700134.0.0.0 to local cache[0m
[32m2026-07-15 14:07:07.143[0m | [34m[1mDEBUG   [0m | [36mearth2studio.data.utils[0m:[36m_make_local_details[0m:[36m1070[0m - [34m[1mCopying /gcp-public-data-arco-era5/ar/full_37-1h-0p25deg-chunk-1.zarr-v3/mean_sea_level_pressure/700134.0.0 to local cache[0m
[32m2026-07-15 14:07:07.145[0m | [34m[1mDEBUG   [0m | [36mearth2studio.data.utils[0m:[36m_make_local_details[0m:[36m1070[0m - [34m[1mCopying /gcp-public-data-arco-era5/ar/full_37-1h-0p25deg-chunk-1.zarr-v3/v_component_of_wind/700134.0.0.0 to local cache[0m
[32m2026-07-15 14:07:07.146[0m | [34m[1mDEBUG   [0m | [36mearth2studio.data.utils[0m:[36m_make_local_details[0m:[36m1070[0m - [34m[1mCopying /gcp-public-data-arco-era5/ar/full_37-1h-0p25deg-chunk-1.zarr-v3/volumetric_soil_water_layer_1/700134.0.0 to local cache[0m
[32m2026-07-15 14:07:07.148[0m | [34m[1mDEBUG   [0m | [36mearth2studio.data.utils[0m:[36m_make_local_details[0m:[36m1070[0m - [34m[1mCopying /gcp-public-data-arco-era5/ar/full_37-1h-0p25deg-chunk-1.zarr-v3/vertical_velocity/700134.0.0.0 to local cache[0m
[32m2026-07-15 14:07:07.150[0m | [34m[1mDEBUG   [0m | [36mearth2studio.data.utils[0m:[36m_make_local_details[0m:[36m1070[0m - [34m[1mCopying /gcp-public-data-arco-era5/ar/full_37-1h-0p25deg-chunk-1.zarr-v3/10m_u_component_of_wind/700134.0.0 to local cache[0m
[32m2026-07-15 14:07:07.150[0m | [34m[1mDEBUG   [0m | [36mearth2studio.data.utils[0m:[36m_make_local_details[0m:[36m1070[0m - [34m[1mCopying /gcp-public-data-arco-era5/ar/full_37-1h-0p25deg-chunk-1.zarr-v3/specific_humidity/700134.0.0.0 to local cache[0m
[32m2026-07-15 14:07:07.152[0m | [34m[1mDEBUG   [0m | [36mearth2studio.data.utils[0m:[36m_make_local_details[0m:[36m1070[0m - [34m[1mCopying /gcp-public-data-arco-era5/ar/full_37-1h-0p25deg-chunk-1.zarr-v3/temperature/700134.0.0.0 to local cache[0m
[32m2026-07-15 14:07:07.155[0m | [34m[1mDEBUG   [0m | [36mearth2studio.data.utils[0m:[36m_make_local_details[0m:[36m1070[0m - [34m[1mCopying /gcp-public-data-arco-era5/ar/full_37-1h-0p25deg-chunk-1.zarr-v3/soil_temperature_level_1/700134.0.0 to local cache[0m
[32m2026-07-15 14:07:07.161[0m | [34m[1mDEBUG   [0m | [36mearth2studio.data.utils[0m:[36m_make_local_details[0m:[36m1070[0m - [34m[1mCopying /gcp-public-data-arco-era5/ar/full_37-1h-0p25deg-chunk-1.zarr-v3/total_column_water/700134.0.0 to local cache[0m
[32m2026-07-15 14:07:07.216[0m | [34m[1mDEBUG   [0m | [36mearth2studio.data.utils[0m:[36m_make_local_details[0m:[36m1070[0m - [34m[1mCopying /gcp-public-data-arco-era5/ar/full_37-1h-0p25deg-chunk-1.zarr-v3/surface_pressure/700134.0.0 to local cache[0m
[32m2026-07-15 14:07:12.501[0m | [34m[1mDEBUG   [0m | [36mearth2studio.data.utils[0m:[36m_make_local_details[0m:[36m1070[0m - [34m[1mCopying /gcp-public-data-arco-era5/ar/full_37-1h-0p25deg-chunk-1.zarr-v3/temperature/700140.0.0.0 to local cache[0m
[32m2026-07-15 14:07:12.501[0m | [34m[1mDEBUG   [0m | [36mearth2studio.data.utils[0m:[36m_make_local_details[0m:[36m1070[0m - [34m[1mCopying /gcp-public-data-arco-era5/ar/full_37-1h-0p25deg-chunk-1.zarr-v3/geopotential/700140.0.0.0 to local cache[0m
[32m2026-07-15 14:07:12.504[0m | [34m[1mDEBUG   [0m | [36mearth2studio.data.utils[0m:[36m_make_local_details[0m:[36m1070[0m - [34m[1mCopying /gcp-public-data-arco-era5/ar/full_37-1h-0p25deg-chunk-1.zarr-v3/specific_humidity/700140.0.0.0 to local cache[0m
[32m2026-07-15 14:07:12.505[0m | [34m[1mDEBUG   [0m | [36mearth2studio.data.utils[0m:[36m_make_local_details[0m:[36m1070[0m - [34m[1mCopying /gcp-public-data-arco-era5/ar/full_37-1h-0p25deg-chunk-1.zarr-v3/volumetric_soil_water_layer_2/700140.0.0 to local cache[0m
[32m2026-07-15 14:07:12.505[0m | [34m[1mDEBUG   [0m | [36mearth2studio.data.utils[0m:[36m_make_local_details[0m:[36m1070[0m - [34m[1mCopying /gcp-public-data-arco-era5/ar/full_37-1h-0p25deg-chunk-1.zarr-v3/soil_temperature_level_1/700140.0.0 to local cache[0m
[32m2026-07-15 14:07:12.507[0m | [34m[1mDEBUG   [0m | [36mearth2studio.data.utils[0m:[36m_make_local_details[0m:[36m1070[0m - [34m[1mCopying /gcp-public-data-arco-era5/ar/full_37-1h-0p25deg-chunk-1.zarr-v3/soil_temperature_level_2/700140.0.0 to local cache[0m
[32m2026-07-15 14:07:12.509[0m | [34m[1mDEBUG   [0m | [36mearth2studio.data.utils[0m:[36m_make_local_details[0m:[36m1070[0m - [34m[1mCopying /gcp-public-data-arco-era5/ar/full_37-1h-0p25deg-chunk-1.zarr-v3/u_component_of_wind/700140.0.0.0 to local cache[0m
[32m2026-07-15 14:07:12.509[0m | [34m[1mDEBUG   [0m | [36mearth2studio.data.utils[0m:[36m_make_local_details[0m:[36m1070[0m - [34m[1mCopying /gcp-public-data-arco-era5/ar/full_37-1h-0p25deg-chunk-1.zarr-v3/v_component_of_wind/700140.0.0.0 to local cache[0m
[32m2026-07-15 14:07:12.512[0m | [34m[1mDEBUG   [0m | [36mearth2studio.data.utils[0m:[36m_make_local_details[0m:[36m1070[0m - [34m[1mCopying /gcp-public-data-arco-era5/ar/full_37-1h-0p25deg-chunk-1.zarr-v3/volumetric_soil_water_layer_1/700140.0.0 to local cache[0m
[32m2026-07-15 14:07:12.512[0m | [34m[1mDEBUG   [0m | [36mearth2studio.data.utils[0m:[36m_make_local_details[0m:[36m1070[0m - [34m[1mCopying /gcp-public-data-arco-era5/ar/full_37-1h-0p25deg-chunk-1.zarr-v3/mean_sea_level_pressure/700140.0.0 to local cache[0m
[32m2026-07-15 14:07:12.589[0m | [34m[1mDEBUG   [0m | [36mearth2studio.data.utils[0m:[36m_make_local_details[0m:[36m1070[0m - [34m[1mCopying /gcp-public-data-arco-era5/ar/full_37-1h-0p25deg-chunk-1.zarr-v3/vertical_velocity/700140.0.0.0 to local cache[0m
[32m2026-07-15 14:07:12.596[0m | [34m[1mDEBUG   [0m | [36mearth2studio.data.utils[0m:[36m_make_local_details[0m:[36m1070[0m - [34m[1mCopying /gcp-public-data-arco-era5/ar/full_37-1h-0p25deg-chunk-1.zarr-v3/2m_dewpoint_temperature/700140.0.0 to local cache[0m
[32m2026-07-15 14:07:12.599[0m | [34m[1mDEBUG   [0m | [36mearth2studio.data.utils[0m:[36m_make_local_details[0m:[36m1070[0m - [34m[1mCopying /gcp-public-data-arco-era5/ar/full_37-1h-0p25deg-chunk-1.zarr-v3/surface_pressure/700140.0.0 to local cache[0m
[32m2026-07-15 14:07:12.600[0m | [34m[1mDEBUG   [0m | [36mearth2studio.data.utils[0m:[36m_make_local_details[0m:[36m1070[0m - [34m[1mCopying /gcp-public-data-arco-era5/ar/full_37-1h-0p25deg-chunk-1.zarr-v3/10m_v_component_of_wind/700140.0.0 to local cache[0m
[32m2026-07-15 14:07:12.602[0m | [34m[1mDEBUG   [0m | [36mearth2studio.data.utils[0m:[36m_make_local_details[0m:[36m1070[0m - [34m[1mCopying /gcp-public-data-arco-era5/ar/full_37-1h-0p25deg-chunk-1.zarr-v3/total_column_water/700140.0.0 to local cache[0m
[32m2026-07-15 14:07:12.604[0m | [34m[1mDEBUG   [0m | [36mearth2studio.data.utils[0m:[36m_make_local_details[0m:[36m1070[0m - [34m[1mCopying /gcp-public-data-arco-era5/ar/full_37-1h-0p25deg-chunk-1.zarr-v3/skin_temperature/700140.0.0 to local cache[0m
[32m2026-07-15 14:07:12.673[0m | [34m[1mDEBUG   [0m | [36mearth2studio.data.utils[0m:[36m_make_local_details[0m:[36m1070[0m - [34m[1mCopying /gcp-public-data-arco-era5/ar/full_37-1h-0p25deg-chunk-1.zarr-v3/10m_u_component_of_wind/700140.0.0 to local cache[0m
[32m2026-07-15 14:07:12.692[0m | [34m[1mDEBUG   [0m | [36mearth2studio.data.utils[0m:[36m_make_local_details[0m:[36m1070[0m - [34m[1mCopying /gcp-public-data-arco-era5/ar/full_37-1h-0p25deg-chunk-1.zarr-v3/2m_temperature/700140.0.0 to local cache[0m
target_step 29: sum=-6.8536e-02
Saved /cluster/projects/nn12107k/robin/earth2studio/aifs_attributions_vestlandet/aifs_ig_attributions_vestlandet_init1979-11-15T12_target1979-11-23T00.nc
Cleaned up temporary input data cache: /cluster/projects/nn12107k/robin/e2s_data_cache_uoblvxj1
Init: 1979-11-15 18:00:00 -> target valid time 1979-11-23 00:00:00 (29 steps, target_step=28)
[32m2026-07-15 14:16:58.034[0m | [34m[1mDEBUG   [0m | [36mearth2studio.data.utils[0m:[36m_make_local_details[0m:[36m1070[0m - [34m[1mCopying /gcp-public-data-arco-era5/ar/full_37-1h-0p25deg-chunk-1.zarr-v3/.zattrs to local cache[0m
[32m2026-07-15 14:16:58.974[0m | [34m[1mDEBUG   [0m | [36mearth2studio.data.utils[0m:[36m_make_local_details[0m:[36m1070[0m - [34m[1mCopying /gcp-public-data-arco-era5/ar/full_37-1h-0p25deg-chunk-1.zarr-v3/.zgroup to local cache[0m
[32m2026-07-15 14:16:59.055[0m | [34m[1mDEBUG   [0m | [36mearth2studio.data.utils[0m:[36m_make_local_details[0m:[36m1070[0m - [34m[1mCopying /gcp-public-data-arco-era5/ar/full_37-1h-0p25deg-chunk-1.zarr-v3/.zmetadata to local cache[0m
[32m2026-07-15 14:16:59.367[0m | [34m[1mDEBUG   [0m | [36mearth2studio.data.utils[0m:[36m_make_local_details[0m:[36m1070[0m - [34m[1mCopying /gcp-public-data-arco-era5/ar/full_37-1h-0p25deg-chunk-1.zarr-v3/level/0 to local cache[0m
[32m2026-07-15 14:16:59.644[0m | [34m[1mDEBUG   [0m | [36mearth2studio.data.utils[0m:[36m_make_local_details[0m:[36m1070[0m - [34m[1mCopying /gcp-public-data-arco-era5/ar/model-level-1h-0p25deg.zarr-v1/.zattrs to local cache[0m
[32m2026-07-15 14:16:59.945[0m | [34m[1mDEBUG   [0m | [36mearth2studio.data.utils[0m:[36m_make_local_details[0m:[36m1070[0m - [34m[1mCopying /gcp-public-data-arco-era5/ar/model-level-1h-0p25deg.zarr-v1/.zmetadata to local cache[0m
[32m2026-07-15 14:17:00.021[0m | [34m[1mDEBUG   [0m | [36mearth2studio.data.utils[0m:[36m_make_local_details[0m:[36m1070[0m - [34m[1mCopying /gcp-public-data-arco-era5/ar/model-level-1h-0p25deg.zarr-v1/.zgroup to local cache[0m
[32m2026-07-15 14:17:00.271[0m | [34m[1mDEBUG   [0m | [36mearth2studio.data.utils[0m:[36m_make_local_details[0m:[36m1070[0m - [34m[1mCopying /gcp-public-data-arco-era5/ar/model-level-1h-0p25deg.zarr-v1/hybrid/0 to local cache[0m
[32m2026-07-15 14:17:00.496[0m | [34m[1mDEBUG   [0m | [36mearth2studio.data.utils[0m:[36m_make_local_details[0m:[36m1070[0m - [34m[1mCopying /gcp-public-data-arco-era5/ar/full_37-1h-0p25deg-chunk-1.zarr-v3/total_column_water/700140.0.0 to local cache[0m
[32m2026-07-15 14:17:00.499[0m | [34m[1mDEBUG   [0m | [36mearth2studio.data.utils[0m:[36m_make_local_details[0m:[36m1070[0m - [34m[1mCopying /gcp-public-data-arco-era5/ar/full_37-1h-0p25deg-chunk-1.zarr-v3/volumetric_soil_water_layer_2/700140.0.0 to local cache[0m
[32m2026-07-15 14:17:00.573[0m | [34m[1mDEBUG   [0m | [36mearth2studio.data.utils[0m:[36m_make_local_details[0m:[36m1070[0m - [34m[1mCopying /gcp-public-data-arco-era5/ar/full_37-1h-0p25deg-chunk-1.zarr-v3/2m_dewpoint_temperature/700140.0.0 to local cache[0m
[32m2026-07-15 14:17:00.578[0m | [34m[1mDEBUG   [0m | [36mearth2studio.data.utils[0m:[36m_make_local_details[0m:[36m1070[0m - [34m[1mCopying /gcp-public-data-arco-era5/ar/full_37-1h-0p25deg-chunk-1.zarr-v3/vertical_velocity/700140.0.0.0 to local cache[0m
[32m2026-07-15 14:17:00.581[0m | [34m[1mDEBUG   [0m | [36mearth2studio.data.utils[0m:[36m_make_local_details[0m:[36m1070[0m - [34m[1mCopying /gcp-public-data-arco-era5/ar/full_37-1h-0p25deg-chunk-1.zarr-v3/surface_pressure/700140.0.0 to local cache[0m
[32m2026-07-15 14:17:00.591[0m | [34m[1mDEBUG   [0m | [36mearth2studio.data.utils[0m:[36m_make_local_details[0m:[36m1070[0m - [34m[1mCopying /gcp-public-data-arco-era5/ar/full_37-1h-0p25deg-chunk-1.zarr-v3/u_component_of_wind/700140.0.0.0 to local cache[0m
[32m2026-07-15 14:17:00.598[0m | [34m[1mDEBUG   [0m | [36mearth2studio.data.utils[0m:[36m_make_local_details[0m:[36m1070[0m - [34m[1mCopying /gcp-public-data-arco-era5/ar/full_37-1h-0p25deg-chunk-1.zarr-v3/skin_temperature/700140.0.0 to local cache[0m
[32m2026-07-15 14:17:00.606[0m | [34m[1mDEBUG   [0m | [36mearth2studio.data.utils[0m:[36m_make_local_details[0m:[36m1070[0m - [34m[1mCopying /gcp-public-data-arco-era5/ar/full_37-1h-0p25deg-chunk-1.zarr-v3/specific_humidity/700140.0.0.0 to local cache[0m
[32m2026-07-15 14:17:00.610[0m | [34m[1mDEBUG   [0m | [36mearth2studio.data.utils[0m:[36m_make_local_details[0m:[36m1070[0m - [34m[1mCopying /gcp-public-data-arco-era5/ar/full_37-1h-0p25deg-chunk-1.zarr-v3/mean_sea_level_pressure/700140.0.0 to local cache[0m
[32m2026-07-15 14:17:00.612[0m | [34m[1mDEBUG   [0m | [36mearth2studio.data.utils[0m:[36m_make_local_details[0m:[36m1070[0m - [34m[1mCopying /gcp-public-data-arco-era5/ar/full_37-1h-0p25deg-chunk-1.zarr-v3/geopotential/700140.0.0.0 to local cache[0m
[32m2026-07-15 14:17:00.615[0m | [34m[1mDEBUG   [0m | [36mearth2studio.data.utils[0m:[36m_make_local_details[0m:[36m1070[0m - [34m[1mCopying /gcp-public-data-arco-era5/ar/full_37-1h-0p25deg-chunk-1.zarr-v3/temperature/700140.0.0.0 to local cache[0m
[32m2026-07-15 14:17:00.619[0m | [34m[1mDEBUG   [0m | [36mearth2studio.data.utils[0m:[36m_make_local_details[0m:[36m1070[0m - [34m[1mCopying /gcp-public-data-arco-era5/ar/full_37-1h-0p25deg-chunk-1.zarr-v3/v_component_of_wind/700140.0.0.0 to local cache[0m
[32m2026-07-15 14:17:00.621[0m | [34m[1mDEBUG   [0m | [36mearth2studio.data.utils[0m:[36m_make_local_details[0m:[36m1070[0m - [34m[1mCopying /gcp-public-data-arco-era5/ar/full_37-1h-0p25deg-chunk-1.zarr-v3/volumetric_soil_water_layer_1/700140.0.0 to local cache[0m
[32m2026-07-15 14:17:00.651[0m | [34m[1mDEBUG   [0m | [36mearth2studio.data.utils[0m:[36m_make_local_details[0m:[36m1070[0m - [34m[1mCopying /gcp-public-data-arco-era5/ar/full_37-1h-0p25deg-chunk-1.zarr-v3/2m_temperature/700140.0.0 to local cache[0m
[32m2026-07-15 14:17:00.665[0m | [34m[1mDEBUG   [0m | [36mearth2studio.data.utils[0m:[36m_make_local_details[0m:[36m1070[0m - [34m[1mCopying /gcp-public-data-arco-era5/ar/full_37-1h-0p25deg-chunk-1.zarr-v3/soil_temperature_level_1/700140.0.0 to local cache[0m
[32m2026-07-15 14:17:00.674[0m | [34m[1mDEBUG   [0m | [36mearth2studio.data.utils[0m:[36m_make_local_details[0m:[36m1070[0m - [34m[1mCopying /gcp-public-data-arco-era5/ar/full_37-1h-0p25deg-chunk-1.zarr-v3/10m_v_component_of_wind/700140.0.0 to local cache[0m
[32m2026-07-15 14:17:00.683[0m | [34m[1mDEBUG   [0m | [36mearth2studio.data.utils[0m:[36m_make_local_details[0m:[36m1070[0m - [34m[1mCopying /gcp-public-data-arco-era5/ar/full_37-1h-0p25deg-chunk-1.zarr-v3/soil_temperature_level_2/700140.0.0 to local cache[0m
[32m2026-07-15 14:17:00.769[0m | [34m[1mDEBUG   [0m | [36mearth2studio.data.utils[0m:[36m_make_local_details[0m:[36m1070[0m - [34m[1mCopying /gcp-public-data-arco-era5/ar/full_37-1h-0p25deg-chunk-1.zarr-v3/10m_u_component_of_wind/700140.0.0 to local cache[0m
[32m2026-07-15 14:17:05.925[0m | [34m[1mDEBUG   [0m | [36mearth2studio.data.utils[0m:[36m_make_local_details[0m:[36m1070[0m - [34m[1mCopying /gcp-public-data-arco-era5/ar/full_37-1h-0p25deg-chunk-1.zarr-v3/total_column_water/700146.0.0 to local cache[0m
[32m2026-07-15 14:17:05.927[0m | [34m[1mDEBUG   [0m | [36mearth2studio.data.utils[0m:[36m_make_local_details[0m:[36m1070[0m - [34m[1mCopying /gcp-public-data-arco-era5/ar/full_37-1h-0p25deg-chunk-1.zarr-v3/10m_v_component_of_wind/700146.0.0 to local cache[0m
[32m2026-07-15 14:17:05.928[0m | [34m[1mDEBUG   [0m | [36mearth2studio.data.utils[0m:[36m_make_local_details[0m:[36m1070[0m - [34m[1mCopying /gcp-public-data-arco-era5/ar/full_37-1h-0p25deg-chunk-1.zarr-v3/soil_temperature_level_1/700146.0.0 to local cache[0m
[32m2026-07-15 14:17:05.928[0m | [34m[1mDEBUG   [0m | [36mearth2studio.data.utils[0m:[36m_make_local_details[0m:[36m1070[0m - [34m[1mCopying /gcp-public-data-arco-era5/ar/full_37-1h-0p25deg-chunk-1.zarr-v3/2m_dewpoint_temperature/700146.0.0 to local cache[0m
[32m2026-07-15 14:17:05.930[0m | [34m[1mDEBUG   [0m | [36mearth2studio.data.utils[0m:[36m_make_local_details[0m:[36m1070[0m - [34m[1mCopying /gcp-public-data-arco-era5/ar/full_37-1h-0p25deg-chunk-1.zarr-v3/10m_u_component_of_wind/700146.0.0 to local cache[0m
[32m2026-07-15 14:17:05.931[0m | [34m[1mDEBUG   [0m | [36mearth2studio.data.utils[0m:[36m_make_local_details[0m:[36m1070[0m - [34m[1mCopying /gcp-public-data-arco-era5/ar/full_37-1h-0p25deg-chunk-1.zarr-v3/skin_temperature/700146.0.0 to local cache[0m
[32m2026-07-15 14:17:05.934[0m | [34m[1mDEBUG   [0m | [36mearth2studio.data.utils[0m:[36m_make_local_details[0m:[36m1070[0m - [34m[1mCopying /gcp-public-data-arco-era5/ar/full_37-1h-0p25deg-chunk-1.zarr-v3/volumetric_soil_water_layer_2/700146.0.0 to local cache[0m
[32m2026-07-15 14:17:05.950[0m | [34m[1mDEBUG   [0m | [36mearth2studio.data.utils[0m:[36m_make_local_details[0m:[36m1070[0m - [34m[1mCopying /gcp-public-data-arco-era5/ar/full_37-1h-0p25deg-chunk-1.zarr-v3/temperature/700146.0.0.0 to local cache[0m
[32m2026-07-15 14:17:05.962[0m | [34m[1mDEBUG   [0m | [36mearth2studio.data.utils[0m:[36m_make_local_details[0m:[36m1070[0m - [34m[1mCopying /gcp-public-data-arco-era5/ar/full_37-1h-0p25deg-chunk-1.zarr-v3/u_component_of_wind/700146.0.0.0 to local cache[0m
[32m2026-07-15 14:17:06.008[0m | [34m[1mDEBUG   [0m | [36mearth2studio.data.utils[0m:[36m_make_local_details[0m:[36m1070[0m - [34m[1mCopying /gcp-public-data-arco-era5/ar/full_37-1h-0p25deg-chunk-1.zarr-v3/2m_temperature/700146.0.0 to local cache[0m
[32m2026-07-15 14:17:06.019[0m | [34m[1mDEBUG   [0m | [36mearth2studio.data.utils[0m:[36m_make_local_details[0m:[36m1070[0m - [34m[1mCopying /gcp-public-data-arco-era5/ar/full_37-1h-0p25deg-chunk-1.zarr-v3/surface_pressure/700146.0.0 to local cache[0m
[32m2026-07-15 14:17:06.022[0m | [34m[1mDEBUG   [0m | [36mearth2studio.data.utils[0m:[36m_make_local_details[0m:[36m1070[0m - [34m[1mCopying /gcp-public-data-arco-era5/ar/full_37-1h-0p25deg-chunk-1.zarr-v3/geopotential/700146.0.0.0 to local cache[0m
[32m2026-07-15 14:17:06.024[0m | [34m[1mDEBUG   [0m | [36mearth2studio.data.utils[0m:[36m_make_local_details[0m:[36m1070[0m - [34m[1mCopying /gcp-public-data-arco-era5/ar/full_37-1h-0p25deg-chunk-1.zarr-v3/v_component_of_wind/700146.0.0.0 to local cache[0m
[32m2026-07-15 14:17:06.027[0m | [34m[1mDEBUG   [0m | [36mearth2studio.data.utils[0m:[36m_make_local_details[0m:[36m1070[0m - [34m[1mCopying /gcp-public-data-arco-era5/ar/full_37-1h-0p25deg-chunk-1.zarr-v3/mean_sea_level_pressure/700146.0.0 to local cache[0m
[32m2026-07-15 14:17:06.035[0m | [34m[1mDEBUG   [0m | [36mearth2studio.data.utils[0m:[36m_make_local_details[0m:[36m1070[0m - [34m[1mCopying /gcp-public-data-arco-era5/ar/full_37-1h-0p25deg-chunk-1.zarr-v3/vertical_velocity/700146.0.0.0 to local cache[0m
[32m2026-07-15 14:17:06.041[0m | [34m[1mDEBUG   [0m | [36mearth2studio.data.utils[0m:[36m_make_local_details[0m:[36m1070[0m - [34m[1mCopying /gcp-public-data-arco-era5/ar/full_37-1h-0p25deg-chunk-1.zarr-v3/specific_humidity/700146.0.0.0 to local cache[0m
[32m2026-07-15 14:17:06.042[0m | [34m[1mDEBUG   [0m | [36mearth2studio.data.utils[0m:[36m_make_local_details[0m:[36m1070[0m - [34m[1mCopying /gcp-public-data-arco-era5/ar/full_37-1h-0p25deg-chunk-1.zarr-v3/volumetric_soil_water_layer_1/700146.0.0 to local cache[0m
[32m2026-07-15 14:17:06.054[0m | [34m[1mDEBUG   [0m | [36mearth2studio.data.utils[0m:[36m_make_local_details[0m:[36m1070[0m - [34m[1mCopying /gcp-public-data-arco-era5/ar/full_37-1h-0p25deg-chunk-1.zarr-v3/soil_temperature_level_2/700146.0.0 to local cache[0m
target_step 28: sum=3.5103e-02
Saved /cluster/projects/nn12107k/robin/earth2studio/aifs_attributions_vestlandet/aifs_ig_attributions_vestlandet_init1979-11-15T18_target1979-11-23T00.nc
Cleaned up temporary input data cache: /cluster/projects/nn12107k/robin/e2s_data_cache_zihjbb41
Init: 1979-11-16 00:00:00 -> target valid time 1979-11-23 00:00:00 (28 steps, target_step=27)
[32m2026-07-15 14:26:32.712[0m | [34m[1mDEBUG   [0m | [36mearth2studio.data.utils[0m:[36m_make_local_details[0m:[36m1070[0m - [34m[1mCopying /gcp-public-data-arco-era5/ar/full_37-1h-0p25deg-chunk-1.zarr-v3/.zattrs to local cache[0m
[32m2026-07-15 14:26:33.667[0m | [34m[1mDEBUG   [0m | [36mearth2studio.data.utils[0m:[36m_make_local_details[0m:[36m1070[0m - [34m[1mCopying /gcp-public-data-arco-era5/ar/full_37-1h-0p25deg-chunk-1.zarr-v3/.zgroup to local cache[0m
[32m2026-07-15 14:26:33.740[0m | [34m[1mDEBUG   [0m | [36mearth2studio.data.utils[0m:[36m_make_local_details[0m:[36m1070[0m - [34m[1mCopying /gcp-public-data-arco-era5/ar/full_37-1h-0p25deg-chunk-1.zarr-v3/.zmetadata to local cache[0m
[32m2026-07-15 14:26:34.046[0m | [34m[1mDEBUG   [0m | [36mearth2studio.data.utils[0m:[36m_make_local_details[0m:[36m1070[0m - [34m[1mCopying /gcp-public-data-arco-era5/ar/full_37-1h-0p25deg-chunk-1.zarr-v3/level/0 to local cache[0m
[32m2026-07-15 14:26:34.327[0m | [34m[1mDEBUG   [0m | [36mearth2studio.data.utils[0m:[36m_make_local_details[0m:[36m1070[0m - [34m[1mCopying /gcp-public-data-arco-era5/ar/model-level-1h-0p25deg.zarr-v1/.zattrs to local cache[0m
[32m2026-07-15 14:26:34.627[0m | [34m[1mDEBUG   [0m | [36mearth2studio.data.utils[0m:[36m_make_local_details[0m:[36m1070[0m - [34m[1mCopying /gcp-public-data-arco-era5/ar/model-level-1h-0p25deg.zarr-v1/.zmetadata to local cache[0m
[32m2026-07-15 14:26:34.672[0m | [34m[1mDEBUG   [0m | [36mearth2studio.data.utils[0m:[36m_make_local_details[0m:[36m1070[0m - [34m[1mCopying /gcp-public-data-arco-era5/ar/model-level-1h-0p25deg.zarr-v1/.zgroup to local cache[0m
[32m2026-07-15 14:26:34.944[0m | [34m[1mDEBUG   [0m | [36mearth2studio.data.utils[0m:[36m_make_local_details[0m:[36m1070[0m - [34m[1mCopying /gcp-public-data-arco-era5/ar/model-level-1h-0p25deg.zarr-v1/hybrid/0 to local cache[0m
[32m2026-07-15 14:26:35.203[0m | [34m[1mDEBUG   [0m | [36mearth2studio.data.utils[0m:[36m_make_local_details[0m:[36m1070[0m - [34m[1mCopying /gcp-public-data-arco-era5/ar/full_37-1h-0p25deg-chunk-1.zarr-v3/total_column_water/700146.0.0 to local cache[0m
[32m2026-07-15 14:26:35.208[0m | [34m[1mDEBUG   [0m | [36mearth2studio.data.utils[0m:[36m_make_local_details[0m:[36m1070[0m - [34m[1mCopying /gcp-public-data-arco-era5/ar/full_37-1h-0p25deg-chunk-1.zarr-v3/geopotential/700146.0.0.0 to local cache[0m
[32m2026-07-15 14:26:35.300[0m | [34m[1mDEBUG   [0m | [36mearth2studio.data.utils[0m:[36m_make_local_details[0m:[36m1070[0m - [34m[1mCopying /gcp-public-data-arco-era5/ar/full_37-1h-0p25deg-chunk-1.zarr-v3/v_component_of_wind/700146.0.0.0 to local cache[0m
[32m2026-07-15 14:26:35.304[0m | [34m[1mDEBUG   [0m | [36mearth2studio.data.utils[0m:[36m_make_local_details[0m:[36m1070[0m - [34m[1mCopying /gcp-public-data-arco-era5/ar/full_37-1h-0p25deg-chunk-1.zarr-v3/u_component_of_wind/700146.0.0.0 to local cache[0m
[32m2026-07-15 14:26:35.305[0m | [34m[1mDEBUG   [0m | [36mearth2studio.data.utils[0m:[36m_make_local_details[0m:[36m1070[0m - [34m[1mCopying /gcp-public-data-arco-era5/ar/full_37-1h-0p25deg-chunk-1.zarr-v3/vertical_velocity/700146.0.0.0 to local cache[0m
[32m2026-07-15 14:26:35.307[0m | [34m[1mDEBUG   [0m | [36mearth2studio.data.utils[0m:[36m_make_local_details[0m:[36m1070[0m - [34m[1mCopying /gcp-public-data-arco-era5/ar/full_37-1h-0p25deg-chunk-1.zarr-v3/10m_v_component_of_wind/700146.0.0 to local cache[0m
[32m2026-07-15 14:26:35.307[0m | [34m[1mDEBUG   [0m | [36mearth2studio.data.utils[0m:[36m_make_local_details[0m:[36m1070[0m - [34m[1mCopying /gcp-public-data-arco-era5/ar/full_37-1h-0p25deg-chunk-1.zarr-v3/surface_pressure/700146.0.0 to local cache[0m
[32m2026-07-15 14:26:35.308[0m | [34m[1mDEBUG   [0m | [36mearth2studio.data.utils[0m:[36m_make_local_details[0m:[36m1070[0m - [34m[1mCopying /gcp-public-data-arco-era5/ar/full_37-1h-0p25deg-chunk-1.zarr-v3/specific_humidity/700146.0.0.0 to local cache[0m
[32m2026-07-15 14:26:35.310[0m | [34m[1mDEBUG   [0m | [36mearth2studio.data.utils[0m:[36m_make_local_details[0m:[36m1070[0m - [34m[1mCopying /gcp-public-data-arco-era5/ar/full_37-1h-0p25deg-chunk-1.zarr-v3/volumetric_soil_water_layer_2/700146.0.0 to local cache[0m
[32m2026-07-15 14:26:35.311[0m | [34m[1mDEBUG   [0m | [36mearth2studio.data.utils[0m:[36m_make_local_details[0m:[36m1070[0m - [34m[1mCopying /gcp-public-data-arco-era5/ar/full_37-1h-0p25deg-chunk-1.zarr-v3/10m_u_component_of_wind/700146.0.0 to local cache[0m
[32m2026-07-15 14:26:35.312[0m | [34m[1mDEBUG   [0m | [36mearth2studio.data.utils[0m:[36m_make_local_details[0m:[36m1070[0m - [34m[1mCopying /gcp-public-data-arco-era5/ar/full_37-1h-0p25deg-chunk-1.zarr-v3/mean_sea_level_pressure/700146.0.0 to local cache[0m
[32m2026-07-15 14:26:35.314[0m | [34m[1mDEBUG   [0m | [36mearth2studio.data.utils[0m:[36m_make_local_details[0m:[36m1070[0m - [34m[1mCopying /gcp-public-data-arco-era5/ar/full_37-1h-0p25deg-chunk-1.zarr-v3/volumetric_soil_water_layer_1/700146.0.0 to local cache[0m
[32m2026-07-15 14:26:35.314[0m | [34m[1mDEBUG   [0m | [36mearth2studio.data.utils[0m:[36m_make_local_details[0m:[36m1070[0m - [34m[1mCopying /gcp-public-data-arco-era5/ar/full_37-1h-0p25deg-chunk-1.zarr-v3/skin_temperature/700146.0.0 to local cache[0m
[32m2026-07-15 14:26:35.316[0m | [34m[1mDEBUG   [0m | [36mearth2studio.data.utils[0m:[36m_make_local_details[0m:[36m1070[0m - [34m[1mCopying /gcp-public-data-arco-era5/ar/full_37-1h-0p25deg-chunk-1.zarr-v3/2m_temperature/700146.0.0 to local cache[0m
[32m2026-07-15 14:26:35.320[0m | [34m[1mDEBUG   [0m | [36mearth2studio.data.utils[0m:[36m_make_local_details[0m:[36m1070[0m - [34m[1mCopying /gcp-public-data-arco-era5/ar/full_37-1h-0p25deg-chunk-1.zarr-v3/temperature/700146.0.0.0 to local cache[0m
[32m2026-07-15 14:26:35.320[0m | [34m[1mDEBUG   [0m | [36mearth2studio.data.utils[0m:[36m_make_local_details[0m:[36m1070[0m - [34m[1mCopying /gcp-public-data-arco-era5/ar/full_37-1h-0p25deg-chunk-1.zarr-v3/soil_temperature_level_1/700146.0.0 to local cache[0m
[32m2026-07-15 14:26:35.323[0m | [34m[1mDEBUG   [0m | [36mearth2studio.data.utils[0m:[36m_make_local_details[0m:[36m1070[0m - [34m[1mCopying /gcp-public-data-arco-era5/ar/full_37-1h-0p25deg-chunk-1.zarr-v3/soil_temperature_level_2/700146.0.0 to local cache[0m
[32m2026-07-15 14:26:35.327[0m | [34m[1mDEBUG   [0m | [36mearth2studio.data.utils[0m:[36m_make_local_details[0m:[36m1070[0m - [34m[1mCopying /gcp-public-data-arco-era5/ar/full_37-1h-0p25deg-chunk-1.zarr-v3/2m_dewpoint_temperature/700146.0.0 to local cache[0m
[32m2026-07-15 14:26:41.914[0m | [34m[1mDEBUG   [0m | [36mearth2studio.data.utils[0m:[36m_make_local_details[0m:[36m1070[0m - [34m[1mCopying /gcp-public-data-arco-era5/ar/full_37-1h-0p25deg-chunk-1.zarr-v3/vertical_velocity/700152.0.0.0 to local cache[0m
[32m2026-07-15 14:26:41.916[0m | [34m[1mDEBUG   [0m | [36mearth2studio.data.utils[0m:[36m_make_local_details[0m:[36m1070[0m - [34m[1mCopying /gcp-public-data-arco-era5/ar/full_37-1h-0p25deg-chunk-1.zarr-v3/specific_humidity/700152.0.0.0 to local cache[0m
[32m2026-07-15 14:26:41.919[0m | [34m[1mDEBUG   [0m | [36mearth2studio.data.utils[0m:[36m_make_local_details[0m:[36m1070[0m - [34m[1mCopying /gcp-public-data-arco-era5/ar/full_37-1h-0p25deg-chunk-1.zarr-v3/10m_u_component_of_wind/700152.0.0 to local cache[0m
[32m2026-07-15 14:26:41.921[0m | [34m[1mDEBUG   [0m | [36mearth2studio.data.utils[0m:[36m_make_local_details[0m:[36m1070[0m - [34m[1mCopying /gcp-public-data-arco-era5/ar/full_37-1h-0p25deg-chunk-1.zarr-v3/surface_pressure/700152.0.0 to local cache[0m
[32m2026-07-15 14:26:41.922[0m | [34m[1mDEBUG   [0m | [36mearth2studio.data.utils[0m:[36m_make_local_details[0m:[36m1070[0m - [34m[1mCopying /gcp-public-data-arco-era5/ar/full_37-1h-0p25deg-chunk-1.zarr-v3/total_column_water/700152.0.0 to local cache[0m
[32m2026-07-15 14:26:41.924[0m | [34m[1mDEBUG   [0m | [36mearth2studio.data.utils[0m:[36m_make_local_details[0m:[36m1070[0m - [34m[1mCopying /gcp-public-data-arco-era5/ar/full_37-1h-0p25deg-chunk-1.zarr-v3/soil_temperature_level_2/700152.0.0 to local cache[0m
[32m2026-07-15 14:26:41.926[0m | [34m[1mDEBUG   [0m | [36mearth2studio.data.utils[0m:[36m_make_local_details[0m:[36m1070[0m - [34m[1mCopying /gcp-public-data-arco-era5/ar/full_37-1h-0p25deg-chunk-1.zarr-v3/temperature/700152.0.0.0 to local cache[0m
[32m2026-07-15 14:26:41.927[0m | [34m[1mDEBUG   [0m | [36mearth2studio.data.utils[0m:[36m_make_local_details[0m:[36m1070[0m - [34m[1mCopying /gcp-public-data-arco-era5/ar/full_37-1h-0p25deg-chunk-1.zarr-v3/2m_temperature/700152.0.0 to local cache[0m
[32m2026-07-15 14:26:41.930[0m | [34m[1mDEBUG   [0m | [36mearth2studio.data.utils[0m:[36m_make_local_details[0m:[36m1070[0m - [34m[1mCopying /gcp-public-data-arco-era5/ar/full_37-1h-0p25deg-chunk-1.zarr-v3/soil_temperature_level_1/700152.0.0 to local cache[0m
[32m2026-07-15 14:26:41.943[0m | [34m[1mDEBUG   [0m | [36mearth2studio.data.utils[0m:[36m_make_local_details[0m:[36m1070[0m - [34m[1mCopying /gcp-public-data-arco-era5/ar/full_37-1h-0p25deg-chunk-1.zarr-v3/mean_sea_level_pressure/700152.0.0 to local cache[0m
[32m2026-07-15 14:26:42.002[0m | [34m[1mDEBUG   [0m | [36mearth2studio.data.utils[0m:[36m_make_local_details[0m:[36m1070[0m - [34m[1mCopying /gcp-public-data-arco-era5/ar/full_37-1h-0p25deg-chunk-1.zarr-v3/geopotential/700152.0.0.0 to local cache[0m
[32m2026-07-15 14:26:42.002[0m | [34m[1mDEBUG   [0m | [36mearth2studio.data.utils[0m:[36m_make_local_details[0m:[36m1070[0m - [34m[1mCopying /gcp-public-data-arco-era5/ar/full_37-1h-0p25deg-chunk-1.zarr-v3/u_component_of_wind/700152.0.0.0 to local cache[0m
[32m2026-07-15 14:26:42.014[0m | [34m[1mDEBUG   [0m | [36mearth2studio.data.utils[0m:[36m_make_local_details[0m:[36m1070[0m - [34m[1mCopying /gcp-public-data-arco-era5/ar/full_37-1h-0p25deg-chunk-1.zarr-v3/10m_v_component_of_wind/700152.0.0 to local cache[0m
[32m2026-07-15 14:26:42.019[0m | [34m[1mDEBUG   [0m | [36mearth2studio.data.utils[0m:[36m_make_local_details[0m:[36m1070[0m - [34m[1mCopying /gcp-public-data-arco-era5/ar/full_37-1h-0p25deg-chunk-1.zarr-v3/2m_dewpoint_temperature/700152.0.0 to local cache[0m
[32m2026-07-15 14:26:42.022[0m | [34m[1mDEBUG   [0m | [36mearth2studio.data.utils[0m:[36m_make_local_details[0m:[36m1070[0m - [34m[1mCopying /gcp-public-data-arco-era5/ar/full_37-1h-0p25deg-chunk-1.zarr-v3/volumetric_soil_water_layer_1/700152.0.0 to local cache[0m
[32m2026-07-15 14:26:42.024[0m | [34m[1mDEBUG   [0m | [36mearth2studio.data.utils[0m:[36m_make_local_details[0m:[36m1070[0m - [34m[1mCopying /gcp-public-data-arco-era5/ar/full_37-1h-0p25deg-chunk-1.zarr-v3/volumetric_soil_water_layer_2/700152.0.0 to local cache[0m
[32m2026-07-15 14:26:42.026[0m | [34m[1mDEBUG   [0m | [36mearth2studio.data.utils[0m:[36m_make_local_details[0m:[36m1070[0m - [34m[1mCopying /gcp-public-data-arco-era5/ar/full_37-1h-0p25deg-chunk-1.zarr-v3/v_component_of_wind/700152.0.0.0 to local cache[0m
[32m2026-07-15 14:26:42.050[0m | [34m[1mDEBUG   [0m | [36mearth2studio.data.utils[0m:[36m_make_local_details[0m:[36m1070[0m - [34m[1mCopying /gcp-public-data-arco-era5/ar/full_37-1h-0p25deg-chunk-1.zarr-v3/skin_temperature/700152.0.0 to local cache[0m
target_step 27: sum=1.9165e-02
Saved /cluster/projects/nn12107k/robin/earth2studio/aifs_attributions_vestlandet/aifs_ig_attributions_vestlandet_init1979-11-16T00_target1979-11-23T00.nc
Cleaned up temporary input data cache: /cluster/projects/nn12107k/robin/e2s_data_cache_3w6h0arn
Init: 1979-11-16 06:00:00 -> target valid time 1979-11-23 00:00:00 (27 steps, target_step=26)
[32m2026-07-15 14:35:47.481[0m | [34m[1mDEBUG   [0m | [36mearth2studio.data.utils[0m:[36m_make_local_details[0m:[36m1070[0m - [34m[1mCopying /gcp-public-data-arco-era5/ar/full_37-1h-0p25deg-chunk-1.zarr-v3/.zattrs to local cache[0m
[32m2026-07-15 14:35:48.401[0m | [34m[1mDEBUG   [0m | [36mearth2studio.data.utils[0m:[36m_make_local_details[0m:[36m1070[0m - [34m[1mCopying /gcp-public-data-arco-era5/ar/full_37-1h-0p25deg-chunk-1.zarr-v3/.zgroup to local cache[0m
[32m2026-07-15 14:35:48.488[0m | [34m[1mDEBUG   [0m | [36mearth2studio.data.utils[0m:[36m_make_local_details[0m:[36m1070[0m - [34m[1mCopying /gcp-public-data-arco-era5/ar/full_37-1h-0p25deg-chunk-1.zarr-v3/.zmetadata to local cache[0m
[32m2026-07-15 14:35:48.896[0m | [34m[1mDEBUG   [0m | [36mearth2studio.data.utils[0m:[36m_make_local_details[0m:[36m1070[0m - [34m[1mCopying /gcp-public-data-arco-era5/ar/full_37-1h-0p25deg-chunk-1.zarr-v3/level/0 to local cache[0m
[32m2026-07-15 14:35:49.167[0m | [34m[1mDEBUG   [0m | [36mearth2studio.data.utils[0m:[36m_make_local_details[0m:[36m1070[0m - [34m[1mCopying /gcp-public-data-arco-era5/ar/model-level-1h-0p25deg.zarr-v1/.zattrs to local cache[0m
[32m2026-07-15 14:35:49.486[0m | [34m[1mDEBUG   [0m | [36mearth2studio.data.utils[0m:[36m_make_local_details[0m:[36m1070[0m - [34m[1mCopying /gcp-public-data-arco-era5/ar/model-level-1h-0p25deg.zarr-v1/.zmetadata to local cache[0m
[32m2026-07-15 14:35:49.500[0m | [34m[1mDEBUG   [0m | [36mearth2studio.data.utils[0m:[36m_make_local_details[0m:[36m1070[0m - [34m[1mCopying /gcp-public-data-arco-era5/ar/model-level-1h-0p25deg.zarr-v1/.zgroup to local cache[0m
[32m2026-07-15 14:35:49.839[0m | [34m[1mDEBUG   [0m | [36mearth2studio.data.utils[0m:[36m_make_local_details[0m:[36m1070[0m - [34m[1mCopying /gcp-public-data-arco-era5/ar/model-level-1h-0p25deg.zarr-v1/hybrid/0 to local cache[0m
[32m2026-07-15 14:35:50.061[0m | [34m[1mDEBUG   [0m | [36mearth2studio.data.utils[0m:[36m_make_local_details[0m:[36m1070[0m - [34m[1mCopying /gcp-public-data-arco-era5/ar/full_37-1h-0p25deg-chunk-1.zarr-v3/geopotential/700152.0.0.0 to local cache[0m
[32m2026-07-15 14:35:50.091[0m | [34m[1mDEBUG   [0m | [36mearth2studio.data.utils[0m:[36m_make_local_details[0m:[36m1070[0m - [34m[1mCopying /gcp-public-data-arco-era5/ar/full_37-1h-0p25deg-chunk-1.zarr-v3/surface_pressure/700152.0.0 to local cache[0m
[32m2026-07-15 14:35:50.140[0m | [34m[1mDEBUG   [0m | [36mearth2studio.data.utils[0m:[36m_make_local_details[0m:[36m1070[0m - [34m[1mCopying /gcp-public-data-arco-era5/ar/full_37-1h-0p25deg-chunk-1.zarr-v3/specific_humidity/700152.0.0.0 to local cache[0m
[32m2026-07-15 14:35:50.144[0m | [34m[1mDEBUG   [0m | [36mearth2studio.data.utils[0m:[36m_make_local_details[0m:[36m1070[0m - [34m[1mCopying /gcp-public-data-arco-era5/ar/full_37-1h-0p25deg-chunk-1.zarr-v3/v_component_of_wind/700152.0.0.0 to local cache[0m
[32m2026-07-15 14:35:50.159[0m | [34m[1mDEBUG   [0m | [36mearth2studio.data.utils[0m:[36m_make_local_details[0m:[36m1070[0m - [34m[1mCopying /gcp-public-data-arco-era5/ar/full_37-1h-0p25deg-chunk-1.zarr-v3/mean_sea_level_pressure/700152.0.0 to local cache[0m
[32m2026-07-15 14:35:50.161[0m | [34m[1mDEBUG   [0m | [36mearth2studio.data.utils[0m:[36m_make_local_details[0m:[36m1070[0m - [34m[1mCopying /gcp-public-data-arco-era5/ar/full_37-1h-0p25deg-chunk-1.zarr-v3/10m_v_component_of_wind/700152.0.0 to local cache[0m
[32m2026-07-15 14:35:50.166[0m | [34m[1mDEBUG   [0m | [36mearth2studio.data.utils[0m:[36m_make_local_details[0m:[36m1070[0m - [34m[1mCopying /gcp-public-data-arco-era5/ar/full_37-1h-0p25deg-chunk-1.zarr-v3/soil_temperature_level_1/700152.0.0 to local cache[0m
[32m2026-07-15 14:35:50.167[0m | [34m[1mDEBUG   [0m | [36mearth2studio.data.utils[0m:[36m_make_local_details[0m:[36m1070[0m - [34m[1mCopying /gcp-public-data-arco-era5/ar/full_37-1h-0p25deg-chunk-1.zarr-v3/skin_temperature/700152.0.0 to local cache[0m
[32m2026-07-15 14:35:50.174[0m | [34m[1mDEBUG   [0m | [36mearth2studio.data.utils[0m:[36m_make_local_details[0m:[36m1070[0m - [34m[1mCopying /gcp-public-data-arco-era5/ar/full_37-1h-0p25deg-chunk-1.zarr-v3/soil_temperature_level_2/700152.0.0 to local cache[0m
[32m2026-07-15 14:35:50.174[0m | [34m[1mDEBUG   [0m | [36mearth2studio.data.utils[0m:[36m_make_local_details[0m:[36m1070[0m - [34m[1mCopying /gcp-public-data-arco-era5/ar/full_37-1h-0p25deg-chunk-1.zarr-v3/temperature/700152.0.0.0 to local cache[0m
[32m2026-07-15 14:35:50.175[0m | [34m[1mDEBUG   [0m | [36mearth2studio.data.utils[0m:[36m_make_local_details[0m:[36m1070[0m - [34m[1mCopying /gcp-public-data-arco-era5/ar/full_37-1h-0p25deg-chunk-1.zarr-v3/2m_temperature/700152.0.0 to local cache[0m
[32m2026-07-15 14:35:50.177[0m | [34m[1mDEBUG   [0m | [36mearth2studio.data.utils[0m:[36m_make_local_details[0m:[36m1070[0m - [34m[1mCopying /gcp-public-data-arco-era5/ar/full_37-1h-0p25deg-chunk-1.zarr-v3/vertical_velocity/700152.0.0.0 to local cache[0m
[32m2026-07-15 14:35:50.180[0m | [34m[1mDEBUG   [0m | [36mearth2studio.data.utils[0m:[36m_make_local_details[0m:[36m1070[0m - [34m[1mCopying /gcp-public-data-arco-era5/ar/full_37-1h-0p25deg-chunk-1.zarr-v3/volumetric_soil_water_layer_1/700152.0.0 to local cache[0m
[32m2026-07-15 14:35:50.182[0m | [34m[1mDEBUG   [0m | [36mearth2studio.data.utils[0m:[36m_make_local_details[0m:[36m1070[0m - [34m[1mCopying /gcp-public-data-arco-era5/ar/full_37-1h-0p25deg-chunk-1.zarr-v3/total_column_water/700152.0.0 to local cache[0m
[32m2026-07-15 14:35:50.183[0m | [34m[1mDEBUG   [0m | [36mearth2studio.data.utils[0m:[36m_make_local_details[0m:[36m1070[0m - [34m[1mCopying /gcp-public-data-arco-era5/ar/full_37-1h-0p25deg-chunk-1.zarr-v3/volumetric_soil_water_layer_2/700152.0.0 to local cache[0m
[32m2026-07-15 14:35:50.239[0m | [34m[1mDEBUG   [0m | [36mearth2studio.data.utils[0m:[36m_make_local_details[0m:[36m1070[0m - [34m[1mCopying /gcp-public-data-arco-era5/ar/full_37-1h-0p25deg-chunk-1.zarr-v3/u_component_of_wind/700152.0.0.0 to local cache[0m
[32m2026-07-15 14:35:50.243[0m | [34m[1mDEBUG   [0m | [36mearth2studio.data.utils[0m:[36m_make_local_details[0m:[36m1070[0m - [34m[1mCopying /gcp-public-data-arco-era5/ar/full_37-1h-0p25deg-chunk-1.zarr-v3/2m_dewpoint_temperature/700152.0.0 to local cache[0m
[32m2026-07-15 14:35:50.244[0m | [34m[1mDEBUG   [0m | [36mearth2studio.data.utils[0m:[36m_make_local_details[0m:[36m1070[0m - [34m[1mCopying /gcp-public-data-arco-era5/ar/full_37-1h-0p25deg-chunk-1.zarr-v3/10m_u_component_of_wind/700152.0.0 to local cache[0m
[32m2026-07-15 14:35:56.622[0m | [34m[1mDEBUG   [0m | [36mearth2studio.data.utils[0m:[36m_make_local_details[0m:[36m1070[0m - [34m[1mCopying /gcp-public-data-arco-era5/ar/full_37-1h-0p25deg-chunk-1.zarr-v3/total_column_water/700158.0.0 to local cache[0m
[32m2026-07-15 14:35:56.628[0m | [34m[1mDEBUG   [0m | [36mearth2studio.data.utils[0m:[36m_make_local_details[0m:[36m1070[0m - [34m[1mCopying /gcp-public-data-arco-era5/ar/full_37-1h-0p25deg-chunk-1.zarr-v3/10m_v_component_of_wind/700158.0.0 to local cache[0m
[32m2026-07-15 14:35:56.628[0m | [34m[1mDEBUG   [0m | [36mearth2studio.data.utils[0m:[36m_make_local_details[0m:[36m1070[0m - [34m[1mCopying /gcp-public-data-arco-era5/ar/full_37-1h-0p25deg-chunk-1.zarr-v3/specific_humidity/700158.0.0.0 to local cache[0m
[32m2026-07-15 14:35:56.632[0m | [34m[1mDEBUG   [0m | [36mearth2studio.data.utils[0m:[36m_make_local_details[0m:[36m1070[0m - [34m[1mCopying /gcp-public-data-arco-era5/ar/full_37-1h-0p25deg-chunk-1.zarr-v3/mean_sea_level_pressure/700158.0.0 to local cache[0m
[32m2026-07-15 14:35:56.632[0m | [34m[1mDEBUG   [0m | [36mearth2studio.data.utils[0m:[36m_make_local_details[0m:[36m1070[0m - [34m[1mCopying /gcp-public-data-arco-era5/ar/full_37-1h-0p25deg-chunk-1.zarr-v3/v_component_of_wind/700158.0.0.0 to local cache[0m
[32m2026-07-15 14:35:56.635[0m | [34m[1mDEBUG   [0m | [36mearth2studio.data.utils[0m:[36m_make_local_details[0m:[36m1070[0m - [34m[1mCopying /gcp-public-data-arco-era5/ar/full_37-1h-0p25deg-chunk-1.zarr-v3/10m_u_component_of_wind/700158.0.0 to local cache[0m
[32m2026-07-15 14:35:56.637[0m | [34m[1mDEBUG   [0m | [36mearth2studio.data.utils[0m:[36m_make_local_details[0m:[36m1070[0m - [34m[1mCopying /gcp-public-data-arco-era5/ar/full_37-1h-0p25deg-chunk-1.zarr-v3/temperature/700158.0.0.0 to local cache[0m
[32m2026-07-15 14:35:56.639[0m | [34m[1mDEBUG   [0m | [36mearth2studio.data.utils[0m:[36m_make_local_details[0m:[36m1070[0m - [34m[1mCopying /gcp-public-data-arco-era5/ar/full_37-1h-0p25deg-chunk-1.zarr-v3/geopotential/700158.0.0.0 to local cache[0m
[32m2026-07-15 14:35:56.646[0m | [34m[1mDEBUG   [0m | [36mearth2studio.data.utils[0m:[36m_make_local_details[0m:[36m1070[0m - [34m[1mCopying /gcp-public-data-arco-era5/ar/full_37-1h-0p25deg-chunk-1.zarr-v3/volumetric_soil_water_layer_2/700158.0.0 to local cache[0m
[32m2026-07-15 14:35:56.661[0m | [34m[1mDEBUG   [0m | [36mearth2studio.data.utils[0m:[36m_make_local_details[0m:[36m1070[0m - [34m[1mCopying /gcp-public-data-arco-era5/ar/full_37-1h-0p25deg-chunk-1.zarr-v3/soil_temperature_level_1/700158.0.0 to local cache[0m
[32m2026-07-15 14:35:56.711[0m | [34m[1mDEBUG   [0m | [36mearth2studio.data.utils[0m:[36m_make_local_details[0m:[36m1070[0m - [34m[1mCopying /gcp-public-data-arco-era5/ar/full_37-1h-0p25deg-chunk-1.zarr-v3/surface_pressure/700158.0.0 to local cache[0m
[32m2026-07-15 14:35:56.715[0m | [34m[1mDEBUG   [0m | [36mearth2studio.data.utils[0m:[36m_make_local_details[0m:[36m1070[0m - [34m[1mCopying /gcp-public-data-arco-era5/ar/full_37-1h-0p25deg-chunk-1.zarr-v3/soil_temperature_level_2/700158.0.0 to local cache[0m
[32m2026-07-15 14:35:56.716[0m | [34m[1mDEBUG   [0m | [36mearth2studio.data.utils[0m:[36m_make_local_details[0m:[36m1070[0m - [34m[1mCopying /gcp-public-data-arco-era5/ar/full_37-1h-0p25deg-chunk-1.zarr-v3/2m_temperature/700158.0.0 to local cache[0m
[32m2026-07-15 14:35:56.717[0m | [34m[1mDEBUG   [0m | [36mearth2studio.data.utils[0m:[36m_make_local_details[0m:[36m1070[0m - [34m[1mCopying /gcp-public-data-arco-era5/ar/full_37-1h-0p25deg-chunk-1.zarr-v3/u_component_of_wind/700158.0.0.0 to local cache[0m
[32m2026-07-15 14:35:56.718[0m | [34m[1mDEBUG   [0m | [36mearth2studio.data.utils[0m:[36m_make_local_details[0m:[36m1070[0m - [34m[1mCopying /gcp-public-data-arco-era5/ar/full_37-1h-0p25deg-chunk-1.zarr-v3/skin_temperature/700158.0.0 to local cache[0m
[32m2026-07-15 14:35:56.723[0m | [34m[1mDEBUG   [0m | [36mearth2studio.data.utils[0m:[36m_make_local_details[0m:[36m1070[0m - [34m[1mCopying /gcp-public-data-arco-era5/ar/full_37-1h-0p25deg-chunk-1.zarr-v3/volumetric_soil_water_layer_1/700158.0.0 to local cache[0m
[32m2026-07-15 14:35:56.731[0m | [34m[1mDEBUG   [0m | [36mearth2studio.data.utils[0m:[36m_make_local_details[0m:[36m1070[0m - [34m[1mCopying /gcp-public-data-arco-era5/ar/full_37-1h-0p25deg-chunk-1.zarr-v3/vertical_velocity/700158.0.0.0 to local cache[0m
[32m2026-07-15 14:35:56.739[0m | [34m[1mDEBUG   [0m | [36mearth2studio.data.utils[0m:[36m_make_local_details[0m:[36m1070[0m - [34m[1mCopying /gcp-public-data-arco-era5/ar/full_37-1h-0p25deg-chunk-1.zarr-v3/2m_dewpoint_temperature/700158.0.0 to local cache[0m
target_step 26: sum=6.2470e-03
Saved /cluster/projects/nn12107k/robin/earth2studio/aifs_attributions_vestlandet/aifs_ig_attributions_vestlandet_init1979-11-16T06_target1979-11-23T00.nc
Cleaned up temporary input data cache: /cluster/projects/nn12107k/robin/e2s_data_cache_ileshu_v
Init: 1979-11-16 12:00:00 -> target valid time 1979-11-23 00:00:00 (26 steps, target_step=25)
[32m2026-07-15 14:44:46.324[0m | [34m[1mDEBUG   [0m | [36mearth2studio.data.utils[0m:[36m_make_local_details[0m:[36m1070[0m - [34m[1mCopying /gcp-public-data-arco-era5/ar/full_37-1h-0p25deg-chunk-1.zarr-v3/.zattrs to local cache[0m
[32m2026-07-15 14:44:47.297[0m | [34m[1mDEBUG   [0m | [36mearth2studio.data.utils[0m:[36m_make_local_details[0m:[36m1070[0m - [34m[1mCopying /gcp-public-data-arco-era5/ar/full_37-1h-0p25deg-chunk-1.zarr-v3/.zgroup to local cache[0m
[32m2026-07-15 14:44:47.361[0m | [34m[1mDEBUG   [0m | [36mearth2studio.data.utils[0m:[36m_make_local_details[0m:[36m1070[0m - [34m[1mCopying /gcp-public-data-arco-era5/ar/full_37-1h-0p25deg-chunk-1.zarr-v3/.zmetadata to local cache[0m
[32m2026-07-15 14:44:47.670[0m | [34m[1mDEBUG   [0m | [36mearth2studio.data.utils[0m:[36m_make_local_details[0m:[36m1070[0m - [34m[1mCopying /gcp-public-data-arco-era5/ar/full_37-1h-0p25deg-chunk-1.zarr-v3/level/0 to local cache[0m
[32m2026-07-15 14:44:47.945[0m | [34m[1mDEBUG   [0m | [36mearth2studio.data.utils[0m:[36m_make_local_details[0m:[36m1070[0m - [34m[1mCopying /gcp-public-data-arco-era5/ar/model-level-1h-0p25deg.zarr-v1/.zattrs to local cache[0m
[32m2026-07-15 14:44:48.281[0m | [34m[1mDEBUG   [0m | [36mearth2studio.data.utils[0m:[36m_make_local_details[0m:[36m1070[0m - [34m[1mCopying /gcp-public-data-arco-era5/ar/model-level-1h-0p25deg.zarr-v1/.zgroup to local cache[0m
[32m2026-07-15 14:44:48.299[0m | [34m[1mDEBUG   [0m | [36mearth2studio.data.utils[0m:[36m_make_local_details[0m:[36m1070[0m - [34m[1mCopying /gcp-public-data-arco-era5/ar/model-level-1h-0p25deg.zarr-v1/.zmetadata to local cache[0m
[32m2026-07-15 14:44:48.692[0m | [34m[1mDEBUG   [0m | [36mearth2studio.data.utils[0m:[36m_make_local_details[0m:[36m1070[0m - [34m[1mCopying /gcp-public-data-arco-era5/ar/model-level-1h-0p25deg.zarr-v1/hybrid/0 to local cache[0m
[32m2026-07-15 14:44:49.023[0m | [34m[1mDEBUG   [0m | [36mearth2studio.data.utils[0m:[36m_make_local_details[0m:[36m1070[0m - [34m[1mCopying /gcp-public-data-arco-era5/ar/full_37-1h-0p25deg-chunk-1.zarr-v3/2m_dewpoint_temperature/700158.0.0 to local cache[0m
[32m2026-07-15 14:44:49.039[0m | [34m[1mDEBUG   [0m | [36mearth2studio.data.utils[0m:[36m_make_local_details[0m:[36m1070[0m - [34m[1mCopying /gcp-public-data-arco-era5/ar/full_37-1h-0p25deg-chunk-1.zarr-v3/10m_v_component_of_wind/700158.0.0 to local cache[0m
[32m2026-07-15 14:44:49.112[0m | [34m[1mDEBUG   [0m | [36mearth2studio.data.utils[0m:[36m_make_local_details[0m:[36m1070[0m - [34m[1mCopying /gcp-public-data-arco-era5/ar/full_37-1h-0p25deg-chunk-1.zarr-v3/skin_temperature/700158.0.0 to local cache[0m
[32m2026-07-15 14:44:49.116[0m | [34m[1mDEBUG   [0m | [36mearth2studio.data.utils[0m:[36m_make_local_details[0m:[36m1070[0m - [34m[1mCopying /gcp-public-data-arco-era5/ar/full_37-1h-0p25deg-chunk-1.zarr-v3/volumetric_soil_water_layer_2/700158.0.0 to local cache[0m
[32m2026-07-15 14:44:49.120[0m | [34m[1mDEBUG   [0m | [36mearth2studio.data.utils[0m:[36m_make_local_details[0m:[36m1070[0m - [34m[1mCopying /gcp-public-data-arco-era5/ar/full_37-1h-0p25deg-chunk-1.zarr-v3/soil_temperature_level_1/700158.0.0 to local cache[0m
[32m2026-07-15 14:44:49.131[0m | [34m[1mDEBUG   [0m | [36mearth2studio.data.utils[0m:[36m_make_local_details[0m:[36m1070[0m - [34m[1mCopying /gcp-public-data-arco-era5/ar/full_37-1h-0p25deg-chunk-1.zarr-v3/geopotential/700158.0.0.0 to local cache[0m
[32m2026-07-15 14:44:49.132[0m | [34m[1mDEBUG   [0m | [36mearth2studio.data.utils[0m:[36m_make_local_details[0m:[36m1070[0m - [34m[1mCopying /gcp-public-data-arco-era5/ar/full_37-1h-0p25deg-chunk-1.zarr-v3/10m_u_component_of_wind/700158.0.0 to local cache[0m
[32m2026-07-15 14:44:49.134[0m | [34m[1mDEBUG   [0m | [36mearth2studio.data.utils[0m:[36m_make_local_details[0m:[36m1070[0m - [34m[1mCopying /gcp-public-data-arco-era5/ar/full_37-1h-0p25deg-chunk-1.zarr-v3/soil_temperature_level_2/700158.0.0 to local cache[0m
[32m2026-07-15 14:44:49.134[0m | [34m[1mDEBUG   [0m | [36mearth2studio.data.utils[0m:[36m_make_local_details[0m:[36m1070[0m - [34m[1mCopying /gcp-public-data-arco-era5/ar/full_37-1h-0p25deg-chunk-1.zarr-v3/u_component_of_wind/700158.0.0.0 to local cache[0m
[32m2026-07-15 14:44:49.136[0m | [34m[1mDEBUG   [0m | [36mearth2studio.data.utils[0m:[36m_make_local_details[0m:[36m1070[0m - [34m[1mCopying /gcp-public-data-arco-era5/ar/full_37-1h-0p25deg-chunk-1.zarr-v3/vertical_velocity/700158.0.0.0 to local cache[0m
[32m2026-07-15 14:44:49.137[0m | [34m[1mDEBUG   [0m | [36mearth2studio.data.utils[0m:[36m_make_local_details[0m:[36m1070[0m - [34m[1mCopying /gcp-public-data-arco-era5/ar/full_37-1h-0p25deg-chunk-1.zarr-v3/surface_pressure/700158.0.0 to local cache[0m
[32m2026-07-15 14:44:49.140[0m | [34m[1mDEBUG   [0m | [36mearth2studio.data.utils[0m:[36m_make_local_details[0m:[36m1070[0m - [34m[1mCopying /gcp-public-data-arco-era5/ar/full_37-1h-0p25deg-chunk-1.zarr-v3/2m_temperature/700158.0.0 to local cache[0m
[32m2026-07-15 14:44:49.143[0m | [34m[1mDEBUG   [0m | [36mearth2studio.data.utils[0m:[36m_make_local_details[0m:[36m1070[0m - [34m[1mCopying /gcp-public-data-arco-era5/ar/full_37-1h-0p25deg-chunk-1.zarr-v3/volumetric_soil_water_layer_1/700158.0.0 to local cache[0m
[32m2026-07-15 14:44:49.148[0m | [34m[1mDEBUG   [0m | [36mearth2studio.data.utils[0m:[36m_make_local_details[0m:[36m1070[0m - [34m[1mCopying /gcp-public-data-arco-era5/ar/full_37-1h-0p25deg-chunk-1.zarr-v3/mean_sea_level_pressure/700158.0.0 to local cache[0m
[32m2026-07-15 14:44:49.150[0m | [34m[1mDEBUG   [0m | [36mearth2studio.data.utils[0m:[36m_make_local_details[0m:[36m1070[0m - [34m[1mCopying /gcp-public-data-arco-era5/ar/full_37-1h-0p25deg-chunk-1.zarr-v3/v_component_of_wind/700158.0.0.0 to local cache[0m
[32m2026-07-15 14:44:49.150[0m | [34m[1mDEBUG   [0m | [36mearth2studio.data.utils[0m:[36m_make_local_details[0m:[36m1070[0m - [34m[1mCopying /gcp-public-data-arco-era5/ar/full_37-1h-0p25deg-chunk-1.zarr-v3/total_column_water/700158.0.0 to local cache[0m
[32m2026-07-15 14:44:49.225[0m | [34m[1mDEBUG   [0m | [36mearth2studio.data.utils[0m:[36m_make_local_details[0m:[36m1070[0m - [34m[1mCopying /gcp-public-data-arco-era5/ar/full_37-1h-0p25deg-chunk-1.zarr-v3/temperature/700158.0.0.0 to local cache[0m
[32m2026-07-15 14:44:49.246[0m | [34m[1mDEBUG   [0m | [36mearth2studio.data.utils[0m:[36m_make_local_details[0m:[36m1070[0m - [34m[1mCopying /gcp-public-data-arco-era5/ar/full_37-1h-0p25deg-chunk-1.zarr-v3/specific_humidity/700158.0.0.0 to local cache[0m
[32m2026-07-15 14:44:55.329[0m | [34m[1mDEBUG   [0m | [36mearth2studio.data.utils[0m:[36m_make_local_details[0m:[36m1070[0m - [34m[1mCopying /gcp-public-data-arco-era5/ar/full_37-1h-0p25deg-chunk-1.zarr-v3/v_component_of_wind/700164.0.0.0 to local cache[0m
[32m2026-07-15 14:44:55.330[0m | [34m[1mDEBUG   [0m | [36mearth2studio.data.utils[0m:[36m_make_local_details[0m:[36m1070[0m - [34m[1mCopying /gcp-public-data-arco-era5/ar/full_37-1h-0p25deg-chunk-1.zarr-v3/geopotential/700164.0.0.0 to local cache[0m
[32m2026-07-15 14:44:55.331[0m | [34m[1mDEBUG   [0m | [36mearth2studio.data.utils[0m:[36m_make_local_details[0m:[36m1070[0m - [34m[1mCopying /gcp-public-data-arco-era5/ar/full_37-1h-0p25deg-chunk-1.zarr-v3/u_component_of_wind/700164.0.0.0 to local cache[0m
[32m2026-07-15 14:44:55.333[0m | [34m[1mDEBUG   [0m | [36mearth2studio.data.utils[0m:[36m_make_local_details[0m:[36m1070[0m - [34m[1mCopying /gcp-public-data-arco-era5/ar/full_37-1h-0p25deg-chunk-1.zarr-v3/10m_v_component_of_wind/700164.0.0 to local cache[0m
[32m2026-07-15 14:44:55.334[0m | [34m[1mDEBUG   [0m | [36mearth2studio.data.utils[0m:[36m_make_local_details[0m:[36m1070[0m - [34m[1mCopying /gcp-public-data-arco-era5/ar/full_37-1h-0p25deg-chunk-1.zarr-v3/temperature/700164.0.0.0 to local cache[0m
[32m2026-07-15 14:44:55.334[0m | [34m[1mDEBUG   [0m | [36mearth2studio.data.utils[0m:[36m_make_local_details[0m:[36m1070[0m - [34m[1mCopying /gcp-public-data-arco-era5/ar/full_37-1h-0p25deg-chunk-1.zarr-v3/total_column_water/700164.0.0 to local cache[0m
[32m2026-07-15 14:44:55.335[0m | [34m[1mDEBUG   [0m | [36mearth2studio.data.utils[0m:[36m_make_local_details[0m:[36m1070[0m - [34m[1mCopying /gcp-public-data-arco-era5/ar/full_37-1h-0p25deg-chunk-1.zarr-v3/surface_pressure/700164.0.0 to local cache[0m
[32m2026-07-15 14:44:55.338[0m | [34m[1mDEBUG   [0m | [36mearth2studio.data.utils[0m:[36m_make_local_details[0m:[36m1070[0m - [34m[1mCopying /gcp-public-data-arco-era5/ar/full_37-1h-0p25deg-chunk-1.zarr-v3/skin_temperature/700164.0.0 to local cache[0m
[32m2026-07-15 14:44:55.342[0m | [34m[1mDEBUG   [0m | [36mearth2studio.data.utils[0m:[36m_make_local_details[0m:[36m1070[0m - [34m[1mCopying /gcp-public-data-arco-era5/ar/full_37-1h-0p25deg-chunk-1.zarr-v3/mean_sea_level_pressure/700164.0.0 to local cache[0m
[32m2026-07-15 14:44:55.371[0m | [34m[1mDEBUG   [0m | [36mearth2studio.data.utils[0m:[36m_make_local_details[0m:[36m1070[0m - [34m[1mCopying /gcp-public-data-arco-era5/ar/full_37-1h-0p25deg-chunk-1.zarr-v3/volumetric_soil_water_layer_2/700164.0.0 to local cache[0m
[32m2026-07-15 14:44:55.412[0m | [34m[1mDEBUG   [0m | [36mearth2studio.data.utils[0m:[36m_make_local_details[0m:[36m1070[0m - [34m[1mCopying /gcp-public-data-arco-era5/ar/full_37-1h-0p25deg-chunk-1.zarr-v3/vertical_velocity/700164.0.0.0 to local cache[0m
[32m2026-07-15 14:44:55.423[0m | [34m[1mDEBUG   [0m | [36mearth2studio.data.utils[0m:[36m_make_local_details[0m:[36m1070[0m - [34m[1mCopying /gcp-public-data-arco-era5/ar/full_37-1h-0p25deg-chunk-1.zarr-v3/specific_humidity/700164.0.0.0 to local cache[0m
[32m2026-07-15 14:44:55.427[0m | [34m[1mDEBUG   [0m | [36mearth2studio.data.utils[0m:[36m_make_local_details[0m:[36m1070[0m - [34m[1mCopying /gcp-public-data-arco-era5/ar/full_37-1h-0p25deg-chunk-1.zarr-v3/volumetric_soil_water_layer_1/700164.0.0 to local cache[0m
[32m2026-07-15 14:44:55.430[0m | [34m[1mDEBUG   [0m | [36mearth2studio.data.utils[0m:[36m_make_local_details[0m:[36m1070[0m - [34m[1mCopying /gcp-public-data-arco-era5/ar/full_37-1h-0p25deg-chunk-1.zarr-v3/soil_temperature_level_1/700164.0.0 to local cache[0m
[32m2026-07-15 14:44:55.437[0m | [34m[1mDEBUG   [0m | [36mearth2studio.data.utils[0m:[36m_make_local_details[0m:[36m1070[0m - [34m[1mCopying /gcp-public-data-arco-era5/ar/full_37-1h-0p25deg-chunk-1.zarr-v3/soil_temperature_level_2/700164.0.0 to local cache[0m
[32m2026-07-15 14:44:55.438[0m | [34m[1mDEBUG   [0m | [36mearth2studio.data.utils[0m:[36m_make_local_details[0m:[36m1070[0m - [34m[1mCopying /gcp-public-data-arco-era5/ar/full_37-1h-0p25deg-chunk-1.zarr-v3/2m_dewpoint_temperature/700164.0.0 to local cache[0m
[32m2026-07-15 14:44:55.444[0m | [34m[1mDEBUG   [0m | [36mearth2studio.data.utils[0m:[36m_make_local_details[0m:[36m1070[0m - [34m[1mCopying /gcp-public-data-arco-era5/ar/full_37-1h-0p25deg-chunk-1.zarr-v3/10m_u_component_of_wind/700164.0.0 to local cache[0m
[32m2026-07-15 14:44:55.515[0m | [34m[1mDEBUG   [0m | [36mearth2studio.data.utils[0m:[36m_make_local_details[0m:[36m1070[0m - [34m[1mCopying /gcp-public-data-arco-era5/ar/full_37-1h-0p25deg-chunk-1.zarr-v3/2m_temperature/700164.0.0 to local cache[0m
target_step 25: sum=6.7808e-03
Saved /cluster/projects/nn12107k/robin/earth2studio/aifs_attributions_vestlandet/aifs_ig_attributions_vestlandet_init1979-11-16T12_target1979-11-23T00.nc
Cleaned up temporary input data cache: /cluster/projects/nn12107k/robin/e2s_data_cache_6ez8f06y
Init: 1979-11-16 18:00:00 -> target valid time 1979-11-23 00:00:00 (25 steps, target_step=24)
[32m2026-07-15 14:53:24.009[0m | [34m[1mDEBUG   [0m | [36mearth2studio.data.utils[0m:[36m_make_local_details[0m:[36m1070[0m - [34m[1mCopying /gcp-public-data-arco-era5/ar/full_37-1h-0p25deg-chunk-1.zarr-v3/.zattrs to local cache[0m
[32m2026-07-15 14:53:24.921[0m | [34m[1mDEBUG   [0m | [36mearth2studio.data.utils[0m:[36m_make_local_details[0m:[36m1070[0m - [34m[1mCopying /gcp-public-data-arco-era5/ar/full_37-1h-0p25deg-chunk-1.zarr-v3/.zgroup to local cache[0m
[32m2026-07-15 14:53:24.999[0m | [34m[1mDEBUG   [0m | [36mearth2studio.data.utils[0m:[36m_make_local_details[0m:[36m1070[0m - [34m[1mCopying /gcp-public-data-arco-era5/ar/full_37-1h-0p25deg-chunk-1.zarr-v3/.zmetadata to local cache[0m
[32m2026-07-15 14:53:25.319[0m | [34m[1mDEBUG   [0m | [36mearth2studio.data.utils[0m:[36m_make_local_details[0m:[36m1070[0m - [34m[1mCopying /gcp-public-data-arco-era5/ar/full_37-1h-0p25deg-chunk-1.zarr-v3/level/0 to local cache[0m
[32m2026-07-15 14:53:25.592[0m | [34m[1mDEBUG   [0m | [36mearth2studio.data.utils[0m:[36m_make_local_details[0m:[36m1070[0m - [34m[1mCopying /gcp-public-data-arco-era5/ar/model-level-1h-0p25deg.zarr-v1/.zattrs to local cache[0m
[32m2026-07-15 14:53:25.897[0m | [34m[1mDEBUG   [0m | [36mearth2studio.data.utils[0m:[36m_make_local_details[0m:[36m1070[0m - [34m[1mCopying /gcp-public-data-arco-era5/ar/model-level-1h-0p25deg.zarr-v1/.zmetadata to local cache[0m
[32m2026-07-15 14:53:25.898[0m | [34m[1mDEBUG   [0m | [36mearth2studio.data.utils[0m:[36m_make_local_details[0m:[36m1070[0m - [34m[1mCopying /gcp-public-data-arco-era5/ar/model-level-1h-0p25deg.zarr-v1/.zgroup to local cache[0m
[32m2026-07-15 14:53:26.213[0m | [34m[1mDEBUG   [0m | [36mearth2studio.data.utils[0m:[36m_make_local_details[0m:[36m1070[0m - [34m[1mCopying /gcp-public-data-arco-era5/ar/model-level-1h-0p25deg.zarr-v1/hybrid/0 to local cache[0m
[32m2026-07-15 14:53:26.421[0m | [34m[1mDEBUG   [0m | [36mearth2studio.data.utils[0m:[36m_make_local_details[0m:[36m1070[0m - [34m[1mCopying /gcp-public-data-arco-era5/ar/full_37-1h-0p25deg-chunk-1.zarr-v3/volumetric_soil_water_layer_1/700164.0.0 to local cache[0m
[32m2026-07-15 14:53:26.429[0m | [34m[1mDEBUG   [0m | [36mearth2studio.data.utils[0m:[36m_make_local_details[0m:[36m1070[0m - [34m[1mCopying /gcp-public-data-arco-era5/ar/full_37-1h-0p25deg-chunk-1.zarr-v3/mean_sea_level_pressure/700164.0.0 to local cache[0m
[32m2026-07-15 14:53:26.506[0m | [34m[1mDEBUG   [0m | [36mearth2studio.data.utils[0m:[36m_make_local_details[0m:[36m1070[0m - [34m[1mCopying /gcp-public-data-arco-era5/ar/full_37-1h-0p25deg-chunk-1.zarr-v3/2m_dewpoint_temperature/700164.0.0 to local cache[0m
[32m2026-07-15 14:53:26.515[0m | [34m[1mDEBUG   [0m | [36mearth2studio.data.utils[0m:[36m_make_local_details[0m:[36m1070[0m - [34m[1mCopying /gcp-public-data-arco-era5/ar/full_37-1h-0p25deg-chunk-1.zarr-v3/volumetric_soil_water_layer_2/700164.0.0 to local cache[0m
[32m2026-07-15 14:53:26.518[0m | [34m[1mDEBUG   [0m | [36mearth2studio.data.utils[0m:[36m_make_local_details[0m:[36m1070[0m - [34m[1mCopying /gcp-public-data-arco-era5/ar/full_37-1h-0p25deg-chunk-1.zarr-v3/geopotential/700164.0.0.0 to local cache[0m
[32m2026-07-15 14:53:26.520[0m | [34m[1mDEBUG   [0m | [36mearth2studio.data.utils[0m:[36m_make_local_details[0m:[36m1070[0m - [34m[1mCopying /gcp-public-data-arco-era5/ar/full_37-1h-0p25deg-chunk-1.zarr-v3/v_component_of_wind/700164.0.0.0 to local cache[0m
[32m2026-07-15 14:53:26.521[0m | [34m[1mDEBUG   [0m | [36mearth2studio.data.utils[0m:[36m_make_local_details[0m:[36m1070[0m - [34m[1mCopying /gcp-public-data-arco-era5/ar/full_37-1h-0p25deg-chunk-1.zarr-v3/temperature/700164.0.0.0 to local cache[0m
[32m2026-07-15 14:53:26.523[0m | [34m[1mDEBUG   [0m | [36mearth2studio.data.utils[0m:[36m_make_local_details[0m:[36m1070[0m - [34m[1mCopying /gcp-public-data-arco-era5/ar/full_37-1h-0p25deg-chunk-1.zarr-v3/total_column_water/700164.0.0 to local cache[0m
[32m2026-07-15 14:53:26.530[0m | [34m[1mDEBUG   [0m | [36mearth2studio.data.utils[0m:[36m_make_local_details[0m:[36m1070[0m - [34m[1mCopying /gcp-public-data-arco-era5/ar/full_37-1h-0p25deg-chunk-1.zarr-v3/specific_humidity/700164.0.0.0 to local cache[0m
[32m2026-07-15 14:53:26.533[0m | [34m[1mDEBUG   [0m | [36mearth2studio.data.utils[0m:[36m_make_local_details[0m:[36m1070[0m - [34m[1mCopying /gcp-public-data-arco-era5/ar/full_37-1h-0p25deg-chunk-1.zarr-v3/soil_temperature_level_1/700164.0.0 to local cache[0m
[32m2026-07-15 14:53:26.537[0m | [34m[1mDEBUG   [0m | [36mearth2studio.data.utils[0m:[36m_make_local_details[0m:[36m1070[0m - [34m[1mCopying /gcp-public-data-arco-era5/ar/full_37-1h-0p25deg-chunk-1.zarr-v3/soil_temperature_level_2/700164.0.0 to local cache[0m
[32m2026-07-15 14:53:26.537[0m | [34m[1mDEBUG   [0m | [36mearth2studio.data.utils[0m:[36m_make_local_details[0m:[36m1070[0m - [34m[1mCopying /gcp-public-data-arco-era5/ar/full_37-1h-0p25deg-chunk-1.zarr-v3/skin_temperature/700164.0.0 to local cache[0m
[32m2026-07-15 14:53:26.539[0m | [34m[1mDEBUG   [0m | [36mearth2studio.data.utils[0m:[36m_make_local_details[0m:[36m1070[0m - [34m[1mCopying /gcp-public-data-arco-era5/ar/full_37-1h-0p25deg-chunk-1.zarr-v3/10m_v_component_of_wind/700164.0.0 to local cache[0m
[32m2026-07-15 14:53:26.542[0m | [34m[1mDEBUG   [0m | [36mearth2studio.data.utils[0m:[36m_make_local_details[0m:[36m1070[0m - [34m[1mCopying /gcp-public-data-arco-era5/ar/full_37-1h-0p25deg-chunk-1.zarr-v3/2m_temperature/700164.0.0 to local cache[0m
[32m2026-07-15 14:53:26.568[0m | [34m[1mDEBUG   [0m | [36mearth2studio.data.utils[0m:[36m_make_local_details[0m:[36m1070[0m - [34m[1mCopying /gcp-public-data-arco-era5/ar/full_37-1h-0p25deg-chunk-1.zarr-v3/10m_u_component_of_wind/700164.0.0 to local cache[0m
[32m2026-07-15 14:53:26.596[0m | [34m[1mDEBUG   [0m | [36mearth2studio.data.utils[0m:[36m_make_local_details[0m:[36m1070[0m - [34m[1mCopying /gcp-public-data-arco-era5/ar/full_37-1h-0p25deg-chunk-1.zarr-v3/u_component_of_wind/700164.0.0.0 to local cache[0m
[32m2026-07-15 14:53:26.598[0m | [34m[1mDEBUG   [0m | [36mearth2studio.data.utils[0m:[36m_make_local_details[0m:[36m1070[0m - [34m[1mCopying /gcp-public-data-arco-era5/ar/full_37-1h-0p25deg-chunk-1.zarr-v3/surface_pressure/700164.0.0 to local cache[0m
[32m2026-07-15 14:53:26.601[0m | [34m[1mDEBUG   [0m | [36mearth2studio.data.utils[0m:[36m_make_local_details[0m:[36m1070[0m - [34m[1mCopying /gcp-public-data-arco-era5/ar/full_37-1h-0p25deg-chunk-1.zarr-v3/vertical_velocity/700164.0.0.0 to local cache[0m
[32m2026-07-15 14:53:33.365[0m | [34m[1mDEBUG   [0m | [36mearth2studio.data.utils[0m:[36m_make_local_details[0m:[36m1070[0m - [34m[1mCopying /gcp-public-data-arco-era5/ar/full_37-1h-0p25deg-chunk-1.zarr-v3/volumetric_soil_water_layer_1/700170.0.0 to local cache[0m
[32m2026-07-15 14:53:33.367[0m | [34m[1mDEBUG   [0m | [36mearth2studio.data.utils[0m:[36m_make_local_details[0m:[36m1070[0m - [34m[1mCopying /gcp-public-data-arco-era5/ar/full_37-1h-0p25deg-chunk-1.zarr-v3/vertical_velocity/700170.0.0.0 to local cache[0m
[32m2026-07-15 14:53:33.368[0m | [34m[1mDEBUG   [0m | [36mearth2studio.data.utils[0m:[36m_make_local_details[0m:[36m1070[0m - [34m[1mCopying /gcp-public-data-arco-era5/ar/full_37-1h-0p25deg-chunk-1.zarr-v3/surface_pressure/700170.0.0 to local cache[0m
[32m2026-07-15 14:53:33.369[0m | [34m[1mDEBUG   [0m | [36mearth2studio.data.utils[0m:[36m_make_local_details[0m:[36m1070[0m - [34m[1mCopying /gcp-public-data-arco-era5/ar/full_37-1h-0p25deg-chunk-1.zarr-v3/2m_dewpoint_temperature/700170.0.0 to local cache[0m
[32m2026-07-15 14:53:33.371[0m | [34m[1mDEBUG   [0m | [36mearth2studio.data.utils[0m:[36m_make_local_details[0m:[36m1070[0m - [34m[1mCopying /gcp-public-data-arco-era5/ar/full_37-1h-0p25deg-chunk-1.zarr-v3/volumetric_soil_water_layer_2/700170.0.0 to local cache[0m
[32m2026-07-15 14:53:33.372[0m | [34m[1mDEBUG   [0m | [36mearth2studio.data.utils[0m:[36m_make_local_details[0m:[36m1070[0m - [34m[1mCopying /gcp-public-data-arco-era5/ar/full_37-1h-0p25deg-chunk-1.zarr-v3/2m_temperature/700170.0.0 to local cache[0m
[32m2026-07-15 14:53:33.372[0m | [34m[1mDEBUG   [0m | [36mearth2studio.data.utils[0m:[36m_make_local_details[0m:[36m1070[0m - [34m[1mCopying /gcp-public-data-arco-era5/ar/full_37-1h-0p25deg-chunk-1.zarr-v3/10m_v_component_of_wind/700170.0.0 to local cache[0m
[32m2026-07-15 14:53:33.373[0m | [34m[1mDEBUG   [0m | [36mearth2studio.data.utils[0m:[36m_make_local_details[0m:[36m1070[0m - [34m[1mCopying /gcp-public-data-arco-era5/ar/full_37-1h-0p25deg-chunk-1.zarr-v3/total_column_water/700170.0.0 to local cache[0m
[32m2026-07-15 14:53:33.380[0m | [34m[1mDEBUG   [0m | [36mearth2studio.data.utils[0m:[36m_make_local_details[0m:[36m1070[0m - [34m[1mCopying /gcp-public-data-arco-era5/ar/full_37-1h-0p25deg-chunk-1.zarr-v3/geopotential/700170.0.0.0 to local cache[0m
[32m2026-07-15 14:53:33.452[0m | [34m[1mDEBUG   [0m | [36mearth2studio.data.utils[0m:[36m_make_local_details[0m:[36m1070[0m - [34m[1mCopying /gcp-public-data-arco-era5/ar/full_37-1h-0p25deg-chunk-1.zarr-v3/temperature/700170.0.0.0 to local cache[0m
[32m2026-07-15 14:53:33.454[0m | [34m[1mDEBUG   [0m | [36mearth2studio.data.utils[0m:[36m_make_local_details[0m:[36m1070[0m - [34m[1mCopying /gcp-public-data-arco-era5/ar/full_37-1h-0p25deg-chunk-1.zarr-v3/specific_humidity/700170.0.0.0 to local cache[0m
[32m2026-07-15 14:53:33.463[0m | [34m[1mDEBUG   [0m | [36mearth2studio.data.utils[0m:[36m_make_local_details[0m:[36m1070[0m - [34m[1mCopying /gcp-public-data-arco-era5/ar/full_37-1h-0p25deg-chunk-1.zarr-v3/skin_temperature/700170.0.0 to local cache[0m
[32m2026-07-15 14:53:33.465[0m | [34m[1mDEBUG   [0m | [36mearth2studio.data.utils[0m:[36m_make_local_details[0m:[36m1070[0m - [34m[1mCopying /gcp-public-data-arco-era5/ar/full_37-1h-0p25deg-chunk-1.zarr-v3/10m_u_component_of_wind/700170.0.0 to local cache[0m
[32m2026-07-15 14:53:33.467[0m | [34m[1mDEBUG   [0m | [36mearth2studio.data.utils[0m:[36m_make_local_details[0m:[36m1070[0m - [34m[1mCopying /gcp-public-data-arco-era5/ar/full_37-1h-0p25deg-chunk-1.zarr-v3/u_component_of_wind/700170.0.0.0 to local cache[0m
[32m2026-07-15 14:53:33.471[0m | [34m[1mDEBUG   [0m | [36mearth2studio.data.utils[0m:[36m_make_local_details[0m:[36m1070[0m - [34m[1mCopying /gcp-public-data-arco-era5/ar/full_37-1h-0p25deg-chunk-1.zarr-v3/soil_temperature_level_2/700170.0.0 to local cache[0m
[32m2026-07-15 14:53:33.472[0m | [34m[1mDEBUG   [0m | [36mearth2studio.data.utils[0m:[36m_make_local_details[0m:[36m1070[0m - [34m[1mCopying /gcp-public-data-arco-era5/ar/full_37-1h-0p25deg-chunk-1.zarr-v3/soil_temperature_level_1/700170.0.0 to local cache[0m
[32m2026-07-15 14:53:33.479[0m | [34m[1mDEBUG   [0m | [36mearth2studio.data.utils[0m:[36m_make_local_details[0m:[36m1070[0m - [34m[1mCopying /gcp-public-data-arco-era5/ar/full_37-1h-0p25deg-chunk-1.zarr-v3/mean_sea_level_pressure/700170.0.0 to local cache[0m
[32m2026-07-15 14:53:33.511[0m | [34m[1mDEBUG   [0m | [36mearth2studio.data.utils[0m:[36m_make_local_details[0m:[36m1070[0m - [34m[1mCopying /gcp-public-data-arco-era5/ar/full_37-1h-0p25deg-chunk-1.zarr-v3/v_component_of_wind/700170.0.0.0 to local cache[0m
target_step 24: sum=-7.6284e-02
Saved /cluster/projects/nn12107k/robin/earth2studio/aifs_attributions_vestlandet/aifs_ig_attributions_vestlandet_init1979-11-16T18_target1979-11-23T00.nc
Cleaned up temporary input data cache: /cluster/projects/nn12107k/robin/e2s_data_cache_gcfn9u2a
Init: 1979-11-17 00:00:00 -> target valid time 1979-11-23 00:00:00 (24 steps, target_step=23)
[32m2026-07-15 15:01:43.532[0m | [34m[1mDEBUG   [0m | [36mearth2studio.data.utils[0m:[36m_make_local_details[0m:[36m1070[0m - [34m[1mCopying /gcp-public-data-arco-era5/ar/full_37-1h-0p25deg-chunk-1.zarr-v3/.zattrs to local cache[0m
[32m2026-07-15 15:01:44.520[0m | [34m[1mDEBUG   [0m | [36mearth2studio.data.utils[0m:[36m_make_local_details[0m:[36m1070[0m - [34m[1mCopying /gcp-public-data-arco-era5/ar/full_37-1h-0p25deg-chunk-1.zarr-v3/.zgroup to local cache[0m
[32m2026-07-15 15:01:44.549[0m | [34m[1mDEBUG   [0m | [36mearth2studio.data.utils[0m:[36m_make_local_details[0m:[36m1070[0m - [34m[1mCopying /gcp-public-data-arco-era5/ar/full_37-1h-0p25deg-chunk-1.zarr-v3/.zmetadata to local cache[0m
[32m2026-07-15 15:01:44.991[0m | [34m[1mDEBUG   [0m | [36mearth2studio.data.utils[0m:[36m_make_local_details[0m:[36m1070[0m - [34m[1mCopying /gcp-public-data-arco-era5/ar/full_37-1h-0p25deg-chunk-1.zarr-v3/level/0 to local cache[0m
[32m2026-07-15 15:01:45.293[0m | [34m[1mDEBUG   [0m | [36mearth2studio.data.utils[0m:[36m_make_local_details[0m:[36m1070[0m - [34m[1mCopying /gcp-public-data-arco-era5/ar/model-level-1h-0p25deg.zarr-v1/.zattrs to local cache[0m
[32m2026-07-15 15:01:45.625[0m | [34m[1mDEBUG   [0m | [36mearth2studio.data.utils[0m:[36m_make_local_details[0m:[36m1070[0m - [34m[1mCopying /gcp-public-data-arco-era5/ar/model-level-1h-0p25deg.zarr-v1/.zmetadata to local cache[0m
[32m2026-07-15 15:01:45.626[0m | [34m[1mDEBUG   [0m | [36mearth2studio.data.utils[0m:[36m_make_local_details[0m:[36m1070[0m - [34m[1mCopying /gcp-public-data-arco-era5/ar/model-level-1h-0p25deg.zarr-v1/.zgroup to local cache[0m
[32m2026-07-15 15:01:46.119[0m | [34m[1mDEBUG   [0m | [36mearth2studio.data.utils[0m:[36m_make_local_details[0m:[36m1070[0m - [34m[1mCopying /gcp-public-data-arco-era5/ar/model-level-1h-0p25deg.zarr-v1/hybrid/0 to local cache[0m
[32m2026-07-15 15:01:46.509[0m | [34m[1mDEBUG   [0m | [36mearth2studio.data.utils[0m:[36m_make_local_details[0m:[36m1070[0m - [34m[1mCopying /gcp-public-data-arco-era5/ar/full_37-1h-0p25deg-chunk-1.zarr-v3/surface_pressure/700170.0.0 to local cache[0m
[32m2026-07-15 15:01:46.523[0m | [34m[1mDEBUG   [0m | [36mearth2studio.data.utils[0m:[36m_make_local_details[0m:[36m1070[0m - [34m[1mCopying /gcp-public-data-arco-era5/ar/full_37-1h-0p25deg-chunk-1.zarr-v3/total_column_water/700170.0.0 to local cache[0m
[32m2026-07-15 15:01:46.604[0m | [34m[1mDEBUG   [0m | [36mearth2studio.data.utils[0m:[36m_make_local_details[0m:[36m1070[0m - [34m[1mCopying /gcp-public-data-arco-era5/ar/full_37-1h-0p25deg-chunk-1.zarr-v3/skin_temperature/700170.0.0 to local cache[0m
[32m2026-07-15 15:01:46.607[0m | [34m[1mDEBUG   [0m | [36mearth2studio.data.utils[0m:[36m_make_local_details[0m:[36m1070[0m - [34m[1mCopying /gcp-public-data-arco-era5/ar/full_37-1h-0p25deg-chunk-1.zarr-v3/soil_temperature_level_1/700170.0.0 to local cache[0m
[32m2026-07-15 15:01:46.607[0m | [34m[1mDEBUG   [0m | [36mearth2studio.data.utils[0m:[36m_make_local_details[0m:[36m1070[0m - [34m[1mCopying /gcp-public-data-arco-era5/ar/full_37-1h-0p25deg-chunk-1.zarr-v3/10m_v_component_of_wind/700170.0.0 to local cache[0m
[32m2026-07-15 15:01:46.611[0m | [34m[1mDEBUG   [0m | [36mearth2studio.data.utils[0m:[36m_make_local_details[0m:[36m1070[0m - [34m[1mCopying /gcp-public-data-arco-era5/ar/full_37-1h-0p25deg-chunk-1.zarr-v3/volumetric_soil_water_layer_1/700170.0.0 to local cache[0m
[32m2026-07-15 15:01:46.614[0m | [34m[1mDEBUG   [0m | [36mearth2studio.data.utils[0m:[36m_make_local_details[0m:[36m1070[0m - [34m[1mCopying /gcp-public-data-arco-era5/ar/full_37-1h-0p25deg-chunk-1.zarr-v3/2m_temperature/700170.0.0 to local cache[0m
[32m2026-07-15 15:01:46.616[0m | [34m[1mDEBUG   [0m | [36mearth2studio.data.utils[0m:[36m_make_local_details[0m:[36m1070[0m - [34m[1mCopying /gcp-public-data-arco-era5/ar/full_37-1h-0p25deg-chunk-1.zarr-v3/v_component_of_wind/700170.0.0.0 to local cache[0m
[32m2026-07-15 15:01:46.617[0m | [34m[1mDEBUG   [0m | [36mearth2studio.data.utils[0m:[36m_make_local_details[0m:[36m1070[0m - [34m[1mCopying /gcp-public-data-arco-era5/ar/full_37-1h-0p25deg-chunk-1.zarr-v3/volumetric_soil_water_layer_2/700170.0.0 to local cache[0m
[32m2026-07-15 15:01:46.624[0m | [34m[1mDEBUG   [0m | [36mearth2studio.data.utils[0m:[36m_make_local_details[0m:[36m1070[0m - [34m[1mCopying /gcp-public-data-arco-era5/ar/full_37-1h-0p25deg-chunk-1.zarr-v3/temperature/700170.0.0.0 to local cache[0m
[32m2026-07-15 15:01:46.625[0m | [34m[1mDEBUG   [0m | [36mearth2studio.data.utils[0m:[36m_make_local_details[0m:[36m1070[0m - [34m[1mCopying /gcp-public-data-arco-era5/ar/full_37-1h-0p25deg-chunk-1.zarr-v3/10m_u_component_of_wind/700170.0.0 to local cache[0m
[32m2026-07-15 15:01:46.626[0m | [34m[1mDEBUG   [0m | [36mearth2studio.data.utils[0m:[36m_make_local_details[0m:[36m1070[0m - [34m[1mCopying /gcp-public-data-arco-era5/ar/full_37-1h-0p25deg-chunk-1.zarr-v3/mean_sea_level_pressure/700170.0.0 to local cache[0m
[32m2026-07-15 15:01:46.630[0m | [34m[1mDEBUG   [0m | [36mearth2studio.data.utils[0m:[36m_make_local_details[0m:[36m1070[0m - [34m[1mCopying /gcp-public-data-arco-era5/ar/full_37-1h-0p25deg-chunk-1.zarr-v3/soil_temperature_level_2/700170.0.0 to local cache[0m
[32m2026-07-15 15:01:46.633[0m | [34m[1mDEBUG   [0m | [36mearth2studio.data.utils[0m:[36m_make_local_details[0m:[36m1070[0m - [34m[1mCopying /gcp-public-data-arco-era5/ar/full_37-1h-0p25deg-chunk-1.zarr-v3/geopotential/700170.0.0.0 to local cache[0m
[32m2026-07-15 15:01:46.635[0m | [34m[1mDEBUG   [0m | [36mearth2studio.data.utils[0m:[36m_make_local_details[0m:[36m1070[0m - [34m[1mCopying /gcp-public-data-arco-era5/ar/full_37-1h-0p25deg-chunk-1.zarr-v3/specific_humidity/700170.0.0.0 to local cache[0m
[32m2026-07-15 15:01:46.638[0m | [34m[1mDEBUG   [0m | [36mearth2studio.data.utils[0m:[36m_make_local_details[0m:[36m1070[0m - [34m[1mCopying /gcp-public-data-arco-era5/ar/full_37-1h-0p25deg-chunk-1.zarr-v3/2m_dewpoint_temperature/700170.0.0 to local cache[0m
[32m2026-07-15 15:01:46.665[0m | [34m[1mDEBUG   [0m | [36mearth2studio.data.utils[0m:[36m_make_local_details[0m:[36m1070[0m - [34m[1mCopying /gcp-public-data-arco-era5/ar/full_37-1h-0p25deg-chunk-1.zarr-v3/u_component_of_wind/700170.0.0.0 to local cache[0m
[32m2026-07-15 15:01:46.677[0m | [34m[1mDEBUG   [0m | [36mearth2studio.data.utils[0m:[36m_make_local_details[0m:[36m1070[0m - [34m[1mCopying /gcp-public-data-arco-era5/ar/full_37-1h-0p25deg-chunk-1.zarr-v3/vertical_velocity/700170.0.0.0 to local cache[0m
[32m2026-07-15 15:01:52.508[0m | [34m[1mDEBUG   [0m | [36mearth2studio.data.utils[0m:[36m_make_local_details[0m:[36m1070[0m - [34m[1mCopying /gcp-public-data-arco-era5/ar/full_37-1h-0p25deg-chunk-1.zarr-v3/10m_v_component_of_wind/700176.0.0 to local cache[0m
[32m2026-07-15 15:01:52.510[0m | [34m[1mDEBUG   [0m | [36mearth2studio.data.utils[0m:[36m_make_local_details[0m:[36m1070[0m - [34m[1mCopying /gcp-public-data-arco-era5/ar/full_37-1h-0p25deg-chunk-1.zarr-v3/volumetric_soil_water_layer_1/700176.0.0 to local cache[0m
[32m2026-07-15 15:01:52.512[0m | [34m[1mDEBUG   [0m | [36mearth2studio.data.utils[0m:[36m_make_local_details[0m:[36m1070[0m - [34m[1mCopying /gcp-public-data-arco-era5/ar/full_37-1h-0p25deg-chunk-1.zarr-v3/total_column_water/700176.0.0 to local cache[0m
[32m2026-07-15 15:01:52.513[0m | [34m[1mDEBUG   [0m | [36mearth2studio.data.utils[0m:[36m_make_local_details[0m:[36m1070[0m - [34m[1mCopying /gcp-public-data-arco-era5/ar/full_37-1h-0p25deg-chunk-1.zarr-v3/2m_dewpoint_temperature/700176.0.0 to local cache[0m
[32m2026-07-15 15:01:52.514[0m | [34m[1mDEBUG   [0m | [36mearth2studio.data.utils[0m:[36m_make_local_details[0m:[36m1070[0m - [34m[1mCopying /gcp-public-data-arco-era5/ar/full_37-1h-0p25deg-chunk-1.zarr-v3/v_component_of_wind/700176.0.0.0 to local cache[0m
[32m2026-07-15 15:01:52.515[0m | [34m[1mDEBUG   [0m | [36mearth2studio.data.utils[0m:[36m_make_local_details[0m:[36m1070[0m - [34m[1mCopying /gcp-public-data-arco-era5/ar/full_37-1h-0p25deg-chunk-1.zarr-v3/mean_sea_level_pressure/700176.0.0 to local cache[0m
[32m2026-07-15 15:01:52.517[0m | [34m[1mDEBUG   [0m | [36mearth2studio.data.utils[0m:[36m_make_local_details[0m:[36m1070[0m - [34m[1mCopying /gcp-public-data-arco-era5/ar/full_37-1h-0p25deg-chunk-1.zarr-v3/skin_temperature/700176.0.0 to local cache[0m
[32m2026-07-15 15:01:52.524[0m | [34m[1mDEBUG   [0m | [36mearth2studio.data.utils[0m:[36m_make_local_details[0m:[36m1070[0m - [34m[1mCopying /gcp-public-data-arco-era5/ar/full_37-1h-0p25deg-chunk-1.zarr-v3/surface_pressure/700176.0.0 to local cache[0m
[32m2026-07-15 15:01:52.569[0m | [34m[1mDEBUG   [0m | [36mearth2studio.data.utils[0m:[36m_make_local_details[0m:[36m1070[0m - [34m[1mCopying /gcp-public-data-arco-era5/ar/full_37-1h-0p25deg-chunk-1.zarr-v3/vertical_velocity/700176.0.0.0 to local cache[0m
[32m2026-07-15 15:01:52.592[0m | [34m[1mDEBUG   [0m | [36mearth2studio.data.utils[0m:[36m_make_local_details[0m:[36m1070[0m - [34m[1mCopying /gcp-public-data-arco-era5/ar/full_37-1h-0p25deg-chunk-1.zarr-v3/soil_temperature_level_1/700176.0.0 to local cache[0m
[32m2026-07-15 15:01:52.595[0m | [34m[1mDEBUG   [0m | [36mearth2studio.data.utils[0m:[36m_make_local_details[0m:[36m1070[0m - [34m[1mCopying /gcp-public-data-arco-era5/ar/full_37-1h-0p25deg-chunk-1.zarr-v3/geopotential/700176.0.0.0 to local cache[0m
[32m2026-07-15 15:01:52.607[0m | [34m[1mDEBUG   [0m | [36mearth2studio.data.utils[0m:[36m_make_local_details[0m:[36m1070[0m - [34m[1mCopying /gcp-public-data-arco-era5/ar/full_37-1h-0p25deg-chunk-1.zarr-v3/volumetric_soil_water_layer_2/700176.0.0 to local cache[0m
[32m2026-07-15 15:01:52.609[0m | [34m[1mDEBUG   [0m | [36mearth2studio.data.utils[0m:[36m_make_local_details[0m:[36m1070[0m - [34m[1mCopying /gcp-public-data-arco-era5/ar/full_37-1h-0p25deg-chunk-1.zarr-v3/temperature/700176.0.0.0 to local cache[0m
[32m2026-07-15 15:01:52.609[0m | [34m[1mDEBUG   [0m | [36mearth2studio.data.utils[0m:[36m_make_local_details[0m:[36m1070[0m - [34m[1mCopying /gcp-public-data-arco-era5/ar/full_37-1h-0p25deg-chunk-1.zarr-v3/2m_temperature/700176.0.0 to local cache[0m
[32m2026-07-15 15:01:52.609[0m | [34m[1mDEBUG   [0m | [36mearth2studio.data.utils[0m:[36m_make_local_details[0m:[36m1070[0m - [34m[1mCopying /gcp-public-data-arco-era5/ar/full_37-1h-0p25deg-chunk-1.zarr-v3/u_component_of_wind/700176.0.0.0 to local cache[0m
[32m2026-07-15 15:01:52.613[0m | [34m[1mDEBUG   [0m | [36mearth2studio.data.utils[0m:[36m_make_local_details[0m:[36m1070[0m - [34m[1mCopying /gcp-public-data-arco-era5/ar/full_37-1h-0p25deg-chunk-1.zarr-v3/10m_u_component_of_wind/700176.0.0 to local cache[0m
[32m2026-07-15 15:01:52.627[0m | [34m[1mDEBUG   [0m | [36mearth2studio.data.utils[0m:[36m_make_local_details[0m:[36m1070[0m - [34m[1mCopying /gcp-public-data-arco-era5/ar/full_37-1h-0p25deg-chunk-1.zarr-v3/specific_humidity/700176.0.0.0 to local cache[0m
[32m2026-07-15 15:01:52.639[0m | [34m[1mDEBUG   [0m | [36mearth2studio.data.utils[0m:[36m_make_local_details[0m:[36m1070[0m - [34m[1mCopying /gcp-public-data-arco-era5/ar/full_37-1h-0p25deg-chunk-1.zarr-v3/soil_temperature_level_2/700176.0.0 to local cache[0m
target_step 23: sum=-6.0355e-02
Saved /cluster/projects/nn12107k/robin/earth2studio/aifs_attributions_vestlandet/aifs_ig_attributions_vestlandet_init1979-11-17T00_target1979-11-23T00.nc
Cleaned up temporary input data cache: /cluster/projects/nn12107k/robin/e2s_data_cache_g6xybs1v
Init: 1979-11-17 06:00:00 -> target valid time 1979-11-23 00:00:00 (23 steps, target_step=22)
[32m2026-07-15 15:09:42.563[0m | [34m[1mDEBUG   [0m | [36mearth2studio.data.utils[0m:[36m_make_local_details[0m:[36m1070[0m - [34m[1mCopying /gcp-public-data-arco-era5/ar/full_37-1h-0p25deg-chunk-1.zarr-v3/.zattrs to local cache[0m
[32m2026-07-15 15:09:43.561[0m | [34m[1mDEBUG   [0m | [36mearth2studio.data.utils[0m:[36m_make_local_details[0m:[36m1070[0m - [34m[1mCopying /gcp-public-data-arco-era5/ar/full_37-1h-0p25deg-chunk-1.zarr-v3/.zgroup to local cache[0m
[32m2026-07-15 15:09:43.564[0m | [34m[1mDEBUG   [0m | [36mearth2studio.data.utils[0m:[36m_make_local_details[0m:[36m1070[0m - [34m[1mCopying /gcp-public-data-arco-era5/ar/full_37-1h-0p25deg-chunk-1.zarr-v3/.zmetadata to local cache[0m
[32m2026-07-15 15:09:43.867[0m | [34m[1mDEBUG   [0m | [36mearth2studio.data.utils[0m:[36m_make_local_details[0m:[36m1070[0m - [34m[1mCopying /gcp-public-data-arco-era5/ar/full_37-1h-0p25deg-chunk-1.zarr-v3/level/0 to local cache[0m
[32m2026-07-15 15:09:44.230[0m | [34m[1mDEBUG   [0m | [36mearth2studio.data.utils[0m:[36m_make_local_details[0m:[36m1070[0m - [34m[1mCopying /gcp-public-data-arco-era5/ar/model-level-1h-0p25deg.zarr-v1/.zattrs to local cache[0m
[32m2026-07-15 15:09:44.455[0m | [34m[1mDEBUG   [0m | [36mearth2studio.data.utils[0m:[36m_make_local_details[0m:[36m1070[0m - [34m[1mCopying /gcp-public-data-arco-era5/ar/model-level-1h-0p25deg.zarr-v1/.zgroup to local cache[0m
[32m2026-07-15 15:09:44.480[0m | [34m[1mDEBUG   [0m | [36mearth2studio.data.utils[0m:[36m_make_local_details[0m:[36m1070[0m - [34m[1mCopying /gcp-public-data-arco-era5/ar/model-level-1h-0p25deg.zarr-v1/.zmetadata to local cache[0m
[32m2026-07-15 15:09:44.782[0m | [34m[1mDEBUG   [0m | [36mearth2studio.data.utils[0m:[36m_make_local_details[0m:[36m1070[0m - [34m[1mCopying /gcp-public-data-arco-era5/ar/model-level-1h-0p25deg.zarr-v1/hybrid/0 to local cache[0m
[32m2026-07-15 15:09:44.995[0m | [34m[1mDEBUG   [0m | [36mearth2studio.data.utils[0m:[36m_make_local_details[0m:[36m1070[0m - [34m[1mCopying /gcp-public-data-arco-era5/ar/full_37-1h-0p25deg-chunk-1.zarr-v3/specific_humidity/700176.0.0.0 to local cache[0m
[32m2026-07-15 15:09:44.996[0m | [34m[1mDEBUG   [0m | [36mearth2studio.data.utils[0m:[36m_make_local_details[0m:[36m1070[0m - [34m[1mCopying /gcp-public-data-arco-era5/ar/full_37-1h-0p25deg-chunk-1.zarr-v3/volumetric_soil_water_layer_1/700176.0.0 to local cache[0m
[32m2026-07-15 15:09:45.073[0m | [34m[1mDEBUG   [0m | [36mearth2studio.data.utils[0m:[36m_make_local_details[0m:[36m1070[0m - [34m[1mCopying /gcp-public-data-arco-era5/ar/full_37-1h-0p25deg-chunk-1.zarr-v3/2m_temperature/700176.0.0 to local cache[0m
[32m2026-07-15 15:09:45.089[0m | [34m[1mDEBUG   [0m | [36mearth2studio.data.utils[0m:[36m_make_local_details[0m:[36m1070[0m - [34m[1mCopying /gcp-public-data-arco-era5/ar/full_37-1h-0p25deg-chunk-1.zarr-v3/u_component_of_wind/700176.0.0.0 to local cache[0m
[32m2026-07-15 15:09:45.090[0m | [34m[1mDEBUG   [0m | [36mearth2studio.data.utils[0m:[36m_make_local_details[0m:[36m1070[0m - [34m[1mCopying /gcp-public-data-arco-era5/ar/full_37-1h-0p25deg-chunk-1.zarr-v3/temperature/700176.0.0.0 to local cache[0m
[32m2026-07-15 15:09:45.090[0m | [34m[1mDEBUG   [0m | [36mearth2studio.data.utils[0m:[36m_make_local_details[0m:[36m1070[0m - [34m[1mCopying /gcp-public-data-arco-era5/ar/full_37-1h-0p25deg-chunk-1.zarr-v3/soil_temperature_level_2/700176.0.0 to local cache[0m
[32m2026-07-15 15:09:45.092[0m | [34m[1mDEBUG   [0m | [36mearth2studio.data.utils[0m:[36m_make_local_details[0m:[36m1070[0m - [34m[1mCopying /gcp-public-data-arco-era5/ar/full_37-1h-0p25deg-chunk-1.zarr-v3/2m_dewpoint_temperature/700176.0.0 to local cache[0m
[32m2026-07-15 15:09:45.094[0m | [34m[1mDEBUG   [0m | [36mearth2studio.data.utils[0m:[36m_make_local_details[0m:[36m1070[0m - [34m[1mCopying /gcp-public-data-arco-era5/ar/full_37-1h-0p25deg-chunk-1.zarr-v3/v_component_of_wind/700176.0.0.0 to local cache[0m
[32m2026-07-15 15:09:45.096[0m | [34m[1mDEBUG   [0m | [36mearth2studio.data.utils[0m:[36m_make_local_details[0m:[36m1070[0m - [34m[1mCopying /gcp-public-data-arco-era5/ar/full_37-1h-0p25deg-chunk-1.zarr-v3/10m_u_component_of_wind/700176.0.0 to local cache[0m
[32m2026-07-15 15:09:45.102[0m | [34m[1mDEBUG   [0m | [36mearth2studio.data.utils[0m:[36m_make_local_details[0m:[36m1070[0m - [34m[1mCopying /gcp-public-data-arco-era5/ar/full_37-1h-0p25deg-chunk-1.zarr-v3/geopotential/700176.0.0.0 to local cache[0m
[32m2026-07-15 15:09:45.103[0m | [34m[1mDEBUG   [0m | [36mearth2studio.data.utils[0m:[36m_make_local_details[0m:[36m1070[0m - [34m[1mCopying /gcp-public-data-arco-era5/ar/full_37-1h-0p25deg-chunk-1.zarr-v3/vertical_velocity/700176.0.0.0 to local cache[0m
[32m2026-07-15 15:09:45.104[0m | [34m[1mDEBUG   [0m | [36mearth2studio.data.utils[0m:[36m_make_local_details[0m:[36m1070[0m - [34m[1mCopying /gcp-public-data-arco-era5/ar/full_37-1h-0p25deg-chunk-1.zarr-v3/volumetric_soil_water_layer_2/700176.0.0 to local cache[0m
[32m2026-07-15 15:09:45.107[0m | [34m[1mDEBUG   [0m | [36mearth2studio.data.utils[0m:[36m_make_local_details[0m:[36m1070[0m - [34m[1mCopying /gcp-public-data-arco-era5/ar/full_37-1h-0p25deg-chunk-1.zarr-v3/skin_temperature/700176.0.0 to local cache[0m
[32m2026-07-15 15:09:45.111[0m | [34m[1mDEBUG   [0m | [36mearth2studio.data.utils[0m:[36m_make_local_details[0m:[36m1070[0m - [34m[1mCopying /gcp-public-data-arco-era5/ar/full_37-1h-0p25deg-chunk-1.zarr-v3/total_column_water/700176.0.0 to local cache[0m
[32m2026-07-15 15:09:45.113[0m | [34m[1mDEBUG   [0m | [36mearth2studio.data.utils[0m:[36m_make_local_details[0m:[36m1070[0m - [34m[1mCopying /gcp-public-data-arco-era5/ar/full_37-1h-0p25deg-chunk-1.zarr-v3/10m_v_component_of_wind/700176.0.0 to local cache[0m
[32m2026-07-15 15:09:45.113[0m | [34m[1mDEBUG   [0m | [36mearth2studio.data.utils[0m:[36m_make_local_details[0m:[36m1070[0m - [34m[1mCopying /gcp-public-data-arco-era5/ar/full_37-1h-0p25deg-chunk-1.zarr-v3/soil_temperature_level_1/700176.0.0 to local cache[0m
[32m2026-07-15 15:09:45.117[0m | [34m[1mDEBUG   [0m | [36mearth2studio.data.utils[0m:[36m_make_local_details[0m:[36m1070[0m - [34m[1mCopying /gcp-public-data-arco-era5/ar/full_37-1h-0p25deg-chunk-1.zarr-v3/mean_sea_level_pressure/700176.0.0 to local cache[0m
[32m2026-07-15 15:09:45.138[0m | [34m[1mDEBUG   [0m | [36mearth2studio.data.utils[0m:[36m_make_local_details[0m:[36m1070[0m - [34m[1mCopying /gcp-public-data-arco-era5/ar/full_37-1h-0p25deg-chunk-1.zarr-v3/surface_pressure/700176.0.0 to local cache[0m
[32m2026-07-15 15:09:51.741[0m | [34m[1mDEBUG   [0m | [36mearth2studio.data.utils[0m:[36m_make_local_details[0m:[36m1070[0m - [34m[1mCopying /gcp-public-data-arco-era5/ar/full_37-1h-0p25deg-chunk-1.zarr-v3/2m_temperature/700182.0.0 to local cache[0m
[32m2026-07-15 15:09:51.743[0m | [34m[1mDEBUG   [0m | [36mearth2studio.data.utils[0m:[36m_make_local_details[0m:[36m1070[0m - [34m[1mCopying /gcp-public-data-arco-era5/ar/full_37-1h-0p25deg-chunk-1.zarr-v3/soil_temperature_level_1/700182.0.0 to local cache[0m
[32m2026-07-15 15:09:51.745[0m | [34m[1mDEBUG   [0m | [36mearth2studio.data.utils[0m:[36m_make_local_details[0m:[36m1070[0m - [34m[1mCopying /gcp-public-data-arco-era5/ar/full_37-1h-0p25deg-chunk-1.zarr-v3/temperature/700182.0.0.0 to local cache[0m
[32m2026-07-15 15:09:51.746[0m | [34m[1mDEBUG   [0m | [36mearth2studio.data.utils[0m:[36m_make_local_details[0m:[36m1070[0m - [34m[1mCopying /gcp-public-data-arco-era5/ar/full_37-1h-0p25deg-chunk-1.zarr-v3/10m_v_component_of_wind/700182.0.0 to local cache[0m
[32m2026-07-15 15:09:51.747[0m | [34m[1mDEBUG   [0m | [36mearth2studio.data.utils[0m:[36m_make_local_details[0m:[36m1070[0m - [34m[1mCopying /gcp-public-data-arco-era5/ar/full_37-1h-0p25deg-chunk-1.zarr-v3/u_component_of_wind/700182.0.0.0 to local cache[0m
[32m2026-07-15 15:09:51.748[0m | [34m[1mDEBUG   [0m | [36mearth2studio.data.utils[0m:[36m_make_local_details[0m:[36m1070[0m - [34m[1mCopying /gcp-public-data-arco-era5/ar/full_37-1h-0p25deg-chunk-1.zarr-v3/surface_pressure/700182.0.0 to local cache[0m
[32m2026-07-15 15:09:51.750[0m | [34m[1mDEBUG   [0m | [36mearth2studio.data.utils[0m:[36m_make_local_details[0m:[36m1070[0m - [34m[1mCopying /gcp-public-data-arco-era5/ar/full_37-1h-0p25deg-chunk-1.zarr-v3/skin_temperature/700182.0.0 to local cache[0m
[32m2026-07-15 15:09:51.750[0m | [34m[1mDEBUG   [0m | [36mearth2studio.data.utils[0m:[36m_make_local_details[0m:[36m1070[0m - [34m[1mCopying /gcp-public-data-arco-era5/ar/full_37-1h-0p25deg-chunk-1.zarr-v3/total_column_water/700182.0.0 to local cache[0m
[32m2026-07-15 15:09:51.754[0m | [34m[1mDEBUG   [0m | [36mearth2studio.data.utils[0m:[36m_make_local_details[0m:[36m1070[0m - [34m[1mCopying /gcp-public-data-arco-era5/ar/full_37-1h-0p25deg-chunk-1.zarr-v3/soil_temperature_level_2/700182.0.0 to local cache[0m
[32m2026-07-15 15:09:51.815[0m | [34m[1mDEBUG   [0m | [36mearth2studio.data.utils[0m:[36m_make_local_details[0m:[36m1070[0m - [34m[1mCopying /gcp-public-data-arco-era5/ar/full_37-1h-0p25deg-chunk-1.zarr-v3/volumetric_soil_water_layer_1/700182.0.0 to local cache[0m
[32m2026-07-15 15:09:51.841[0m | [34m[1mDEBUG   [0m | [36mearth2studio.data.utils[0m:[36m_make_local_details[0m:[36m1070[0m - [34m[1mCopying /gcp-public-data-arco-era5/ar/full_37-1h-0p25deg-chunk-1.zarr-v3/10m_u_component_of_wind/700182.0.0 to local cache[0m
[32m2026-07-15 15:09:51.842[0m | [34m[1mDEBUG   [0m | [36mearth2studio.data.utils[0m:[36m_make_local_details[0m:[36m1070[0m - [34m[1mCopying /gcp-public-data-arco-era5/ar/full_37-1h-0p25deg-chunk-1.zarr-v3/2m_dewpoint_temperature/700182.0.0 to local cache[0m
[32m2026-07-15 15:09:51.847[0m | [34m[1mDEBUG   [0m | [36mearth2studio.data.utils[0m:[36m_make_local_details[0m:[36m1070[0m - [34m[1mCopying /gcp-public-data-arco-era5/ar/full_37-1h-0p25deg-chunk-1.zarr-v3/v_component_of_wind/700182.0.0.0 to local cache[0m
[32m2026-07-15 15:09:51.848[0m | [34m[1mDEBUG   [0m | [36mearth2studio.data.utils[0m:[36m_make_local_details[0m:[36m1070[0m - [34m[1mCopying /gcp-public-data-arco-era5/ar/full_37-1h-0p25deg-chunk-1.zarr-v3/specific_humidity/700182.0.0.0 to local cache[0m
[32m2026-07-15 15:09:51.849[0m | [34m[1mDEBUG   [0m | [36mearth2studio.data.utils[0m:[36m_make_local_details[0m:[36m1070[0m - [34m[1mCopying /gcp-public-data-arco-era5/ar/full_37-1h-0p25deg-chunk-1.zarr-v3/vertical_velocity/700182.0.0.0 to local cache[0m
[32m2026-07-15 15:09:51.850[0m | [34m[1mDEBUG   [0m | [36mearth2studio.data.utils[0m:[36m_make_local_details[0m:[36m1070[0m - [34m[1mCopying /gcp-public-data-arco-era5/ar/full_37-1h-0p25deg-chunk-1.zarr-v3/geopotential/700182.0.0.0 to local cache[0m
[32m2026-07-15 15:09:51.851[0m | [34m[1mDEBUG   [0m | [36mearth2studio.data.utils[0m:[36m_make_local_details[0m:[36m1070[0m - [34m[1mCopying /gcp-public-data-arco-era5/ar/full_37-1h-0p25deg-chunk-1.zarr-v3/mean_sea_level_pressure/700182.0.0 to local cache[0m
[32m2026-07-15 15:09:51.868[0m | [34m[1mDEBUG   [0m | [36mearth2studio.data.utils[0m:[36m_make_local_details[0m:[36m1070[0m - [34m[1mCopying /gcp-public-data-arco-era5/ar/full_37-1h-0p25deg-chunk-1.zarr-v3/volumetric_soil_water_layer_2/700182.0.0 to local cache[0m
target_step 22: sum=2.0946e-03
Saved /cluster/projects/nn12107k/robin/earth2studio/aifs_attributions_vestlandet/aifs_ig_attributions_vestlandet_init1979-11-17T06_target1979-11-23T00.nc
Cleaned up temporary input data cache: /cluster/projects/nn12107k/robin/e2s_data_cache_8oszab6l
Init: 1979-11-17 12:00:00 -> target valid time 1979-11-23 00:00:00 (22 steps, target_step=21)
[32m2026-07-15 15:17:23.578[0m | [34m[1mDEBUG   [0m | [36mearth2studio.data.utils[0m:[36m_make_local_details[0m:[36m1070[0m - [34m[1mCopying /gcp-public-data-arco-era5/ar/full_37-1h-0p25deg-chunk-1.zarr-v3/.zattrs to local cache[0m
[32m2026-07-15 15:17:24.533[0m | [34m[1mDEBUG   [0m | [36mearth2studio.data.utils[0m:[36m_make_local_details[0m:[36m1070[0m - [34m[1mCopying /gcp-public-data-arco-era5/ar/full_37-1h-0p25deg-chunk-1.zarr-v3/.zgroup to local cache[0m
[32m2026-07-15 15:17:24.619[0m | [34m[1mDEBUG   [0m | [36mearth2studio.data.utils[0m:[36m_make_local_details[0m:[36m1070[0m - [34m[1mCopying /gcp-public-data-arco-era5/ar/full_37-1h-0p25deg-chunk-1.zarr-v3/.zmetadata to local cache[0m
[32m2026-07-15 15:17:24.930[0m | [34m[1mDEBUG   [0m | [36mearth2studio.data.utils[0m:[36m_make_local_details[0m:[36m1070[0m - [34m[1mCopying /gcp-public-data-arco-era5/ar/full_37-1h-0p25deg-chunk-1.zarr-v3/level/0 to local cache[0m
[32m2026-07-15 15:17:25.196[0m | [34m[1mDEBUG   [0m | [36mearth2studio.data.utils[0m:[36m_make_local_details[0m:[36m1070[0m - [34m[1mCopying /gcp-public-data-arco-era5/ar/model-level-1h-0p25deg.zarr-v1/.zattrs to local cache[0m
[32m2026-07-15 15:17:25.512[0m | [34m[1mDEBUG   [0m | [36mearth2studio.data.utils[0m:[36m_make_local_details[0m:[36m1070[0m - [34m[1mCopying /gcp-public-data-arco-era5/ar/model-level-1h-0p25deg.zarr-v1/.zgroup to local cache[0m
[32m2026-07-15 15:17:25.515[0m | [34m[1mDEBUG   [0m | [36mearth2studio.data.utils[0m:[36m_make_local_details[0m:[36m1070[0m - [34m[1mCopying /gcp-public-data-arco-era5/ar/model-level-1h-0p25deg.zarr-v1/.zmetadata to local cache[0m
[32m2026-07-15 15:17:25.828[0m | [34m[1mDEBUG   [0m | [36mearth2studio.data.utils[0m:[36m_make_local_details[0m:[36m1070[0m - [34m[1mCopying /gcp-public-data-arco-era5/ar/model-level-1h-0p25deg.zarr-v1/hybrid/0 to local cache[0m
[32m2026-07-15 15:17:26.048[0m | [34m[1mDEBUG   [0m | [36mearth2studio.data.utils[0m:[36m_make_local_details[0m:[36m1070[0m - [34m[1mCopying /gcp-public-data-arco-era5/ar/full_37-1h-0p25deg-chunk-1.zarr-v3/geopotential/700182.0.0.0 to local cache[0m
[32m2026-07-15 15:17:26.050[0m | [34m[1mDEBUG   [0m | [36mearth2studio.data.utils[0m:[36m_make_local_details[0m:[36m1070[0m - [34m[1mCopying /gcp-public-data-arco-era5/ar/full_37-1h-0p25deg-chunk-1.zarr-v3/soil_temperature_level_1/700182.0.0 to local cache[0m
[32m2026-07-15 15:17:26.133[0m | [34m[1mDEBUG   [0m | [36mearth2studio.data.utils[0m:[36m_make_local_details[0m:[36m1070[0m - [34m[1mCopying /gcp-public-data-arco-era5/ar/full_37-1h-0p25deg-chunk-1.zarr-v3/specific_humidity/700182.0.0.0 to local cache[0m
[32m2026-07-15 15:17:26.138[0m | [34m[1mDEBUG   [0m | [36mearth2studio.data.utils[0m:[36m_make_local_details[0m:[36m1070[0m - [34m[1mCopying /gcp-public-data-arco-era5/ar/full_37-1h-0p25deg-chunk-1.zarr-v3/2m_dewpoint_temperature/700182.0.0 to local cache[0m
[32m2026-07-15 15:17:26.142[0m | [34m[1mDEBUG   [0m | [36mearth2studio.data.utils[0m:[36m_make_local_details[0m:[36m1070[0m - [34m[1mCopying /gcp-public-data-arco-era5/ar/full_37-1h-0p25deg-chunk-1.zarr-v3/vertical_velocity/700182.0.0.0 to local cache[0m
[32m2026-07-15 15:17:26.146[0m | [34m[1mDEBUG   [0m | [36mearth2studio.data.utils[0m:[36m_make_local_details[0m:[36m1070[0m - [34m[1mCopying /gcp-public-data-arco-era5/ar/full_37-1h-0p25deg-chunk-1.zarr-v3/10m_v_component_of_wind/700182.0.0 to local cache[0m
[32m2026-07-15 15:17:26.148[0m | [34m[1mDEBUG   [0m | [36mearth2studio.data.utils[0m:[36m_make_local_details[0m:[36m1070[0m - [34m[1mCopying /gcp-public-data-arco-era5/ar/full_37-1h-0p25deg-chunk-1.zarr-v3/total_column_water/700182.0.0 to local cache[0m
[32m2026-07-15 15:17:26.150[0m | [34m[1mDEBUG   [0m | [36mearth2studio.data.utils[0m:[36m_make_local_details[0m:[36m1070[0m - [34m[1mCopying /gcp-public-data-arco-era5/ar/full_37-1h-0p25deg-chunk-1.zarr-v3/surface_pressure/700182.0.0 to local cache[0m
[32m2026-07-15 15:17:26.156[0m | [34m[1mDEBUG   [0m | [36mearth2studio.data.utils[0m:[36m_make_local_details[0m:[36m1070[0m - [34m[1mCopying /gcp-public-data-arco-era5/ar/full_37-1h-0p25deg-chunk-1.zarr-v3/skin_temperature/700182.0.0 to local cache[0m
[32m2026-07-15 15:17:26.158[0m | [34m[1mDEBUG   [0m | [36mearth2studio.data.utils[0m:[36m_make_local_details[0m:[36m1070[0m - [34m[1mCopying /gcp-public-data-arco-era5/ar/full_37-1h-0p25deg-chunk-1.zarr-v3/2m_temperature/700182.0.0 to local cache[0m
[32m2026-07-15 15:17:26.159[0m | [34m[1mDEBUG   [0m | [36mearth2studio.data.utils[0m:[36m_make_local_details[0m:[36m1070[0m - [34m[1mCopying /gcp-public-data-arco-era5/ar/full_37-1h-0p25deg-chunk-1.zarr-v3/10m_u_component_of_wind/700182.0.0 to local cache[0m
[32m2026-07-15 15:17:26.162[0m | [34m[1mDEBUG   [0m | [36mearth2studio.data.utils[0m:[36m_make_local_details[0m:[36m1070[0m - [34m[1mCopying /gcp-public-data-arco-era5/ar/full_37-1h-0p25deg-chunk-1.zarr-v3/volumetric_soil_water_layer_1/700182.0.0 to local cache[0m
[32m2026-07-15 15:17:26.163[0m | [34m[1mDEBUG   [0m | [36mearth2studio.data.utils[0m:[36m_make_local_details[0m:[36m1070[0m - [34m[1mCopying /gcp-public-data-arco-era5/ar/full_37-1h-0p25deg-chunk-1.zarr-v3/soil_temperature_level_2/700182.0.0 to local cache[0m
[32m2026-07-15 15:17:26.166[0m | [34m[1mDEBUG   [0m | [36mearth2studio.data.utils[0m:[36m_make_local_details[0m:[36m1070[0m - [34m[1mCopying /gcp-public-data-arco-era5/ar/full_37-1h-0p25deg-chunk-1.zarr-v3/v_component_of_wind/700182.0.0.0 to local cache[0m
[32m2026-07-15 15:17:26.192[0m | [34m[1mDEBUG   [0m | [36mearth2studio.data.utils[0m:[36m_make_local_details[0m:[36m1070[0m - [34m[1mCopying /gcp-public-data-arco-era5/ar/full_37-1h-0p25deg-chunk-1.zarr-v3/u_component_of_wind/700182.0.0.0 to local cache[0m
[32m2026-07-15 15:17:26.200[0m | [34m[1mDEBUG   [0m | [36mearth2studio.data.utils[0m:[36m_make_local_details[0m:[36m1070[0m - [34m[1mCopying /gcp-public-data-arco-era5/ar/full_37-1h-0p25deg-chunk-1.zarr-v3/mean_sea_level_pressure/700182.0.0 to local cache[0m
[32m2026-07-15 15:17:26.218[0m | [34m[1mDEBUG   [0m | [36mearth2studio.data.utils[0m:[36m_make_local_details[0m:[36m1070[0m - [34m[1mCopying /gcp-public-data-arco-era5/ar/full_37-1h-0p25deg-chunk-1.zarr-v3/temperature/700182.0.0.0 to local cache[0m
[32m2026-07-15 15:17:26.220[0m | [34m[1mDEBUG   [0m | [36mearth2studio.data.utils[0m:[36m_make_local_details[0m:[36m1070[0m - [34m[1mCopying /gcp-public-data-arco-era5/ar/full_37-1h-0p25deg-chunk-1.zarr-v3/volumetric_soil_water_layer_2/700182.0.0 to local cache[0m
[32m2026-07-15 15:17:32.568[0m | [34m[1mDEBUG   [0m | [36mearth2studio.data.utils[0m:[36m_make_local_details[0m:[36m1070[0m - [34m[1mCopying /gcp-public-data-arco-era5/ar/full_37-1h-0p25deg-chunk-1.zarr-v3/2m_temperature/700188.0.0 to local cache[0m
[32m2026-07-15 15:17:32.569[0m | [34m[1mDEBUG   [0m | [36mearth2studio.data.utils[0m:[36m_make_local_details[0m:[36m1070[0m - [34m[1mCopying /gcp-public-data-arco-era5/ar/full_37-1h-0p25deg-chunk-1.zarr-v3/10m_u_component_of_wind/700188.0.0 to local cache[0m
[32m2026-07-15 15:17:32.571[0m | [34m[1mDEBUG   [0m | [36mearth2studio.data.utils[0m:[36m_make_local_details[0m:[36m1070[0m - [34m[1mCopying /gcp-public-data-arco-era5/ar/full_37-1h-0p25deg-chunk-1.zarr-v3/2m_dewpoint_temperature/700188.0.0 to local cache[0m
[32m2026-07-15 15:17:32.572[0m | [34m[1mDEBUG   [0m | [36mearth2studio.data.utils[0m:[36m_make_local_details[0m:[36m1070[0m - [34m[1mCopying /gcp-public-data-arco-era5/ar/full_37-1h-0p25deg-chunk-1.zarr-v3/volumetric_soil_water_layer_2/700188.0.0 to local cache[0m
[32m2026-07-15 15:17:32.575[0m | [34m[1mDEBUG   [0m | [36mearth2studio.data.utils[0m:[36m_make_local_details[0m:[36m1070[0m - [34m[1mCopying /gcp-public-data-arco-era5/ar/full_37-1h-0p25deg-chunk-1.zarr-v3/volumetric_soil_water_layer_1/700188.0.0 to local cache[0m
[32m2026-07-15 15:17:32.577[0m | [34m[1mDEBUG   [0m | [36mearth2studio.data.utils[0m:[36m_make_local_details[0m:[36m1070[0m - [34m[1mCopying /gcp-public-data-arco-era5/ar/full_37-1h-0p25deg-chunk-1.zarr-v3/geopotential/700188.0.0.0 to local cache[0m
[32m2026-07-15 15:17:32.609[0m | [34m[1mDEBUG   [0m | [36mearth2studio.data.utils[0m:[36m_make_local_details[0m:[36m1070[0m - [34m[1mCopying /gcp-public-data-arco-era5/ar/full_37-1h-0p25deg-chunk-1.zarr-v3/surface_pressure/700188.0.0 to local cache[0m
[32m2026-07-15 15:17:32.620[0m | [34m[1mDEBUG   [0m | [36mearth2studio.data.utils[0m:[36m_make_local_details[0m:[36m1070[0m - [34m[1mCopying /gcp-public-data-arco-era5/ar/full_37-1h-0p25deg-chunk-1.zarr-v3/temperature/700188.0.0.0 to local cache[0m
[32m2026-07-15 15:17:32.650[0m | [34m[1mDEBUG   [0m | [36mearth2studio.data.utils[0m:[36m_make_local_details[0m:[36m1070[0m - [34m[1mCopying /gcp-public-data-arco-era5/ar/full_37-1h-0p25deg-chunk-1.zarr-v3/total_column_water/700188.0.0 to local cache[0m
[32m2026-07-15 15:17:32.652[0m | [34m[1mDEBUG   [0m | [36mearth2studio.data.utils[0m:[36m_make_local_details[0m:[36m1070[0m - [34m[1mCopying /gcp-public-data-arco-era5/ar/full_37-1h-0p25deg-chunk-1.zarr-v3/u_component_of_wind/700188.0.0.0 to local cache[0m
[32m2026-07-15 15:17:32.662[0m | [34m[1mDEBUG   [0m | [36mearth2studio.data.utils[0m:[36m_make_local_details[0m:[36m1070[0m - [34m[1mCopying /gcp-public-data-arco-era5/ar/full_37-1h-0p25deg-chunk-1.zarr-v3/v_component_of_wind/700188.0.0.0 to local cache[0m
[32m2026-07-15 15:17:32.667[0m | [34m[1mDEBUG   [0m | [36mearth2studio.data.utils[0m:[36m_make_local_details[0m:[36m1070[0m - [34m[1mCopying /gcp-public-data-arco-era5/ar/full_37-1h-0p25deg-chunk-1.zarr-v3/10m_v_component_of_wind/700188.0.0 to local cache[0m
[32m2026-07-15 15:17:32.668[0m | [34m[1mDEBUG   [0m | [36mearth2studio.data.utils[0m:[36m_make_local_details[0m:[36m1070[0m - [34m[1mCopying /gcp-public-data-arco-era5/ar/full_37-1h-0p25deg-chunk-1.zarr-v3/specific_humidity/700188.0.0.0 to local cache[0m
[32m2026-07-15 15:17:32.669[0m | [34m[1mDEBUG   [0m | [36mearth2studio.data.utils[0m:[36m_make_local_details[0m:[36m1070[0m - [34m[1mCopying /gcp-public-data-arco-era5/ar/full_37-1h-0p25deg-chunk-1.zarr-v3/vertical_velocity/700188.0.0.0 to local cache[0m
[32m2026-07-15 15:17:32.675[0m | [34m[1mDEBUG   [0m | [36mearth2studio.data.utils[0m:[36m_make_local_details[0m:[36m1070[0m - [34m[1mCopying /gcp-public-data-arco-era5/ar/full_37-1h-0p25deg-chunk-1.zarr-v3/soil_temperature_level_1/700188.0.0 to local cache[0m
[32m2026-07-15 15:17:32.691[0m | [34m[1mDEBUG   [0m | [36mearth2studio.data.utils[0m:[36m_make_local_details[0m:[36m1070[0m - [34m[1mCopying /gcp-public-data-arco-era5/ar/full_37-1h-0p25deg-chunk-1.zarr-v3/soil_temperature_level_2/700188.0.0 to local cache[0m
[32m2026-07-15 15:17:32.716[0m | [34m[1mDEBUG   [0m | [36mearth2studio.data.utils[0m:[36m_make_local_details[0m:[36m1070[0m - [34m[1mCopying /gcp-public-data-arco-era5/ar/full_37-1h-0p25deg-chunk-1.zarr-v3/skin_temperature/700188.0.0 to local cache[0m
[32m2026-07-15 15:17:32.733[0m | [34m[1mDEBUG   [0m | [36mearth2studio.data.utils[0m:[36m_make_local_details[0m:[36m1070[0m - [34m[1mCopying /gcp-public-data-arco-era5/ar/full_37-1h-0p25deg-chunk-1.zarr-v3/mean_sea_level_pressure/700188.0.0 to local cache[0m
target_step 21: sum=3.2172e-04
Saved /cluster/projects/nn12107k/robin/earth2studio/aifs_attributions_vestlandet/aifs_ig_attributions_vestlandet_init1979-11-17T12_target1979-11-23T00.nc
Cleaned up temporary input data cache: /cluster/projects/nn12107k/robin/e2s_data_cache_kawhiozp
Init: 1979-11-17 18:00:00 -> target valid time 1979-11-23 00:00:00 (21 steps, target_step=20)
[32m2026-07-15 15:24:44.228[0m | [34m[1mDEBUG   [0m | [36mearth2studio.data.utils[0m:[36m_make_local_details[0m:[36m1070[0m - [34m[1mCopying /gcp-public-data-arco-era5/ar/full_37-1h-0p25deg-chunk-1.zarr-v3/.zattrs to local cache[0m
[32m2026-07-15 15:24:45.179[0m | [34m[1mDEBUG   [0m | [36mearth2studio.data.utils[0m:[36m_make_local_details[0m:[36m1070[0m - [34m[1mCopying /gcp-public-data-arco-era5/ar/full_37-1h-0p25deg-chunk-1.zarr-v3/.zgroup to local cache[0m
[32m2026-07-15 15:24:45.250[0m | [34m[1mDEBUG   [0m | [36mearth2studio.data.utils[0m:[36m_make_local_details[0m:[36m1070[0m - [34m[1mCopying /gcp-public-data-arco-era5/ar/full_37-1h-0p25deg-chunk-1.zarr-v3/.zmetadata to local cache[0m
[32m2026-07-15 15:24:45.551[0m | [34m[1mDEBUG   [0m | [36mearth2studio.data.utils[0m:[36m_make_local_details[0m:[36m1070[0m - [34m[1mCopying /gcp-public-data-arco-era5/ar/full_37-1h-0p25deg-chunk-1.zarr-v3/level/0 to local cache[0m
[32m2026-07-15 15:24:45.821[0m | [34m[1mDEBUG   [0m | [36mearth2studio.data.utils[0m:[36m_make_local_details[0m:[36m1070[0m - [34m[1mCopying /gcp-public-data-arco-era5/ar/model-level-1h-0p25deg.zarr-v1/.zattrs to local cache[0m
[32m2026-07-15 15:24:46.133[0m | [34m[1mDEBUG   [0m | [36mearth2studio.data.utils[0m:[36m_make_local_details[0m:[36m1070[0m - [34m[1mCopying /gcp-public-data-arco-era5/ar/model-level-1h-0p25deg.zarr-v1/.zgroup to local cache[0m
[32m2026-07-15 15:24:46.137[0m | [34m[1mDEBUG   [0m | [36mearth2studio.data.utils[0m:[36m_make_local_details[0m:[36m1070[0m - [34m[1mCopying /gcp-public-data-arco-era5/ar/model-level-1h-0p25deg.zarr-v1/.zmetadata to local cache[0m
[32m2026-07-15 15:24:46.454[0m | [34m[1mDEBUG   [0m | [36mearth2studio.data.utils[0m:[36m_make_local_details[0m:[36m1070[0m - [34m[1mCopying /gcp-public-data-arco-era5/ar/model-level-1h-0p25deg.zarr-v1/hybrid/0 to local cache[0m
[32m2026-07-15 15:24:46.668[0m | [34m[1mDEBUG   [0m | [36mearth2studio.data.utils[0m:[36m_make_local_details[0m:[36m1070[0m - [34m[1mCopying /gcp-public-data-arco-era5/ar/full_37-1h-0p25deg-chunk-1.zarr-v3/2m_temperature/700188.0.0 to local cache[0m
[32m2026-07-15 15:24:46.670[0m | [34m[1mDEBUG   [0m | [36mearth2studio.data.utils[0m:[36m_make_local_details[0m:[36m1070[0m - [34m[1mCopying /gcp-public-data-arco-era5/ar/full_37-1h-0p25deg-chunk-1.zarr-v3/vertical_velocity/700188.0.0.0 to local cache[0m
[32m2026-07-15 15:24:46.752[0m | [34m[1mDEBUG   [0m | [36mearth2studio.data.utils[0m:[36m_make_local_details[0m:[36m1070[0m - [34m[1mCopying /gcp-public-data-arco-era5/ar/full_37-1h-0p25deg-chunk-1.zarr-v3/surface_pressure/700188.0.0 to local cache[0m
[32m2026-07-15 15:24:46.753[0m | [34m[1mDEBUG   [0m | [36mearth2studio.data.utils[0m:[36m_make_local_details[0m:[36m1070[0m - [34m[1mCopying /gcp-public-data-arco-era5/ar/full_37-1h-0p25deg-chunk-1.zarr-v3/mean_sea_level_pressure/700188.0.0 to local cache[0m
[32m2026-07-15 15:24:46.755[0m | [34m[1mDEBUG   [0m | [36mearth2studio.data.utils[0m:[36m_make_local_details[0m:[36m1070[0m - [34m[1mCopying /gcp-public-data-arco-era5/ar/full_37-1h-0p25deg-chunk-1.zarr-v3/temperature/700188.0.0.0 to local cache[0m
[32m2026-07-15 15:24:46.757[0m | [34m[1mDEBUG   [0m | [36mearth2studio.data.utils[0m:[36m_make_local_details[0m:[36m1070[0m - [34m[1mCopying /gcp-public-data-arco-era5/ar/full_37-1h-0p25deg-chunk-1.zarr-v3/2m_dewpoint_temperature/700188.0.0 to local cache[0m
[32m2026-07-15 15:24:46.757[0m | [34m[1mDEBUG   [0m | [36mearth2studio.data.utils[0m:[36m_make_local_details[0m:[36m1070[0m - [34m[1mCopying /gcp-public-data-arco-era5/ar/full_37-1h-0p25deg-chunk-1.zarr-v3/10m_u_component_of_wind/700188.0.0 to local cache[0m
[32m2026-07-15 15:24:46.773[0m | [34m[1mDEBUG   [0m | [36mearth2studio.data.utils[0m:[36m_make_local_details[0m:[36m1070[0m - [34m[1mCopying /gcp-public-data-arco-era5/ar/full_37-1h-0p25deg-chunk-1.zarr-v3/volumetric_soil_water_layer_1/700188.0.0 to local cache[0m
[32m2026-07-15 15:24:46.774[0m | [34m[1mDEBUG   [0m | [36mearth2studio.data.utils[0m:[36m_make_local_details[0m:[36m1070[0m - [34m[1mCopying /gcp-public-data-arco-era5/ar/full_37-1h-0p25deg-chunk-1.zarr-v3/specific_humidity/700188.0.0.0 to local cache[0m
[32m2026-07-15 15:24:46.777[0m | [34m[1mDEBUG   [0m | [36mearth2studio.data.utils[0m:[36m_make_local_details[0m:[36m1070[0m - [34m[1mCopying /gcp-public-data-arco-era5/ar/full_37-1h-0p25deg-chunk-1.zarr-v3/skin_temperature/700188.0.0 to local cache[0m
[32m2026-07-15 15:24:46.778[0m | [34m[1mDEBUG   [0m | [36mearth2studio.data.utils[0m:[36m_make_local_details[0m:[36m1070[0m - [34m[1mCopying /gcp-public-data-arco-era5/ar/full_37-1h-0p25deg-chunk-1.zarr-v3/soil_temperature_level_1/700188.0.0 to local cache[0m
[32m2026-07-15 15:24:46.779[0m | [34m[1mDEBUG   [0m | [36mearth2studio.data.utils[0m:[36m_make_local_details[0m:[36m1070[0m - [34m[1mCopying /gcp-public-data-arco-era5/ar/full_37-1h-0p25deg-chunk-1.zarr-v3/v_component_of_wind/700188.0.0.0 to local cache[0m
[32m2026-07-15 15:24:46.781[0m | [34m[1mDEBUG   [0m | [36mearth2studio.data.utils[0m:[36m_make_local_details[0m:[36m1070[0m - [34m[1mCopying /gcp-public-data-arco-era5/ar/full_37-1h-0p25deg-chunk-1.zarr-v3/u_component_of_wind/700188.0.0.0 to local cache[0m
[32m2026-07-15 15:24:46.782[0m | [34m[1mDEBUG   [0m | [36mearth2studio.data.utils[0m:[36m_make_local_details[0m:[36m1070[0m - [34m[1mCopying /gcp-public-data-arco-era5/ar/full_37-1h-0p25deg-chunk-1.zarr-v3/total_column_water/700188.0.0 to local cache[0m
[32m2026-07-15 15:24:46.784[0m | [34m[1mDEBUG   [0m | [36mearth2studio.data.utils[0m:[36m_make_local_details[0m:[36m1070[0m - [34m[1mCopying /gcp-public-data-arco-era5/ar/full_37-1h-0p25deg-chunk-1.zarr-v3/geopotential/700188.0.0.0 to local cache[0m
[32m2026-07-15 15:24:46.786[0m | [34m[1mDEBUG   [0m | [36mearth2studio.data.utils[0m:[36m_make_local_details[0m:[36m1070[0m - [34m[1mCopying /gcp-public-data-arco-era5/ar/full_37-1h-0p25deg-chunk-1.zarr-v3/10m_v_component_of_wind/700188.0.0 to local cache[0m
[32m2026-07-15 15:24:46.795[0m | [34m[1mDEBUG   [0m | [36mearth2studio.data.utils[0m:[36m_make_local_details[0m:[36m1070[0m - [34m[1mCopying /gcp-public-data-arco-era5/ar/full_37-1h-0p25deg-chunk-1.zarr-v3/soil_temperature_level_2/700188.0.0 to local cache[0m
[32m2026-07-15 15:24:46.806[0m | [34m[1mDEBUG   [0m | [36mearth2studio.data.utils[0m:[36m_make_local_details[0m:[36m1070[0m - [34m[1mCopying /gcp-public-data-arco-era5/ar/full_37-1h-0p25deg-chunk-1.zarr-v3/volumetric_soil_water_layer_2/700188.0.0 to local cache[0m
[32m2026-07-15 15:24:52.517[0m | [34m[1mDEBUG   [0m | [36mearth2studio.data.utils[0m:[36m_make_local_details[0m:[36m1070[0m - [34m[1mCopying /gcp-public-data-arco-era5/ar/full_37-1h-0p25deg-chunk-1.zarr-v3/u_component_of_wind/700194.0.0.0 to local cache[0m
[32m2026-07-15 15:24:52.521[0m | [34m[1mDEBUG   [0m | [36mearth2studio.data.utils[0m:[36m_make_local_details[0m:[36m1070[0m - [34m[1mCopying /gcp-public-data-arco-era5/ar/full_37-1h-0p25deg-chunk-1.zarr-v3/10m_v_component_of_wind/700194.0.0 to local cache[0m
[32m2026-07-15 15:24:52.522[0m | [34m[1mDEBUG   [0m | [36mearth2studio.data.utils[0m:[36m_make_local_details[0m:[36m1070[0m - [34m[1mCopying /gcp-public-data-arco-era5/ar/full_37-1h-0p25deg-chunk-1.zarr-v3/temperature/700194.0.0.0 to local cache[0m
[32m2026-07-15 15:24:52.523[0m | [34m[1mDEBUG   [0m | [36mearth2studio.data.utils[0m:[36m_make_local_details[0m:[36m1070[0m - [34m[1mCopying /gcp-public-data-arco-era5/ar/full_37-1h-0p25deg-chunk-1.zarr-v3/geopotential/700194.0.0.0 to local cache[0m
[32m2026-07-15 15:24:52.524[0m | [34m[1mDEBUG   [0m | [36mearth2studio.data.utils[0m:[36m_make_local_details[0m:[36m1070[0m - [34m[1mCopying /gcp-public-data-arco-era5/ar/full_37-1h-0p25deg-chunk-1.zarr-v3/volumetric_soil_water_layer_2/700194.0.0 to local cache[0m
[32m2026-07-15 15:24:52.526[0m | [34m[1mDEBUG   [0m | [36mearth2studio.data.utils[0m:[36m_make_local_details[0m:[36m1070[0m - [34m[1mCopying /gcp-public-data-arco-era5/ar/full_37-1h-0p25deg-chunk-1.zarr-v3/10m_u_component_of_wind/700194.0.0 to local cache[0m
[32m2026-07-15 15:24:52.534[0m | [34m[1mDEBUG   [0m | [36mearth2studio.data.utils[0m:[36m_make_local_details[0m:[36m1070[0m - [34m[1mCopying /gcp-public-data-arco-era5/ar/full_37-1h-0p25deg-chunk-1.zarr-v3/v_component_of_wind/700194.0.0.0 to local cache[0m
[32m2026-07-15 15:24:52.551[0m | [34m[1mDEBUG   [0m | [36mearth2studio.data.utils[0m:[36m_make_local_details[0m:[36m1070[0m - [34m[1mCopying /gcp-public-data-arco-era5/ar/full_37-1h-0p25deg-chunk-1.zarr-v3/volumetric_soil_water_layer_1/700194.0.0 to local cache[0m
[32m2026-07-15 15:24:52.598[0m | [34m[1mDEBUG   [0m | [36mearth2studio.data.utils[0m:[36m_make_local_details[0m:[36m1070[0m - [34m[1mCopying /gcp-public-data-arco-era5/ar/full_37-1h-0p25deg-chunk-1.zarr-v3/surface_pressure/700194.0.0 to local cache[0m
[32m2026-07-15 15:24:52.606[0m | [34m[1mDEBUG   [0m | [36mearth2studio.data.utils[0m:[36m_make_local_details[0m:[36m1070[0m - [34m[1mCopying /gcp-public-data-arco-era5/ar/full_37-1h-0p25deg-chunk-1.zarr-v3/total_column_water/700194.0.0 to local cache[0m
[32m2026-07-15 15:24:52.609[0m | [34m[1mDEBUG   [0m | [36mearth2studio.data.utils[0m:[36m_make_local_details[0m:[36m1070[0m - [34m[1mCopying /gcp-public-data-arco-era5/ar/full_37-1h-0p25deg-chunk-1.zarr-v3/skin_temperature/700194.0.0 to local cache[0m
[32m2026-07-15 15:24:52.613[0m | [34m[1mDEBUG   [0m | [36mearth2studio.data.utils[0m:[36m_make_local_details[0m:[36m1070[0m - [34m[1mCopying /gcp-public-data-arco-era5/ar/full_37-1h-0p25deg-chunk-1.zarr-v3/2m_dewpoint_temperature/700194.0.0 to local cache[0m
[32m2026-07-15 15:24:52.615[0m | [34m[1mDEBUG   [0m | [36mearth2studio.data.utils[0m:[36m_make_local_details[0m:[36m1070[0m - [34m[1mCopying /gcp-public-data-arco-era5/ar/full_37-1h-0p25deg-chunk-1.zarr-v3/vertical_velocity/700194.0.0.0 to local cache[0m
[32m2026-07-15 15:24:52.615[0m | [34m[1mDEBUG   [0m | [36mearth2studio.data.utils[0m:[36m_make_local_details[0m:[36m1070[0m - [34m[1mCopying /gcp-public-data-arco-era5/ar/full_37-1h-0p25deg-chunk-1.zarr-v3/soil_temperature_level_1/700194.0.0 to local cache[0m
[32m2026-07-15 15:24:52.616[0m | [34m[1mDEBUG   [0m | [36mearth2studio.data.utils[0m:[36m_make_local_details[0m:[36m1070[0m - [34m[1mCopying /gcp-public-data-arco-era5/ar/full_37-1h-0p25deg-chunk-1.zarr-v3/2m_temperature/700194.0.0 to local cache[0m
[32m2026-07-15 15:24:52.619[0m | [34m[1mDEBUG   [0m | [36mearth2studio.data.utils[0m:[36m_make_local_details[0m:[36m1070[0m - [34m[1mCopying /gcp-public-data-arco-era5/ar/full_37-1h-0p25deg-chunk-1.zarr-v3/specific_humidity/700194.0.0.0 to local cache[0m
[32m2026-07-15 15:24:52.622[0m | [34m[1mDEBUG   [0m | [36mearth2studio.data.utils[0m:[36m_make_local_details[0m:[36m1070[0m - [34m[1mCopying /gcp-public-data-arco-era5/ar/full_37-1h-0p25deg-chunk-1.zarr-v3/mean_sea_level_pressure/700194.0.0 to local cache[0m
[32m2026-07-15 15:24:52.642[0m | [34m[1mDEBUG   [0m | [36mearth2studio.data.utils[0m:[36m_make_local_details[0m:[36m1070[0m - [34m[1mCopying /gcp-public-data-arco-era5/ar/full_37-1h-0p25deg-chunk-1.zarr-v3/soil_temperature_level_2/700194.0.0 to local cache[0m
target_step 20: sum=-1.9262e-02
Saved /cluster/projects/nn12107k/robin/earth2studio/aifs_attributions_vestlandet/aifs_ig_attributions_vestlandet_init1979-11-17T18_target1979-11-23T00.nc
Cleaned up temporary input data cache: /cluster/projects/nn12107k/robin/e2s_data_cache_i6fb85_k
Init: 1979-11-18 00:00:00 -> target valid time 1979-11-23 00:00:00 (20 steps, target_step=19)
[32m2026-07-15 15:31:44.813[0m | [34m[1mDEBUG   [0m | [36mearth2studio.data.utils[0m:[36m_make_local_details[0m:[36m1070[0m - [34m[1mCopying /gcp-public-data-arco-era5/ar/full_37-1h-0p25deg-chunk-1.zarr-v3/.zattrs to local cache[0m
[32m2026-07-15 15:31:45.732[0m | [34m[1mDEBUG   [0m | [36mearth2studio.data.utils[0m:[36m_make_local_details[0m:[36m1070[0m - [34m[1mCopying /gcp-public-data-arco-era5/ar/full_37-1h-0p25deg-chunk-1.zarr-v3/.zgroup to local cache[0m
[32m2026-07-15 15:31:45.838[0m | [34m[1mDEBUG   [0m | [36mearth2studio.data.utils[0m:[36m_make_local_details[0m:[36m1070[0m - [34m[1mCopying /gcp-public-data-arco-era5/ar/full_37-1h-0p25deg-chunk-1.zarr-v3/.zmetadata to local cache[0m
[32m2026-07-15 15:31:46.142[0m | [34m[1mDEBUG   [0m | [36mearth2studio.data.utils[0m:[36m_make_local_details[0m:[36m1070[0m - [34m[1mCopying /gcp-public-data-arco-era5/ar/full_37-1h-0p25deg-chunk-1.zarr-v3/level/0 to local cache[0m
[32m2026-07-15 15:31:46.424[0m | [34m[1mDEBUG   [0m | [36mearth2studio.data.utils[0m:[36m_make_local_details[0m:[36m1070[0m - [34m[1mCopying /gcp-public-data-arco-era5/ar/model-level-1h-0p25deg.zarr-v1/.zattrs to local cache[0m
[32m2026-07-15 15:31:46.741[0m | [34m[1mDEBUG   [0m | [36mearth2studio.data.utils[0m:[36m_make_local_details[0m:[36m1070[0m - [34m[1mCopying /gcp-public-data-arco-era5/ar/model-level-1h-0p25deg.zarr-v1/.zmetadata to local cache[0m
[32m2026-07-15 15:31:46.750[0m | [34m[1mDEBUG   [0m | [36mearth2studio.data.utils[0m:[36m_make_local_details[0m:[36m1070[0m - [34m[1mCopying /gcp-public-data-arco-era5/ar/model-level-1h-0p25deg.zarr-v1/.zgroup to local cache[0m
[32m2026-07-15 15:31:47.056[0m | [34m[1mDEBUG   [0m | [36mearth2studio.data.utils[0m:[36m_make_local_details[0m:[36m1070[0m - [34m[1mCopying /gcp-public-data-arco-era5/ar/model-level-1h-0p25deg.zarr-v1/hybrid/0 to local cache[0m
[32m2026-07-15 15:31:47.278[0m | [34m[1mDEBUG   [0m | [36mearth2studio.data.utils[0m:[36m_make_local_details[0m:[36m1070[0m - [34m[1mCopying /gcp-public-data-arco-era5/ar/full_37-1h-0p25deg-chunk-1.zarr-v3/soil_temperature_level_2/700194.0.0 to local cache[0m
[32m2026-07-15 15:31:47.335[0m | [34m[1mDEBUG   [0m | [36mearth2studio.data.utils[0m:[36m_make_local_details[0m:[36m1070[0m - [34m[1mCopying /gcp-public-data-arco-era5/ar/full_37-1h-0p25deg-chunk-1.zarr-v3/volumetric_soil_water_layer_2/700194.0.0 to local cache[0m
[32m2026-07-15 15:31:47.352[0m | [34m[1mDEBUG   [0m | [36mearth2studio.data.utils[0m:[36m_make_local_details[0m:[36m1070[0m - [34m[1mCopying /gcp-public-data-arco-era5/ar/full_37-1h-0p25deg-chunk-1.zarr-v3/total_column_water/700194.0.0 to local cache[0m
[32m2026-07-15 15:31:47.371[0m | [34m[1mDEBUG   [0m | [36mearth2studio.data.utils[0m:[36m_make_local_details[0m:[36m1070[0m - [34m[1mCopying /gcp-public-data-arco-era5/ar/full_37-1h-0p25deg-chunk-1.zarr-v3/geopotential/700194.0.0.0 to local cache[0m
[32m2026-07-15 15:31:47.371[0m | [34m[1mDEBUG   [0m | [36mearth2studio.data.utils[0m:[36m_make_local_details[0m:[36m1070[0m - [34m[1mCopying /gcp-public-data-arco-era5/ar/full_37-1h-0p25deg-chunk-1.zarr-v3/mean_sea_level_pressure/700194.0.0 to local cache[0m
[32m2026-07-15 15:31:47.373[0m | [34m[1mDEBUG   [0m | [36mearth2studio.data.utils[0m:[36m_make_local_details[0m:[36m1070[0m - [34m[1mCopying /gcp-public-data-arco-era5/ar/full_37-1h-0p25deg-chunk-1.zarr-v3/u_component_of_wind/700194.0.0.0 to local cache[0m
[32m2026-07-15 15:31:47.374[0m | [34m[1mDEBUG   [0m | [36mearth2studio.data.utils[0m:[36m_make_local_details[0m:[36m1070[0m - [34m[1mCopying /gcp-public-data-arco-era5/ar/full_37-1h-0p25deg-chunk-1.zarr-v3/specific_humidity/700194.0.0.0 to local cache[0m
[32m2026-07-15 15:31:47.376[0m | [34m[1mDEBUG   [0m | [36mearth2studio.data.utils[0m:[36m_make_local_details[0m:[36m1070[0m - [34m[1mCopying /gcp-public-data-arco-era5/ar/full_37-1h-0p25deg-chunk-1.zarr-v3/2m_temperature/700194.0.0 to local cache[0m
[32m2026-07-15 15:31:47.377[0m | [34m[1mDEBUG   [0m | [36mearth2studio.data.utils[0m:[36m_make_local_details[0m:[36m1070[0m - [34m[1mCopying /gcp-public-data-arco-era5/ar/full_37-1h-0p25deg-chunk-1.zarr-v3/skin_temperature/700194.0.0 to local cache[0m
[32m2026-07-15 15:31:47.379[0m | [34m[1mDEBUG   [0m | [36mearth2studio.data.utils[0m:[36m_make_local_details[0m:[36m1070[0m - [34m[1mCopying /gcp-public-data-arco-era5/ar/full_37-1h-0p25deg-chunk-1.zarr-v3/temperature/700194.0.0.0 to local cache[0m
[32m2026-07-15 15:31:47.382[0m | [34m[1mDEBUG   [0m | [36mearth2studio.data.utils[0m:[36m_make_local_details[0m:[36m1070[0m - [34m[1mCopying /gcp-public-data-arco-era5/ar/full_37-1h-0p25deg-chunk-1.zarr-v3/volumetric_soil_water_layer_1/700194.0.0 to local cache[0m
[32m2026-07-15 15:31:47.384[0m | [34m[1mDEBUG   [0m | [36mearth2studio.data.utils[0m:[36m_make_local_details[0m:[36m1070[0m - [34m[1mCopying /gcp-public-data-arco-era5/ar/full_37-1h-0p25deg-chunk-1.zarr-v3/soil_temperature_level_1/700194.0.0 to local cache[0m
[32m2026-07-15 15:31:47.385[0m | [34m[1mDEBUG   [0m | [36mearth2studio.data.utils[0m:[36m_make_local_details[0m:[36m1070[0m - [34m[1mCopying /gcp-public-data-arco-era5/ar/full_37-1h-0p25deg-chunk-1.zarr-v3/surface_pressure/700194.0.0 to local cache[0m
[32m2026-07-15 15:31:47.386[0m | [34m[1mDEBUG   [0m | [36mearth2studio.data.utils[0m:[36m_make_local_details[0m:[36m1070[0m - [34m[1mCopying /gcp-public-data-arco-era5/ar/full_37-1h-0p25deg-chunk-1.zarr-v3/10m_u_component_of_wind/700194.0.0 to local cache[0m
[32m2026-07-15 15:31:47.387[0m | [34m[1mDEBUG   [0m | [36mearth2studio.data.utils[0m:[36m_make_local_details[0m:[36m1070[0m - [34m[1mCopying /gcp-public-data-arco-era5/ar/full_37-1h-0p25deg-chunk-1.zarr-v3/vertical_velocity/700194.0.0.0 to local cache[0m
[32m2026-07-15 15:31:47.388[0m | [34m[1mDEBUG   [0m | [36mearth2studio.data.utils[0m:[36m_make_local_details[0m:[36m1070[0m - [34m[1mCopying /gcp-public-data-arco-era5/ar/full_37-1h-0p25deg-chunk-1.zarr-v3/v_component_of_wind/700194.0.0.0 to local cache[0m
[32m2026-07-15 15:31:47.391[0m | [34m[1mDEBUG   [0m | [36mearth2studio.data.utils[0m:[36m_make_local_details[0m:[36m1070[0m - [34m[1mCopying /gcp-public-data-arco-era5/ar/full_37-1h-0p25deg-chunk-1.zarr-v3/10m_v_component_of_wind/700194.0.0 to local cache[0m
[32m2026-07-15 15:31:47.429[0m | [34m[1mDEBUG   [0m | [36mearth2studio.data.utils[0m:[36m_make_local_details[0m:[36m1070[0m - [34m[1mCopying /gcp-public-data-arco-era5/ar/full_37-1h-0p25deg-chunk-1.zarr-v3/2m_dewpoint_temperature/700194.0.0 to local cache[0m
[32m2026-07-15 15:31:53.255[0m | [34m[1mDEBUG   [0m | [36mearth2studio.data.utils[0m:[36m_make_local_details[0m:[36m1070[0m - [34m[1mCopying /gcp-public-data-arco-era5/ar/full_37-1h-0p25deg-chunk-1.zarr-v3/volumetric_soil_water_layer_1/700200.0.0 to local cache[0m
[32m2026-07-15 15:31:53.256[0m | [34m[1mDEBUG   [0m | [36mearth2studio.data.utils[0m:[36m_make_local_details[0m:[36m1070[0m - [34m[1mCopying /gcp-public-data-arco-era5/ar/full_37-1h-0p25deg-chunk-1.zarr-v3/skin_temperature/700200.0.0 to local cache[0m
[32m2026-07-15 15:31:53.258[0m | [34m[1mDEBUG   [0m | [36mearth2studio.data.utils[0m:[36m_make_local_details[0m:[36m1070[0m - [34m[1mCopying /gcp-public-data-arco-era5/ar/full_37-1h-0p25deg-chunk-1.zarr-v3/specific_humidity/700200.0.0.0 to local cache[0m
[32m2026-07-15 15:31:53.262[0m | [34m[1mDEBUG   [0m | [36mearth2studio.data.utils[0m:[36m_make_local_details[0m:[36m1070[0m - [34m[1mCopying /gcp-public-data-arco-era5/ar/full_37-1h-0p25deg-chunk-1.zarr-v3/temperature/700200.0.0.0 to local cache[0m
[32m2026-07-15 15:31:53.263[0m | [34m[1mDEBUG   [0m | [36mearth2studio.data.utils[0m:[36m_make_local_details[0m:[36m1070[0m - [34m[1mCopying /gcp-public-data-arco-era5/ar/full_37-1h-0p25deg-chunk-1.zarr-v3/2m_temperature/700200.0.0 to local cache[0m
[32m2026-07-15 15:31:53.264[0m | [34m[1mDEBUG   [0m | [36mearth2studio.data.utils[0m:[36m_make_local_details[0m:[36m1070[0m - [34m[1mCopying /gcp-public-data-arco-era5/ar/full_37-1h-0p25deg-chunk-1.zarr-v3/total_column_water/700200.0.0 to local cache[0m
[32m2026-07-15 15:31:53.266[0m | [34m[1mDEBUG   [0m | [36mearth2studio.data.utils[0m:[36m_make_local_details[0m:[36m1070[0m - [34m[1mCopying /gcp-public-data-arco-era5/ar/full_37-1h-0p25deg-chunk-1.zarr-v3/soil_temperature_level_1/700200.0.0 to local cache[0m
[32m2026-07-15 15:31:53.268[0m | [34m[1mDEBUG   [0m | [36mearth2studio.data.utils[0m:[36m_make_local_details[0m:[36m1070[0m - [34m[1mCopying /gcp-public-data-arco-era5/ar/full_37-1h-0p25deg-chunk-1.zarr-v3/vertical_velocity/700200.0.0.0 to local cache[0m
[32m2026-07-15 15:31:53.282[0m | [34m[1mDEBUG   [0m | [36mearth2studio.data.utils[0m:[36m_make_local_details[0m:[36m1070[0m - [34m[1mCopying /gcp-public-data-arco-era5/ar/full_37-1h-0p25deg-chunk-1.zarr-v3/10m_u_component_of_wind/700200.0.0 to local cache[0m
[32m2026-07-15 15:31:53.304[0m | [34m[1mDEBUG   [0m | [36mearth2studio.data.utils[0m:[36m_make_local_details[0m:[36m1070[0m - [34m[1mCopying /gcp-public-data-arco-era5/ar/full_37-1h-0p25deg-chunk-1.zarr-v3/soil_temperature_level_2/700200.0.0 to local cache[0m
[32m2026-07-15 15:31:53.335[0m | [34m[1mDEBUG   [0m | [36mearth2studio.data.utils[0m:[36m_make_local_details[0m:[36m1070[0m - [34m[1mCopying /gcp-public-data-arco-era5/ar/full_37-1h-0p25deg-chunk-1.zarr-v3/u_component_of_wind/700200.0.0.0 to local cache[0m
[32m2026-07-15 15:31:53.341[0m | [34m[1mDEBUG   [0m | [36mearth2studio.data.utils[0m:[36m_make_local_details[0m:[36m1070[0m - [34m[1mCopying /gcp-public-data-arco-era5/ar/full_37-1h-0p25deg-chunk-1.zarr-v3/mean_sea_level_pressure/700200.0.0 to local cache[0m
[32m2026-07-15 15:31:53.342[0m | [34m[1mDEBUG   [0m | [36mearth2studio.data.utils[0m:[36m_make_local_details[0m:[36m1070[0m - [34m[1mCopying /gcp-public-data-arco-era5/ar/full_37-1h-0p25deg-chunk-1.zarr-v3/volumetric_soil_water_layer_2/700200.0.0 to local cache[0m
[32m2026-07-15 15:31:53.345[0m | [34m[1mDEBUG   [0m | [36mearth2studio.data.utils[0m:[36m_make_local_details[0m:[36m1070[0m - [34m[1mCopying /gcp-public-data-arco-era5/ar/full_37-1h-0p25deg-chunk-1.zarr-v3/surface_pressure/700200.0.0 to local cache[0m
[32m2026-07-15 15:31:53.348[0m | [34m[1mDEBUG   [0m | [36mearth2studio.data.utils[0m:[36m_make_local_details[0m:[36m1070[0m - [34m[1mCopying /gcp-public-data-arco-era5/ar/full_37-1h-0p25deg-chunk-1.zarr-v3/2m_dewpoint_temperature/700200.0.0 to local cache[0m
[32m2026-07-15 15:31:53.350[0m | [34m[1mDEBUG   [0m | [36mearth2studio.data.utils[0m:[36m_make_local_details[0m:[36m1070[0m - [34m[1mCopying /gcp-public-data-arco-era5/ar/full_37-1h-0p25deg-chunk-1.zarr-v3/geopotential/700200.0.0.0 to local cache[0m
[32m2026-07-15 15:31:53.357[0m | [34m[1mDEBUG   [0m | [36mearth2studio.data.utils[0m:[36m_make_local_details[0m:[36m1070[0m - [34m[1mCopying /gcp-public-data-arco-era5/ar/full_37-1h-0p25deg-chunk-1.zarr-v3/v_component_of_wind/700200.0.0.0 to local cache[0m
[32m2026-07-15 15:31:53.396[0m | [34m[1mDEBUG   [0m | [36mearth2studio.data.utils[0m:[36m_make_local_details[0m:[36m1070[0m - [34m[1mCopying /gcp-public-data-arco-era5/ar/full_37-1h-0p25deg-chunk-1.zarr-v3/10m_v_component_of_wind/700200.0.0 to local cache[0m
target_step 19: sum=-1.5985e-03
Saved /cluster/projects/nn12107k/robin/earth2studio/aifs_attributions_vestlandet/aifs_ig_attributions_vestlandet_init1979-11-18T00_target1979-11-23T00.nc
Cleaned up temporary input data cache: /cluster/projects/nn12107k/robin/e2s_data_cache_f3wymnn4
Init: 1979-11-18 06:00:00 -> target valid time 1979-11-23 00:00:00 (19 steps, target_step=18)
[32m2026-07-15 15:38:25.895[0m | [34m[1mDEBUG   [0m | [36mearth2studio.data.utils[0m:[36m_make_local_details[0m:[36m1070[0m - [34m[1mCopying /gcp-public-data-arco-era5/ar/full_37-1h-0p25deg-chunk-1.zarr-v3/.zattrs to local cache[0m
[32m2026-07-15 15:38:26.816[0m | [34m[1mDEBUG   [0m | [36mearth2studio.data.utils[0m:[36m_make_local_details[0m:[36m1070[0m - [34m[1mCopying /gcp-public-data-arco-era5/ar/full_37-1h-0p25deg-chunk-1.zarr-v3/.zgroup to local cache[0m
[32m2026-07-15 15:38:26.902[0m | [34m[1mDEBUG   [0m | [36mearth2studio.data.utils[0m:[36m_make_local_details[0m:[36m1070[0m - [34m[1mCopying /gcp-public-data-arco-era5/ar/full_37-1h-0p25deg-chunk-1.zarr-v3/.zmetadata to local cache[0m
[32m2026-07-15 15:38:27.205[0m | [34m[1mDEBUG   [0m | [36mearth2studio.data.utils[0m:[36m_make_local_details[0m:[36m1070[0m - [34m[1mCopying /gcp-public-data-arco-era5/ar/full_37-1h-0p25deg-chunk-1.zarr-v3/level/0 to local cache[0m
[32m2026-07-15 15:38:27.577[0m | [34m[1mDEBUG   [0m | [36mearth2studio.data.utils[0m:[36m_make_local_details[0m:[36m1070[0m - [34m[1mCopying /gcp-public-data-arco-era5/ar/model-level-1h-0p25deg.zarr-v1/.zattrs to local cache[0m
[32m2026-07-15 15:38:27.845[0m | [34m[1mDEBUG   [0m | [36mearth2studio.data.utils[0m:[36m_make_local_details[0m:[36m1070[0m - [34m[1mCopying /gcp-public-data-arco-era5/ar/model-level-1h-0p25deg.zarr-v1/.zmetadata to local cache[0m
[32m2026-07-15 15:38:27.888[0m | [34m[1mDEBUG   [0m | [36mearth2studio.data.utils[0m:[36m_make_local_details[0m:[36m1070[0m - [34m[1mCopying /gcp-public-data-arco-era5/ar/model-level-1h-0p25deg.zarr-v1/.zgroup to local cache[0m
[32m2026-07-15 15:38:28.248[0m | [34m[1mDEBUG   [0m | [36mearth2studio.data.utils[0m:[36m_make_local_details[0m:[36m1070[0m - [34m[1mCopying /gcp-public-data-arco-era5/ar/model-level-1h-0p25deg.zarr-v1/hybrid/0 to local cache[0m
[32m2026-07-15 15:38:28.456[0m | [34m[1mDEBUG   [0m | [36mearth2studio.data.utils[0m:[36m_make_local_details[0m:[36m1070[0m - [34m[1mCopying /gcp-public-data-arco-era5/ar/full_37-1h-0p25deg-chunk-1.zarr-v3/10m_v_component_of_wind/700200.0.0 to local cache[0m
[32m2026-07-15 15:38:28.462[0m | [34m[1mDEBUG   [0m | [36mearth2studio.data.utils[0m:[36m_make_local_details[0m:[36m1070[0m - [34m[1mCopying /gcp-public-data-arco-era5/ar/full_37-1h-0p25deg-chunk-1.zarr-v3/volumetric_soil_water_layer_1/700200.0.0 to local cache[0m
[32m2026-07-15 15:38:28.550[0m | [34m[1mDEBUG   [0m | [36mearth2studio.data.utils[0m:[36m_make_local_details[0m:[36m1070[0m - [34m[1mCopying /gcp-public-data-arco-era5/ar/full_37-1h-0p25deg-chunk-1.zarr-v3/volumetric_soil_water_layer_2/700200.0.0 to local cache[0m
[32m2026-07-15 15:38:28.555[0m | [34m[1mDEBUG   [0m | [36mearth2studio.data.utils[0m:[36m_make_local_details[0m:[36m1070[0m - [34m[1mCopying /gcp-public-data-arco-era5/ar/full_37-1h-0p25deg-chunk-1.zarr-v3/v_component_of_wind/700200.0.0.0 to local cache[0m
[32m2026-07-15 15:38:28.573[0m | [34m[1mDEBUG   [0m | [36mearth2studio.data.utils[0m:[36m_make_local_details[0m:[36m1070[0m - [34m[1mCopying /gcp-public-data-arco-era5/ar/full_37-1h-0p25deg-chunk-1.zarr-v3/soil_temperature_level_1/700200.0.0 to local cache[0m
[32m2026-07-15 15:38:28.575[0m | [34m[1mDEBUG   [0m | [36mearth2studio.data.utils[0m:[36m_make_local_details[0m:[36m1070[0m - [34m[1mCopying /gcp-public-data-arco-era5/ar/full_37-1h-0p25deg-chunk-1.zarr-v3/specific_humidity/700200.0.0.0 to local cache[0m
[32m2026-07-15 15:38:28.576[0m | [34m[1mDEBUG   [0m | [36mearth2studio.data.utils[0m:[36m_make_local_details[0m:[36m1070[0m - [34m[1mCopying /gcp-public-data-arco-era5/ar/full_37-1h-0p25deg-chunk-1.zarr-v3/vertical_velocity/700200.0.0.0 to local cache[0m
[32m2026-07-15 15:38:28.578[0m | [34m[1mDEBUG   [0m | [36mearth2studio.data.utils[0m:[36m_make_local_details[0m:[36m1070[0m - [34m[1mCopying /gcp-public-data-arco-era5/ar/full_37-1h-0p25deg-chunk-1.zarr-v3/surface_pressure/700200.0.0 to local cache[0m
[32m2026-07-15 15:38:28.578[0m | [34m[1mDEBUG   [0m | [36mearth2studio.data.utils[0m:[36m_make_local_details[0m:[36m1070[0m - [34m[1mCopying /gcp-public-data-arco-era5/ar/full_37-1h-0p25deg-chunk-1.zarr-v3/skin_temperature/700200.0.0 to local cache[0m
[32m2026-07-15 15:38:28.581[0m | [34m[1mDEBUG   [0m | [36mearth2studio.data.utils[0m:[36m_make_local_details[0m:[36m1070[0m - [34m[1mCopying /gcp-public-data-arco-era5/ar/full_37-1h-0p25deg-chunk-1.zarr-v3/u_component_of_wind/700200.0.0.0 to local cache[0m
[32m2026-07-15 15:38:28.582[0m | [34m[1mDEBUG   [0m | [36mearth2studio.data.utils[0m:[36m_make_local_details[0m:[36m1070[0m - [34m[1mCopying /gcp-public-data-arco-era5/ar/full_37-1h-0p25deg-chunk-1.zarr-v3/2m_temperature/700200.0.0 to local cache[0m
[32m2026-07-15 15:38:28.583[0m | [34m[1mDEBUG   [0m | [36mearth2studio.data.utils[0m:[36m_make_local_details[0m:[36m1070[0m - [34m[1mCopying /gcp-public-data-arco-era5/ar/full_37-1h-0p25deg-chunk-1.zarr-v3/soil_temperature_level_2/700200.0.0 to local cache[0m
[32m2026-07-15 15:38:28.585[0m | [34m[1mDEBUG   [0m | [36mearth2studio.data.utils[0m:[36m_make_local_details[0m:[36m1070[0m - [34m[1mCopying /gcp-public-data-arco-era5/ar/full_37-1h-0p25deg-chunk-1.zarr-v3/mean_sea_level_pressure/700200.0.0 to local cache[0m
[32m2026-07-15 15:38:28.585[0m | [34m[1mDEBUG   [0m | [36mearth2studio.data.utils[0m:[36m_make_local_details[0m:[36m1070[0m - [34m[1mCopying /gcp-public-data-arco-era5/ar/full_37-1h-0p25deg-chunk-1.zarr-v3/geopotential/700200.0.0.0 to local cache[0m
[32m2026-07-15 15:38:28.590[0m | [34m[1mDEBUG   [0m | [36mearth2studio.data.utils[0m:[36m_make_local_details[0m:[36m1070[0m - [34m[1mCopying /gcp-public-data-arco-era5/ar/full_37-1h-0p25deg-chunk-1.zarr-v3/temperature/700200.0.0.0 to local cache[0m
[32m2026-07-15 15:38:28.594[0m | [34m[1mDEBUG   [0m | [36mearth2studio.data.utils[0m:[36m_make_local_details[0m:[36m1070[0m - [34m[1mCopying /gcp-public-data-arco-era5/ar/full_37-1h-0p25deg-chunk-1.zarr-v3/total_column_water/700200.0.0 to local cache[0m
[32m2026-07-15 15:38:28.607[0m | [34m[1mDEBUG   [0m | [36mearth2studio.data.utils[0m:[36m_make_local_details[0m:[36m1070[0m - [34m[1mCopying /gcp-public-data-arco-era5/ar/full_37-1h-0p25deg-chunk-1.zarr-v3/10m_u_component_of_wind/700200.0.0 to local cache[0m
[32m2026-07-15 15:38:28.665[0m | [34m[1mDEBUG   [0m | [36mearth2studio.data.utils[0m:[36m_make_local_details[0m:[36m1070[0m - [34m[1mCopying /gcp-public-data-arco-era5/ar/full_37-1h-0p25deg-chunk-1.zarr-v3/2m_dewpoint_temperature/700200.0.0 to local cache[0m
[32m2026-07-15 15:38:34.362[0m | [34m[1mDEBUG   [0m | [36mearth2studio.data.utils[0m:[36m_make_local_details[0m:[36m1070[0m - [34m[1mCopying /gcp-public-data-arco-era5/ar/full_37-1h-0p25deg-chunk-1.zarr-v3/10m_v_component_of_wind/700206.0.0 to local cache[0m
[32m2026-07-15 15:38:34.365[0m | [34m[1mDEBUG   [0m | [36mearth2studio.data.utils[0m:[36m_make_local_details[0m:[36m1070[0m - [34m[1mCopying /gcp-public-data-arco-era5/ar/full_37-1h-0p25deg-chunk-1.zarr-v3/geopotential/700206.0.0.0 to local cache[0m
[32m2026-07-15 15:38:34.368[0m | [34m[1mDEBUG   [0m | [36mearth2studio.data.utils[0m:[36m_make_local_details[0m:[36m1070[0m - [34m[1mCopying /gcp-public-data-arco-era5/ar/full_37-1h-0p25deg-chunk-1.zarr-v3/specific_humidity/700206.0.0.0 to local cache[0m
[32m2026-07-15 15:38:34.369[0m | [34m[1mDEBUG   [0m | [36mearth2studio.data.utils[0m:[36m_make_local_details[0m:[36m1070[0m - [34m[1mCopying /gcp-public-data-arco-era5/ar/full_37-1h-0p25deg-chunk-1.zarr-v3/v_component_of_wind/700206.0.0.0 to local cache[0m
[32m2026-07-15 15:38:34.371[0m | [34m[1mDEBUG   [0m | [36mearth2studio.data.utils[0m:[36m_make_local_details[0m:[36m1070[0m - [34m[1mCopying /gcp-public-data-arco-era5/ar/full_37-1h-0p25deg-chunk-1.zarr-v3/volumetric_soil_water_layer_2/700206.0.0 to local cache[0m
[32m2026-07-15 15:38:34.372[0m | [34m[1mDEBUG   [0m | [36mearth2studio.data.utils[0m:[36m_make_local_details[0m:[36m1070[0m - [34m[1mCopying /gcp-public-data-arco-era5/ar/full_37-1h-0p25deg-chunk-1.zarr-v3/soil_temperature_level_1/700206.0.0 to local cache[0m
[32m2026-07-15 15:38:34.386[0m | [34m[1mDEBUG   [0m | [36mearth2studio.data.utils[0m:[36m_make_local_details[0m:[36m1070[0m - [34m[1mCopying /gcp-public-data-arco-era5/ar/full_37-1h-0p25deg-chunk-1.zarr-v3/u_component_of_wind/700206.0.0.0 to local cache[0m
[32m2026-07-15 15:38:34.403[0m | [34m[1mDEBUG   [0m | [36mearth2studio.data.utils[0m:[36m_make_local_details[0m:[36m1070[0m - [34m[1mCopying /gcp-public-data-arco-era5/ar/full_37-1h-0p25deg-chunk-1.zarr-v3/temperature/700206.0.0.0 to local cache[0m
[32m2026-07-15 15:38:34.448[0m | [34m[1mDEBUG   [0m | [36mearth2studio.data.utils[0m:[36m_make_local_details[0m:[36m1070[0m - [34m[1mCopying /gcp-public-data-arco-era5/ar/full_37-1h-0p25deg-chunk-1.zarr-v3/2m_temperature/700206.0.0 to local cache[0m
[32m2026-07-15 15:38:34.455[0m | [34m[1mDEBUG   [0m | [36mearth2studio.data.utils[0m:[36m_make_local_details[0m:[36m1070[0m - [34m[1mCopying /gcp-public-data-arco-era5/ar/full_37-1h-0p25deg-chunk-1.zarr-v3/volumetric_soil_water_layer_1/700206.0.0 to local cache[0m
[32m2026-07-15 15:38:34.465[0m | [34m[1mDEBUG   [0m | [36mearth2studio.data.utils[0m:[36m_make_local_details[0m:[36m1070[0m - [34m[1mCopying /gcp-public-data-arco-era5/ar/full_37-1h-0p25deg-chunk-1.zarr-v3/mean_sea_level_pressure/700206.0.0 to local cache[0m
[32m2026-07-15 15:38:34.468[0m | [34m[1mDEBUG   [0m | [36mearth2studio.data.utils[0m:[36m_make_local_details[0m:[36m1070[0m - [34m[1mCopying /gcp-public-data-arco-era5/ar/full_37-1h-0p25deg-chunk-1.zarr-v3/surface_pressure/700206.0.0 to local cache[0m
[32m2026-07-15 15:38:34.470[0m | [34m[1mDEBUG   [0m | [36mearth2studio.data.utils[0m:[36m_make_local_details[0m:[36m1070[0m - [34m[1mCopying /gcp-public-data-arco-era5/ar/full_37-1h-0p25deg-chunk-1.zarr-v3/total_column_water/700206.0.0 to local cache[0m
[32m2026-07-15 15:38:34.473[0m | [34m[1mDEBUG   [0m | [36mearth2studio.data.utils[0m:[36m_make_local_details[0m:[36m1070[0m - [34m[1mCopying /gcp-public-data-arco-era5/ar/full_37-1h-0p25deg-chunk-1.zarr-v3/vertical_velocity/700206.0.0.0 to local cache[0m
[32m2026-07-15 15:38:34.480[0m | [34m[1mDEBUG   [0m | [36mearth2studio.data.utils[0m:[36m_make_local_details[0m:[36m1070[0m - [34m[1mCopying /gcp-public-data-arco-era5/ar/full_37-1h-0p25deg-chunk-1.zarr-v3/soil_temperature_level_2/700206.0.0 to local cache[0m
[32m2026-07-15 15:38:34.492[0m | [34m[1mDEBUG   [0m | [36mearth2studio.data.utils[0m:[36m_make_local_details[0m:[36m1070[0m - [34m[1mCopying /gcp-public-data-arco-era5/ar/full_37-1h-0p25deg-chunk-1.zarr-v3/10m_u_component_of_wind/700206.0.0 to local cache[0m
[32m2026-07-15 15:38:34.495[0m | [34m[1mDEBUG   [0m | [36mearth2studio.data.utils[0m:[36m_make_local_details[0m:[36m1070[0m - [34m[1mCopying /gcp-public-data-arco-era5/ar/full_37-1h-0p25deg-chunk-1.zarr-v3/skin_temperature/700206.0.0 to local cache[0m
[32m2026-07-15 15:38:34.501[0m | [34m[1mDEBUG   [0m | [36mearth2studio.data.utils[0m:[36m_make_local_details[0m:[36m1070[0m - [34m[1mCopying /gcp-public-data-arco-era5/ar/full_37-1h-0p25deg-chunk-1.zarr-v3/2m_dewpoint_temperature/700206.0.0 to local cache[0m
target_step 18: sum=-1.7156e-03
Saved /cluster/projects/nn12107k/robin/earth2studio/aifs_attributions_vestlandet/aifs_ig_attributions_vestlandet_init1979-11-18T06_target1979-11-23T00.nc
Cleaned up temporary input data cache: /cluster/projects/nn12107k/robin/e2s_data_cache_svokm8df
Init: 1979-11-18 12:00:00 -> target valid time 1979-11-23 00:00:00 (18 steps, target_step=17)
[32m2026-07-15 15:44:49.531[0m | [34m[1mDEBUG   [0m | [36mearth2studio.data.utils[0m:[36m_make_local_details[0m:[36m1070[0m - [34m[1mCopying /gcp-public-data-arco-era5/ar/full_37-1h-0p25deg-chunk-1.zarr-v3/.zattrs to local cache[0m
[32m2026-07-15 15:44:50.828[0m | [34m[1mDEBUG   [0m | [36mearth2studio.data.utils[0m:[36m_make_local_details[0m:[36m1070[0m - [34m[1mCopying /gcp-public-data-arco-era5/ar/full_37-1h-0p25deg-chunk-1.zarr-v3/.zgroup to local cache[0m
[32m2026-07-15 15:44:50.910[0m | [34m[1mDEBUG   [0m | [36mearth2studio.data.utils[0m:[36m_make_local_details[0m:[36m1070[0m - [34m[1mCopying /gcp-public-data-arco-era5/ar/full_37-1h-0p25deg-chunk-1.zarr-v3/.zmetadata to local cache[0m
[32m2026-07-15 15:44:51.735[0m | [34m[1mDEBUG   [0m | [36mearth2studio.data.utils[0m:[36m_make_local_details[0m:[36m1070[0m - [34m[1mCopying /gcp-public-data-arco-era5/ar/full_37-1h-0p25deg-chunk-1.zarr-v3/level/0 to local cache[0m
[32m2026-07-15 15:44:52.119[0m | [34m[1mDEBUG   [0m | [36mearth2studio.data.utils[0m:[36m_make_local_details[0m:[36m1070[0m - [34m[1mCopying /gcp-public-data-arco-era5/ar/model-level-1h-0p25deg.zarr-v1/.zattrs to local cache[0m
[32m2026-07-15 15:44:52.898[0m | [34m[1mDEBUG   [0m | [36mearth2studio.data.utils[0m:[36m_make_local_details[0m:[36m1070[0m - [34m[1mCopying /gcp-public-data-arco-era5/ar/model-level-1h-0p25deg.zarr-v1/.zmetadata to local cache[0m
[32m2026-07-15 15:44:52.900[0m | [34m[1mDEBUG   [0m | [36mearth2studio.data.utils[0m:[36m_make_local_details[0m:[36m1070[0m - [34m[1mCopying /gcp-public-data-arco-era5/ar/model-level-1h-0p25deg.zarr-v1/.zgroup to local cache[0m
[32m2026-07-15 15:44:54.012[0m | [34m[1mDEBUG   [0m | [36mearth2studio.data.utils[0m:[36m_make_local_details[0m:[36m1070[0m - [34m[1mCopying /gcp-public-data-arco-era5/ar/model-level-1h-0p25deg.zarr-v1/hybrid/0 to local cache[0m
[32m2026-07-15 15:44:54.461[0m | [34m[1mDEBUG   [0m | [36mearth2studio.data.utils[0m:[36m_make_local_details[0m:[36m1070[0m - [34m[1mCopying /gcp-public-data-arco-era5/ar/full_37-1h-0p25deg-chunk-1.zarr-v3/10m_u_component_of_wind/700206.0.0 to local cache[0m
[32m2026-07-15 15:44:54.463[0m | [34m[1mDEBUG   [0m | [36mearth2studio.data.utils[0m:[36m_make_local_details[0m:[36m1070[0m - [34m[1mCopying /gcp-public-data-arco-era5/ar/full_37-1h-0p25deg-chunk-1.zarr-v3/skin_temperature/700206.0.0 to local cache[0m
[32m2026-07-15 15:44:54.467[0m | [34m[1mDEBUG   [0m | [36mearth2studio.data.utils[0m:[36m_make_local_details[0m:[36m1070[0m - [34m[1mCopying /gcp-public-data-arco-era5/ar/full_37-1h-0p25deg-chunk-1.zarr-v3/total_column_water/700206.0.0 to local cache[0m
[32m2026-07-15 15:44:54.469[0m | [34m[1mDEBUG   [0m | [36mearth2studio.data.utils[0m:[36m_make_local_details[0m:[36m1070[0m - [34m[1mCopying /gcp-public-data-arco-era5/ar/full_37-1h-0p25deg-chunk-1.zarr-v3/vertical_velocity/700206.0.0.0 to local cache[0m
[32m2026-07-15 15:44:54.482[0m | [34m[1mDEBUG   [0m | [36mearth2studio.data.utils[0m:[36m_make_local_details[0m:[36m1070[0m - [34m[1mCopying /gcp-public-data-arco-era5/ar/full_37-1h-0p25deg-chunk-1.zarr-v3/volumetric_soil_water_layer_2/700206.0.0 to local cache[0m
[32m2026-07-15 15:44:54.484[0m | [34m[1mDEBUG   [0m | [36mearth2studio.data.utils[0m:[36m_make_local_details[0m:[36m1070[0m - [34m[1mCopying /gcp-public-data-arco-era5/ar/full_37-1h-0p25deg-chunk-1.zarr-v3/u_component_of_wind/700206.0.0.0 to local cache[0m
[32m2026-07-15 15:44:54.486[0m | [34m[1mDEBUG   [0m | [36mearth2studio.data.utils[0m:[36m_make_local_details[0m:[36m1070[0m - [34m[1mCopying /gcp-public-data-arco-era5/ar/full_37-1h-0p25deg-chunk-1.zarr-v3/mean_sea_level_pressure/700206.0.0 to local cache[0m
[32m2026-07-15 15:44:54.487[0m | [34m[1mDEBUG   [0m | [36mearth2studio.data.utils[0m:[36m_make_local_details[0m:[36m1070[0m - [34m[1mCopying /gcp-public-data-arco-era5/ar/full_37-1h-0p25deg-chunk-1.zarr-v3/v_component_of_wind/700206.0.0.0 to local cache[0m
[32m2026-07-15 15:44:54.492[0m | [34m[1mDEBUG   [0m | [36mearth2studio.data.utils[0m:[36m_make_local_details[0m:[36m1070[0m - [34m[1mCopying /gcp-public-data-arco-era5/ar/full_37-1h-0p25deg-chunk-1.zarr-v3/soil_temperature_level_2/700206.0.0 to local cache[0m
[32m2026-07-15 15:44:54.589[0m | [34m[1mDEBUG   [0m | [36mearth2studio.data.utils[0m:[36m_make_local_details[0m:[36m1070[0m - [34m[1mCopying /gcp-public-data-arco-era5/ar/full_37-1h-0p25deg-chunk-1.zarr-v3/soil_temperature_level_1/700206.0.0 to local cache[0m
[32m2026-07-15 15:44:54.762[0m | [34m[1mDEBUG   [0m | [36mearth2studio.data.utils[0m:[36m_make_local_details[0m:[36m1070[0m - [34m[1mCopying /gcp-public-data-arco-era5/ar/full_37-1h-0p25deg-chunk-1.zarr-v3/geopotential/700206.0.0.0 to local cache[0m
[32m2026-07-15 15:44:55.042[0m | [34m[1mDEBUG   [0m | [36mearth2studio.data.utils[0m:[36m_make_local_details[0m:[36m1070[0m - [34m[1mCopying /gcp-public-data-arco-era5/ar/full_37-1h-0p25deg-chunk-1.zarr-v3/volumetric_soil_water_layer_1/700206.0.0 to local cache[0m
[32m2026-07-15 15:44:55.052[0m | [34m[1mDEBUG   [0m | [36mearth2studio.data.utils[0m:[36m_make_local_details[0m:[36m1070[0m - [34m[1mCopying /gcp-public-data-arco-era5/ar/full_37-1h-0p25deg-chunk-1.zarr-v3/2m_dewpoint_temperature/700206.0.0 to local cache[0m
[32m2026-07-15 15:44:55.053[0m | [34m[1mDEBUG   [0m | [36mearth2studio.data.utils[0m:[36m_make_local_details[0m:[36m1070[0m - [34m[1mCopying /gcp-public-data-arco-era5/ar/full_37-1h-0p25deg-chunk-1.zarr-v3/specific_humidity/700206.0.0.0 to local cache[0m
[32m2026-07-15 15:44:55.073[0m | [34m[1mDEBUG   [0m | [36mearth2studio.data.utils[0m:[36m_make_local_details[0m:[36m1070[0m - [34m[1mCopying /gcp-public-data-arco-era5/ar/full_37-1h-0p25deg-chunk-1.zarr-v3/10m_v_component_of_wind/700206.0.0 to local cache[0m
[32m2026-07-15 15:44:55.074[0m | [34m[1mDEBUG   [0m | [36mearth2studio.data.utils[0m:[36m_make_local_details[0m:[36m1070[0m - [34m[1mCopying /gcp-public-data-arco-era5/ar/full_37-1h-0p25deg-chunk-1.zarr-v3/2m_temperature/700206.0.0 to local cache[0m
[32m2026-07-15 15:44:55.075[0m | [34m[1mDEBUG   [0m | [36mearth2studio.data.utils[0m:[36m_make_local_details[0m:[36m1070[0m - [34m[1mCopying /gcp-public-data-arco-era5/ar/full_37-1h-0p25deg-chunk-1.zarr-v3/temperature/700206.0.0.0 to local cache[0m
[32m2026-07-15 15:44:55.098[0m | [34m[1mDEBUG   [0m | [36mearth2studio.data.utils[0m:[36m_make_local_details[0m:[36m1070[0m - [34m[1mCopying /gcp-public-data-arco-era5/ar/full_37-1h-0p25deg-chunk-1.zarr-v3/surface_pressure/700206.0.0 to local cache[0m
[32m2026-07-15 15:45:00.776[0m | [34m[1mDEBUG   [0m | [36mearth2studio.data.utils[0m:[36m_make_local_details[0m:[36m1070[0m - [34m[1mCopying /gcp-public-data-arco-era5/ar/full_37-1h-0p25deg-chunk-1.zarr-v3/2m_dewpoint_temperature/700212.0.0 to local cache[0m
[32m2026-07-15 15:45:00.784[0m | [34m[1mDEBUG   [0m | [36mearth2studio.data.utils[0m:[36m_make_local_details[0m:[36m1070[0m - [34m[1mCopying /gcp-public-data-arco-era5/ar/full_37-1h-0p25deg-chunk-1.zarr-v3/vertical_velocity/700212.0.0.0 to local cache[0m
[32m2026-07-15 15:45:00.784[0m | [34m[1mDEBUG   [0m | [36mearth2studio.data.utils[0m:[36m_make_local_details[0m:[36m1070[0m - [34m[1mCopying /gcp-public-data-arco-era5/ar/full_37-1h-0p25deg-chunk-1.zarr-v3/10m_u_component_of_wind/700212.0.0 to local cache[0m
[32m2026-07-15 15:45:00.786[0m | [34m[1mDEBUG   [0m | [36mearth2studio.data.utils[0m:[36m_make_local_details[0m:[36m1070[0m - [34m[1mCopying /gcp-public-data-arco-era5/ar/full_37-1h-0p25deg-chunk-1.zarr-v3/u_component_of_wind/700212.0.0.0 to local cache[0m
[32m2026-07-15 15:45:00.787[0m | [34m[1mDEBUG   [0m | [36mearth2studio.data.utils[0m:[36m_make_local_details[0m:[36m1070[0m - [34m[1mCopying /gcp-public-data-arco-era5/ar/full_37-1h-0p25deg-chunk-1.zarr-v3/total_column_water/700212.0.0 to local cache[0m
[32m2026-07-15 15:45:00.791[0m | [34m[1mDEBUG   [0m | [36mearth2studio.data.utils[0m:[36m_make_local_details[0m:[36m1070[0m - [34m[1mCopying /gcp-public-data-arco-era5/ar/full_37-1h-0p25deg-chunk-1.zarr-v3/v_component_of_wind/700212.0.0.0 to local cache[0m
[32m2026-07-15 15:45:00.793[0m | [34m[1mDEBUG   [0m | [36mearth2studio.data.utils[0m:[36m_make_local_details[0m:[36m1070[0m - [34m[1mCopying /gcp-public-data-arco-era5/ar/full_37-1h-0p25deg-chunk-1.zarr-v3/volumetric_soil_water_layer_2/700212.0.0 to local cache[0m
[32m2026-07-15 15:45:00.794[0m | [34m[1mDEBUG   [0m | [36mearth2studio.data.utils[0m:[36m_make_local_details[0m:[36m1070[0m - [34m[1mCopying /gcp-public-data-arco-era5/ar/full_37-1h-0p25deg-chunk-1.zarr-v3/specific_humidity/700212.0.0.0 to local cache[0m
[32m2026-07-15 15:45:00.851[0m | [34m[1mDEBUG   [0m | [36mearth2studio.data.utils[0m:[36m_make_local_details[0m:[36m1070[0m - [34m[1mCopying /gcp-public-data-arco-era5/ar/full_37-1h-0p25deg-chunk-1.zarr-v3/soil_temperature_level_2/700212.0.0 to local cache[0m
[32m2026-07-15 15:45:00.863[0m | [34m[1mDEBUG   [0m | [36mearth2studio.data.utils[0m:[36m_make_local_details[0m:[36m1070[0m - [34m[1mCopying /gcp-public-data-arco-era5/ar/full_37-1h-0p25deg-chunk-1.zarr-v3/temperature/700212.0.0.0 to local cache[0m
[32m2026-07-15 15:45:00.864[0m | [34m[1mDEBUG   [0m | [36mearth2studio.data.utils[0m:[36m_make_local_details[0m:[36m1070[0m - [34m[1mCopying /gcp-public-data-arco-era5/ar/full_37-1h-0p25deg-chunk-1.zarr-v3/skin_temperature/700212.0.0 to local cache[0m
[32m2026-07-15 15:45:00.870[0m | [34m[1mDEBUG   [0m | [36mearth2studio.data.utils[0m:[36m_make_local_details[0m:[36m1070[0m - [34m[1mCopying /gcp-public-data-arco-era5/ar/full_37-1h-0p25deg-chunk-1.zarr-v3/surface_pressure/700212.0.0 to local cache[0m
[32m2026-07-15 15:45:00.871[0m | [34m[1mDEBUG   [0m | [36mearth2studio.data.utils[0m:[36m_make_local_details[0m:[36m1070[0m - [34m[1mCopying /gcp-public-data-arco-era5/ar/full_37-1h-0p25deg-chunk-1.zarr-v3/geopotential/700212.0.0.0 to local cache[0m
[32m2026-07-15 15:45:00.875[0m | [34m[1mDEBUG   [0m | [36mearth2studio.data.utils[0m:[36m_make_local_details[0m:[36m1070[0m - [34m[1mCopying /gcp-public-data-arco-era5/ar/full_37-1h-0p25deg-chunk-1.zarr-v3/volumetric_soil_water_layer_1/700212.0.0 to local cache[0m
[32m2026-07-15 15:45:00.963[0m | [34m[1mDEBUG   [0m | [36mearth2studio.data.utils[0m:[36m_make_local_details[0m:[36m1070[0m - [34m[1mCopying /gcp-public-data-arco-era5/ar/full_37-1h-0p25deg-chunk-1.zarr-v3/mean_sea_level_pressure/700212.0.0 to local cache[0m
[32m2026-07-15 15:45:01.376[0m | [34m[1mDEBUG   [0m | [36mearth2studio.data.utils[0m:[36m_make_local_details[0m:[36m1070[0m - [34m[1mCopying /gcp-public-data-arco-era5/ar/full_37-1h-0p25deg-chunk-1.zarr-v3/2m_temperature/700212.0.0 to local cache[0m
[32m2026-07-15 15:45:01.378[0m | [34m[1mDEBUG   [0m | [36mearth2studio.data.utils[0m:[36m_make_local_details[0m:[36m1070[0m - [34m[1mCopying /gcp-public-data-arco-era5/ar/full_37-1h-0p25deg-chunk-1.zarr-v3/soil_temperature_level_1/700212.0.0 to local cache[0m
[32m2026-07-15 15:45:01.459[0m | [34m[1mDEBUG   [0m | [36mearth2studio.data.utils[0m:[36m_make_local_details[0m:[36m1070[0m - [34m[1mCopying /gcp-public-data-arco-era5/ar/full_37-1h-0p25deg-chunk-1.zarr-v3/10m_v_component_of_wind/700212.0.0 to local cache[0m
target_step 17: sum=1.8947e-02
Saved /cluster/projects/nn12107k/robin/earth2studio/aifs_attributions_vestlandet/aifs_ig_attributions_vestlandet_init1979-11-18T12_target1979-11-23T00.nc
Cleaned up temporary input data cache: /cluster/projects/nn12107k/robin/e2s_data_cache_2j92l17g
Init: 1979-11-18 18:00:00 -> target valid time 1979-11-23 00:00:00 (17 steps, target_step=16)
[32m2026-07-15 15:50:57.263[0m | [34m[1mDEBUG   [0m | [36mearth2studio.data.utils[0m:[36m_make_local_details[0m:[36m1070[0m - [34m[1mCopying /gcp-public-data-arco-era5/ar/full_37-1h-0p25deg-chunk-1.zarr-v3/.zattrs to local cache[0m
[32m2026-07-15 15:50:58.233[0m | [34m[1mDEBUG   [0m | [36mearth2studio.data.utils[0m:[36m_make_local_details[0m:[36m1070[0m - [34m[1mCopying /gcp-public-data-arco-era5/ar/full_37-1h-0p25deg-chunk-1.zarr-v3/.zgroup to local cache[0m
[32m2026-07-15 15:50:58.308[0m | [34m[1mDEBUG   [0m | [36mearth2studio.data.utils[0m:[36m_make_local_details[0m:[36m1070[0m - [34m[1mCopying /gcp-public-data-arco-era5/ar/full_37-1h-0p25deg-chunk-1.zarr-v3/.zmetadata to local cache[0m
[32m2026-07-15 15:50:58.619[0m | [34m[1mDEBUG   [0m | [36mearth2studio.data.utils[0m:[36m_make_local_details[0m:[36m1070[0m - [34m[1mCopying /gcp-public-data-arco-era5/ar/full_37-1h-0p25deg-chunk-1.zarr-v3/level/0 to local cache[0m
[32m2026-07-15 15:50:58.992[0m | [34m[1mDEBUG   [0m | [36mearth2studio.data.utils[0m:[36m_make_local_details[0m:[36m1070[0m - [34m[1mCopying /gcp-public-data-arco-era5/ar/model-level-1h-0p25deg.zarr-v1/.zattrs to local cache[0m
[32m2026-07-15 15:50:59.314[0m | [34m[1mDEBUG   [0m | [36mearth2studio.data.utils[0m:[36m_make_local_details[0m:[36m1070[0m - [34m[1mCopying /gcp-public-data-arco-era5/ar/model-level-1h-0p25deg.zarr-v1/.zmetadata to local cache[0m
[32m2026-07-15 15:50:59.391[0m | [34m[1mDEBUG   [0m | [36mearth2studio.data.utils[0m:[36m_make_local_details[0m:[36m1070[0m - [34m[1mCopying /gcp-public-data-arco-era5/ar/model-level-1h-0p25deg.zarr-v1/.zgroup to local cache[0m
[32m2026-07-15 15:50:59.727[0m | [34m[1mDEBUG   [0m | [36mearth2studio.data.utils[0m:[36m_make_local_details[0m:[36m1070[0m - [34m[1mCopying /gcp-public-data-arco-era5/ar/model-level-1h-0p25deg.zarr-v1/hybrid/0 to local cache[0m
[32m2026-07-15 15:51:00.073[0m | [34m[1mDEBUG   [0m | [36mearth2studio.data.utils[0m:[36m_make_local_details[0m:[36m1070[0m - [34m[1mCopying /gcp-public-data-arco-era5/ar/full_37-1h-0p25deg-chunk-1.zarr-v3/volumetric_soil_water_layer_1/700212.0.0 to local cache[0m
[32m2026-07-15 15:51:00.076[0m | [34m[1mDEBUG   [0m | [36mearth2studio.data.utils[0m:[36m_make_local_details[0m:[36m1070[0m - [34m[1mCopying /gcp-public-data-arco-era5/ar/full_37-1h-0p25deg-chunk-1.zarr-v3/total_column_water/700212.0.0 to local cache[0m
[32m2026-07-15 15:51:00.158[0m | [34m[1mDEBUG   [0m | [36mearth2studio.data.utils[0m:[36m_make_local_details[0m:[36m1070[0m - [34m[1mCopying /gcp-public-data-arco-era5/ar/full_37-1h-0p25deg-chunk-1.zarr-v3/10m_u_component_of_wind/700212.0.0 to local cache[0m
[32m2026-07-15 15:51:00.161[0m | [34m[1mDEBUG   [0m | [36mearth2studio.data.utils[0m:[36m_make_local_details[0m:[36m1070[0m - [34m[1mCopying /gcp-public-data-arco-era5/ar/full_37-1h-0p25deg-chunk-1.zarr-v3/soil_temperature_level_1/700212.0.0 to local cache[0m
[32m2026-07-15 15:51:00.174[0m | [34m[1mDEBUG   [0m | [36mearth2studio.data.utils[0m:[36m_make_local_details[0m:[36m1070[0m - [34m[1mCopying /gcp-public-data-arco-era5/ar/full_37-1h-0p25deg-chunk-1.zarr-v3/volumetric_soil_water_layer_2/700212.0.0 to local cache[0m
[32m2026-07-15 15:51:00.182[0m | [34m[1mDEBUG   [0m | [36mearth2studio.data.utils[0m:[36m_make_local_details[0m:[36m1070[0m - [34m[1mCopying /gcp-public-data-arco-era5/ar/full_37-1h-0p25deg-chunk-1.zarr-v3/skin_temperature/700212.0.0 to local cache[0m
[32m2026-07-15 15:51:00.184[0m | [34m[1mDEBUG   [0m | [36mearth2studio.data.utils[0m:[36m_make_local_details[0m:[36m1070[0m - [34m[1mCopying /gcp-public-data-arco-era5/ar/full_37-1h-0p25deg-chunk-1.zarr-v3/2m_dewpoint_temperature/700212.0.0 to local cache[0m
[32m2026-07-15 15:51:00.185[0m | [34m[1mDEBUG   [0m | [36mearth2studio.data.utils[0m:[36m_make_local_details[0m:[36m1070[0m - [34m[1mCopying /gcp-public-data-arco-era5/ar/full_37-1h-0p25deg-chunk-1.zarr-v3/2m_temperature/700212.0.0 to local cache[0m
[32m2026-07-15 15:51:00.186[0m | [34m[1mDEBUG   [0m | [36mearth2studio.data.utils[0m:[36m_make_local_details[0m:[36m1070[0m - [34m[1mCopying /gcp-public-data-arco-era5/ar/full_37-1h-0p25deg-chunk-1.zarr-v3/geopotential/700212.0.0.0 to local cache[0m
[32m2026-07-15 15:51:00.188[0m | [34m[1mDEBUG   [0m | [36mearth2studio.data.utils[0m:[36m_make_local_details[0m:[36m1070[0m - [34m[1mCopying /gcp-public-data-arco-era5/ar/full_37-1h-0p25deg-chunk-1.zarr-v3/soil_temperature_level_2/700212.0.0 to local cache[0m
[32m2026-07-15 15:51:00.189[0m | [34m[1mDEBUG   [0m | [36mearth2studio.data.utils[0m:[36m_make_local_details[0m:[36m1070[0m - [34m[1mCopying /gcp-public-data-arco-era5/ar/full_37-1h-0p25deg-chunk-1.zarr-v3/v_component_of_wind/700212.0.0.0 to local cache[0m
[32m2026-07-15 15:51:00.190[0m | [34m[1mDEBUG   [0m | [36mearth2studio.data.utils[0m:[36m_make_local_details[0m:[36m1070[0m - [34m[1mCopying /gcp-public-data-arco-era5/ar/full_37-1h-0p25deg-chunk-1.zarr-v3/surface_pressure/700212.0.0 to local cache[0m
[32m2026-07-15 15:51:00.195[0m | [34m[1mDEBUG   [0m | [36mearth2studio.data.utils[0m:[36m_make_local_details[0m:[36m1070[0m - [34m[1mCopying /gcp-public-data-arco-era5/ar/full_37-1h-0p25deg-chunk-1.zarr-v3/temperature/700212.0.0.0 to local cache[0m
[32m2026-07-15 15:51:00.196[0m | [34m[1mDEBUG   [0m | [36mearth2studio.data.utils[0m:[36m_make_local_details[0m:[36m1070[0m - [34m[1mCopying /gcp-public-data-arco-era5/ar/full_37-1h-0p25deg-chunk-1.zarr-v3/10m_v_component_of_wind/700212.0.0 to local cache[0m
[32m2026-07-15 15:51:00.198[0m | [34m[1mDEBUG   [0m | [36mearth2studio.data.utils[0m:[36m_make_local_details[0m:[36m1070[0m - [34m[1mCopying /gcp-public-data-arco-era5/ar/full_37-1h-0p25deg-chunk-1.zarr-v3/vertical_velocity/700212.0.0.0 to local cache[0m
[32m2026-07-15 15:51:00.198[0m | [34m[1mDEBUG   [0m | [36mearth2studio.data.utils[0m:[36m_make_local_details[0m:[36m1070[0m - [34m[1mCopying /gcp-public-data-arco-era5/ar/full_37-1h-0p25deg-chunk-1.zarr-v3/u_component_of_wind/700212.0.0.0 to local cache[0m
[32m2026-07-15 15:51:00.203[0m | [34m[1mDEBUG   [0m | [36mearth2studio.data.utils[0m:[36m_make_local_details[0m:[36m1070[0m - [34m[1mCopying /gcp-public-data-arco-era5/ar/full_37-1h-0p25deg-chunk-1.zarr-v3/specific_humidity/700212.0.0.0 to local cache[0m
[32m2026-07-15 15:51:00.289[0m | [34m[1mDEBUG   [0m | [36mearth2studio.data.utils[0m:[36m_make_local_details[0m:[36m1070[0m - [34m[1mCopying /gcp-public-data-arco-era5/ar/full_37-1h-0p25deg-chunk-1.zarr-v3/mean_sea_level_pressure/700212.0.0 to local cache[0m
[32m2026-07-15 15:51:06.075[0m | [34m[1mDEBUG   [0m | [36mearth2studio.data.utils[0m:[36m_make_local_details[0m:[36m1070[0m - [34m[1mCopying /gcp-public-data-arco-era5/ar/full_37-1h-0p25deg-chunk-1.zarr-v3/mean_sea_level_pressure/700218.0.0 to local cache[0m
[32m2026-07-15 15:51:06.077[0m | [34m[1mDEBUG   [0m | [36mearth2studio.data.utils[0m:[36m_make_local_details[0m:[36m1070[0m - [34m[1mCopying /gcp-public-data-arco-era5/ar/full_37-1h-0p25deg-chunk-1.zarr-v3/skin_temperature/700218.0.0 to local cache[0m
[32m2026-07-15 15:51:06.079[0m | [34m[1mDEBUG   [0m | [36mearth2studio.data.utils[0m:[36m_make_local_details[0m:[36m1070[0m - [34m[1mCopying /gcp-public-data-arco-era5/ar/full_37-1h-0p25deg-chunk-1.zarr-v3/surface_pressure/700218.0.0 to local cache[0m
[32m2026-07-15 15:51:06.080[0m | [34m[1mDEBUG   [0m | [36mearth2studio.data.utils[0m:[36m_make_local_details[0m:[36m1070[0m - [34m[1mCopying /gcp-public-data-arco-era5/ar/full_37-1h-0p25deg-chunk-1.zarr-v3/u_component_of_wind/700218.0.0.0 to local cache[0m
[32m2026-07-15 15:51:06.081[0m | [34m[1mDEBUG   [0m | [36mearth2studio.data.utils[0m:[36m_make_local_details[0m:[36m1070[0m - [34m[1mCopying /gcp-public-data-arco-era5/ar/full_37-1h-0p25deg-chunk-1.zarr-v3/soil_temperature_level_2/700218.0.0 to local cache[0m
[32m2026-07-15 15:51:06.082[0m | [34m[1mDEBUG   [0m | [36mearth2studio.data.utils[0m:[36m_make_local_details[0m:[36m1070[0m - [34m[1mCopying /gcp-public-data-arco-era5/ar/full_37-1h-0p25deg-chunk-1.zarr-v3/2m_dewpoint_temperature/700218.0.0 to local cache[0m
[32m2026-07-15 15:51:06.084[0m | [34m[1mDEBUG   [0m | [36mearth2studio.data.utils[0m:[36m_make_local_details[0m:[36m1070[0m - [34m[1mCopying /gcp-public-data-arco-era5/ar/full_37-1h-0p25deg-chunk-1.zarr-v3/vertical_velocity/700218.0.0.0 to local cache[0m
[32m2026-07-15 15:51:06.086[0m | [34m[1mDEBUG   [0m | [36mearth2studio.data.utils[0m:[36m_make_local_details[0m:[36m1070[0m - [34m[1mCopying /gcp-public-data-arco-era5/ar/full_37-1h-0p25deg-chunk-1.zarr-v3/total_column_water/700218.0.0 to local cache[0m
[32m2026-07-15 15:51:06.088[0m | [34m[1mDEBUG   [0m | [36mearth2studio.data.utils[0m:[36m_make_local_details[0m:[36m1070[0m - [34m[1mCopying /gcp-public-data-arco-era5/ar/full_37-1h-0p25deg-chunk-1.zarr-v3/2m_temperature/700218.0.0 to local cache[0m
[32m2026-07-15 15:51:06.154[0m | [34m[1mDEBUG   [0m | [36mearth2studio.data.utils[0m:[36m_make_local_details[0m:[36m1070[0m - [34m[1mCopying /gcp-public-data-arco-era5/ar/full_37-1h-0p25deg-chunk-1.zarr-v3/10m_v_component_of_wind/700218.0.0 to local cache[0m
[32m2026-07-15 15:51:06.156[0m | [34m[1mDEBUG   [0m | [36mearth2studio.data.utils[0m:[36m_make_local_details[0m:[36m1070[0m - [34m[1mCopying /gcp-public-data-arco-era5/ar/full_37-1h-0p25deg-chunk-1.zarr-v3/volumetric_soil_water_layer_1/700218.0.0 to local cache[0m
[32m2026-07-15 15:51:06.172[0m | [34m[1mDEBUG   [0m | [36mearth2studio.data.utils[0m:[36m_make_local_details[0m:[36m1070[0m - [34m[1mCopying /gcp-public-data-arco-era5/ar/full_37-1h-0p25deg-chunk-1.zarr-v3/10m_u_component_of_wind/700218.0.0 to local cache[0m
[32m2026-07-15 15:51:06.174[0m | [34m[1mDEBUG   [0m | [36mearth2studio.data.utils[0m:[36m_make_local_details[0m:[36m1070[0m - [34m[1mCopying /gcp-public-data-arco-era5/ar/full_37-1h-0p25deg-chunk-1.zarr-v3/temperature/700218.0.0.0 to local cache[0m
[32m2026-07-15 15:51:06.175[0m | [34m[1mDEBUG   [0m | [36mearth2studio.data.utils[0m:[36m_make_local_details[0m:[36m1070[0m - [34m[1mCopying /gcp-public-data-arco-era5/ar/full_37-1h-0p25deg-chunk-1.zarr-v3/v_component_of_wind/700218.0.0.0 to local cache[0m
[32m2026-07-15 15:51:06.176[0m | [34m[1mDEBUG   [0m | [36mearth2studio.data.utils[0m:[36m_make_local_details[0m:[36m1070[0m - [34m[1mCopying /gcp-public-data-arco-era5/ar/full_37-1h-0p25deg-chunk-1.zarr-v3/volumetric_soil_water_layer_2/700218.0.0 to local cache[0m
[32m2026-07-15 15:51:06.179[0m | [34m[1mDEBUG   [0m | [36mearth2studio.data.utils[0m:[36m_make_local_details[0m:[36m1070[0m - [34m[1mCopying /gcp-public-data-arco-era5/ar/full_37-1h-0p25deg-chunk-1.zarr-v3/soil_temperature_level_1/700218.0.0 to local cache[0m
[32m2026-07-15 15:51:06.189[0m | [34m[1mDEBUG   [0m | [36mearth2studio.data.utils[0m:[36m_make_local_details[0m:[36m1070[0m - [34m[1mCopying /gcp-public-data-arco-era5/ar/full_37-1h-0p25deg-chunk-1.zarr-v3/geopotential/700218.0.0.0 to local cache[0m
[32m2026-07-15 15:51:06.252[0m | [34m[1mDEBUG   [0m | [36mearth2studio.data.utils[0m:[36m_make_local_details[0m:[36m1070[0m - [34m[1mCopying /gcp-public-data-arco-era5/ar/full_37-1h-0p25deg-chunk-1.zarr-v3/specific_humidity/700218.0.0.0 to local cache[0m
target_step 16: sum=1.1969e-02
Saved /cluster/projects/nn12107k/robin/earth2studio/aifs_attributions_vestlandet/aifs_ig_attributions_vestlandet_init1979-11-18T18_target1979-11-23T00.nc
Cleaned up temporary input data cache: /cluster/projects/nn12107k/robin/e2s_data_cache_r6js7lzf
Init: 1979-11-19 00:00:00 -> target valid time 1979-11-23 00:00:00 (16 steps, target_step=15)
[32m2026-07-15 15:56:42.060[0m | [34m[1mDEBUG   [0m | [36mearth2studio.data.utils[0m:[36m_make_local_details[0m:[36m1070[0m - [34m[1mCopying /gcp-public-data-arco-era5/ar/full_37-1h-0p25deg-chunk-1.zarr-v3/.zattrs to local cache[0m
[32m2026-07-15 15:56:42.962[0m | [34m[1mDEBUG   [0m | [36mearth2studio.data.utils[0m:[36m_make_local_details[0m:[36m1070[0m - [34m[1mCopying /gcp-public-data-arco-era5/ar/full_37-1h-0p25deg-chunk-1.zarr-v3/.zgroup to local cache[0m
[32m2026-07-15 15:56:43.039[0m | [34m[1mDEBUG   [0m | [36mearth2studio.data.utils[0m:[36m_make_local_details[0m:[36m1070[0m - [34m[1mCopying /gcp-public-data-arco-era5/ar/full_37-1h-0p25deg-chunk-1.zarr-v3/.zmetadata to local cache[0m
[32m2026-07-15 15:56:43.352[0m | [34m[1mDEBUG   [0m | [36mearth2studio.data.utils[0m:[36m_make_local_details[0m:[36m1070[0m - [34m[1mCopying /gcp-public-data-arco-era5/ar/full_37-1h-0p25deg-chunk-1.zarr-v3/level/0 to local cache[0m
[32m2026-07-15 15:56:43.736[0m | [34m[1mDEBUG   [0m | [36mearth2studio.data.utils[0m:[36m_make_local_details[0m:[36m1070[0m - [34m[1mCopying /gcp-public-data-arco-era5/ar/model-level-1h-0p25deg.zarr-v1/.zattrs to local cache[0m
[32m2026-07-15 15:56:44.104[0m | [34m[1mDEBUG   [0m | [36mearth2studio.data.utils[0m:[36m_make_local_details[0m:[36m1070[0m - [34m[1mCopying /gcp-public-data-arco-era5/ar/model-level-1h-0p25deg.zarr-v1/.zgroup to local cache[0m
[32m2026-07-15 15:56:44.105[0m | [34m[1mDEBUG   [0m | [36mearth2studio.data.utils[0m:[36m_make_local_details[0m:[36m1070[0m - [34m[1mCopying /gcp-public-data-arco-era5/ar/model-level-1h-0p25deg.zarr-v1/.zmetadata to local cache[0m
[32m2026-07-15 15:56:44.479[0m | [34m[1mDEBUG   [0m | [36mearth2studio.data.utils[0m:[36m_make_local_details[0m:[36m1070[0m - [34m[1mCopying /gcp-public-data-arco-era5/ar/model-level-1h-0p25deg.zarr-v1/hybrid/0 to local cache[0m
[32m2026-07-15 15:56:44.696[0m | [34m[1mDEBUG   [0m | [36mearth2studio.data.utils[0m:[36m_make_local_details[0m:[36m1070[0m - [34m[1mCopying /gcp-public-data-arco-era5/ar/full_37-1h-0p25deg-chunk-1.zarr-v3/volumetric_soil_water_layer_2/700218.0.0 to local cache[0m
[32m2026-07-15 15:56:44.697[0m | [34m[1mDEBUG   [0m | [36mearth2studio.data.utils[0m:[36m_make_local_details[0m:[36m1070[0m - [34m[1mCopying /gcp-public-data-arco-era5/ar/full_37-1h-0p25deg-chunk-1.zarr-v3/10m_v_component_of_wind/700218.0.0 to local cache[0m
[32m2026-07-15 15:56:44.779[0m | [34m[1mDEBUG   [0m | [36mearth2studio.data.utils[0m:[36m_make_local_details[0m:[36m1070[0m - [34m[1mCopying /gcp-public-data-arco-era5/ar/full_37-1h-0p25deg-chunk-1.zarr-v3/vertical_velocity/700218.0.0.0 to local cache[0m
[32m2026-07-15 15:56:44.780[0m | [34m[1mDEBUG   [0m | [36mearth2studio.data.utils[0m:[36m_make_local_details[0m:[36m1070[0m - [34m[1mCopying /gcp-public-data-arco-era5/ar/full_37-1h-0p25deg-chunk-1.zarr-v3/mean_sea_level_pressure/700218.0.0 to local cache[0m
[32m2026-07-15 15:56:44.802[0m | [34m[1mDEBUG   [0m | [36mearth2studio.data.utils[0m:[36m_make_local_details[0m:[36m1070[0m - [34m[1mCopying /gcp-public-data-arco-era5/ar/full_37-1h-0p25deg-chunk-1.zarr-v3/10m_u_component_of_wind/700218.0.0 to local cache[0m
[32m2026-07-15 15:56:44.803[0m | [34m[1mDEBUG   [0m | [36mearth2studio.data.utils[0m:[36m_make_local_details[0m:[36m1070[0m - [34m[1mCopying /gcp-public-data-arco-era5/ar/full_37-1h-0p25deg-chunk-1.zarr-v3/skin_temperature/700218.0.0 to local cache[0m
[32m2026-07-15 15:56:44.805[0m | [34m[1mDEBUG   [0m | [36mearth2studio.data.utils[0m:[36m_make_local_details[0m:[36m1070[0m - [34m[1mCopying /gcp-public-data-arco-era5/ar/full_37-1h-0p25deg-chunk-1.zarr-v3/v_component_of_wind/700218.0.0.0 to local cache[0m
[32m2026-07-15 15:56:44.806[0m | [34m[1mDEBUG   [0m | [36mearth2studio.data.utils[0m:[36m_make_local_details[0m:[36m1070[0m - [34m[1mCopying /gcp-public-data-arco-era5/ar/full_37-1h-0p25deg-chunk-1.zarr-v3/2m_temperature/700218.0.0 to local cache[0m
[32m2026-07-15 15:56:44.807[0m | [34m[1mDEBUG   [0m | [36mearth2studio.data.utils[0m:[36m_make_local_details[0m:[36m1070[0m - [34m[1mCopying /gcp-public-data-arco-era5/ar/full_37-1h-0p25deg-chunk-1.zarr-v3/soil_temperature_level_1/700218.0.0 to local cache[0m
[32m2026-07-15 15:56:44.808[0m | [34m[1mDEBUG   [0m | [36mearth2studio.data.utils[0m:[36m_make_local_details[0m:[36m1070[0m - [34m[1mCopying /gcp-public-data-arco-era5/ar/full_37-1h-0p25deg-chunk-1.zarr-v3/surface_pressure/700218.0.0 to local cache[0m
[32m2026-07-15 15:56:44.810[0m | [34m[1mDEBUG   [0m | [36mearth2studio.data.utils[0m:[36m_make_local_details[0m:[36m1070[0m - [34m[1mCopying /gcp-public-data-arco-era5/ar/full_37-1h-0p25deg-chunk-1.zarr-v3/temperature/700218.0.0.0 to local cache[0m
[32m2026-07-15 15:56:44.811[0m | [34m[1mDEBUG   [0m | [36mearth2studio.data.utils[0m:[36m_make_local_details[0m:[36m1070[0m - [34m[1mCopying /gcp-public-data-arco-era5/ar/full_37-1h-0p25deg-chunk-1.zarr-v3/total_column_water/700218.0.0 to local cache[0m
[32m2026-07-15 15:56:44.813[0m | [34m[1mDEBUG   [0m | [36mearth2studio.data.utils[0m:[36m_make_local_details[0m:[36m1070[0m - [34m[1mCopying /gcp-public-data-arco-era5/ar/full_37-1h-0p25deg-chunk-1.zarr-v3/volumetric_soil_water_layer_1/700218.0.0 to local cache[0m
[32m2026-07-15 15:56:44.813[0m | [34m[1mDEBUG   [0m | [36mearth2studio.data.utils[0m:[36m_make_local_details[0m:[36m1070[0m - [34m[1mCopying /gcp-public-data-arco-era5/ar/full_37-1h-0p25deg-chunk-1.zarr-v3/geopotential/700218.0.0.0 to local cache[0m
[32m2026-07-15 15:56:44.814[0m | [34m[1mDEBUG   [0m | [36mearth2studio.data.utils[0m:[36m_make_local_details[0m:[36m1070[0m - [34m[1mCopying /gcp-public-data-arco-era5/ar/full_37-1h-0p25deg-chunk-1.zarr-v3/u_component_of_wind/700218.0.0.0 to local cache[0m
[32m2026-07-15 15:56:44.823[0m | [34m[1mDEBUG   [0m | [36mearth2studio.data.utils[0m:[36m_make_local_details[0m:[36m1070[0m - [34m[1mCopying /gcp-public-data-arco-era5/ar/full_37-1h-0p25deg-chunk-1.zarr-v3/soil_temperature_level_2/700218.0.0 to local cache[0m
[32m2026-07-15 15:56:44.833[0m | [34m[1mDEBUG   [0m | [36mearth2studio.data.utils[0m:[36m_make_local_details[0m:[36m1070[0m - [34m[1mCopying /gcp-public-data-arco-era5/ar/full_37-1h-0p25deg-chunk-1.zarr-v3/specific_humidity/700218.0.0.0 to local cache[0m
[32m2026-07-15 15:56:44.848[0m | [34m[1mDEBUG   [0m | [36mearth2studio.data.utils[0m:[36m_make_local_details[0m:[36m1070[0m - [34m[1mCopying /gcp-public-data-arco-era5/ar/full_37-1h-0p25deg-chunk-1.zarr-v3/2m_dewpoint_temperature/700218.0.0 to local cache[0m
[32m2026-07-15 15:56:50.079[0m | [34m[1mDEBUG   [0m | [36mearth2studio.data.utils[0m:[36m_make_local_details[0m:[36m1070[0m - [34m[1mCopying /gcp-public-data-arco-era5/ar/full_37-1h-0p25deg-chunk-1.zarr-v3/mean_sea_level_pressure/700224.0.0 to local cache[0m
[32m2026-07-15 15:56:50.082[0m | [34m[1mDEBUG   [0m | [36mearth2studio.data.utils[0m:[36m_make_local_details[0m:[36m1070[0m - [34m[1mCopying /gcp-public-data-arco-era5/ar/full_37-1h-0p25deg-chunk-1.zarr-v3/10m_u_component_of_wind/700224.0.0 to local cache[0m
[32m2026-07-15 15:56:50.083[0m | [34m[1mDEBUG   [0m | [36mearth2studio.data.utils[0m:[36m_make_local_details[0m:[36m1070[0m - [34m[1mCopying /gcp-public-data-arco-era5/ar/full_37-1h-0p25deg-chunk-1.zarr-v3/volumetric_soil_water_layer_1/700224.0.0 to local cache[0m
[32m2026-07-15 15:56:50.083[0m | [34m[1mDEBUG   [0m | [36mearth2studio.data.utils[0m:[36m_make_local_details[0m:[36m1070[0m - [34m[1mCopying /gcp-public-data-arco-era5/ar/full_37-1h-0p25deg-chunk-1.zarr-v3/specific_humidity/700224.0.0.0 to local cache[0m
[32m2026-07-15 15:56:50.085[0m | [34m[1mDEBUG   [0m | [36mearth2studio.data.utils[0m:[36m_make_local_details[0m:[36m1070[0m - [34m[1mCopying /gcp-public-data-arco-era5/ar/full_37-1h-0p25deg-chunk-1.zarr-v3/2m_temperature/700224.0.0 to local cache[0m
[32m2026-07-15 15:56:50.086[0m | [34m[1mDEBUG   [0m | [36mearth2studio.data.utils[0m:[36m_make_local_details[0m:[36m1070[0m - [34m[1mCopying /gcp-public-data-arco-era5/ar/full_37-1h-0p25deg-chunk-1.zarr-v3/skin_temperature/700224.0.0 to local cache[0m
[32m2026-07-15 15:56:50.089[0m | [34m[1mDEBUG   [0m | [36mearth2studio.data.utils[0m:[36m_make_local_details[0m:[36m1070[0m - [34m[1mCopying /gcp-public-data-arco-era5/ar/full_37-1h-0p25deg-chunk-1.zarr-v3/10m_v_component_of_wind/700224.0.0 to local cache[0m
[32m2026-07-15 15:56:50.091[0m | [34m[1mDEBUG   [0m | [36mearth2studio.data.utils[0m:[36m_make_local_details[0m:[36m1070[0m - [34m[1mCopying /gcp-public-data-arco-era5/ar/full_37-1h-0p25deg-chunk-1.zarr-v3/surface_pressure/700224.0.0 to local cache[0m
[32m2026-07-15 15:56:50.098[0m | [34m[1mDEBUG   [0m | [36mearth2studio.data.utils[0m:[36m_make_local_details[0m:[36m1070[0m - [34m[1mCopying /gcp-public-data-arco-era5/ar/full_37-1h-0p25deg-chunk-1.zarr-v3/total_column_water/700224.0.0 to local cache[0m
[32m2026-07-15 15:56:50.104[0m | [34m[1mDEBUG   [0m | [36mearth2studio.data.utils[0m:[36m_make_local_details[0m:[36m1070[0m - [34m[1mCopying /gcp-public-data-arco-era5/ar/full_37-1h-0p25deg-chunk-1.zarr-v3/u_component_of_wind/700224.0.0.0 to local cache[0m
[32m2026-07-15 15:56:50.166[0m | [34m[1mDEBUG   [0m | [36mearth2studio.data.utils[0m:[36m_make_local_details[0m:[36m1070[0m - [34m[1mCopying /gcp-public-data-arco-era5/ar/full_37-1h-0p25deg-chunk-1.zarr-v3/v_component_of_wind/700224.0.0.0 to local cache[0m
[32m2026-07-15 15:56:50.170[0m | [34m[1mDEBUG   [0m | [36mearth2studio.data.utils[0m:[36m_make_local_details[0m:[36m1070[0m - [34m[1mCopying /gcp-public-data-arco-era5/ar/full_37-1h-0p25deg-chunk-1.zarr-v3/temperature/700224.0.0.0 to local cache[0m
[32m2026-07-15 15:56:50.173[0m | [34m[1mDEBUG   [0m | [36mearth2studio.data.utils[0m:[36m_make_local_details[0m:[36m1070[0m - [34m[1mCopying /gcp-public-data-arco-era5/ar/full_37-1h-0p25deg-chunk-1.zarr-v3/soil_temperature_level_1/700224.0.0 to local cache[0m
[32m2026-07-15 15:56:50.175[0m | [34m[1mDEBUG   [0m | [36mearth2studio.data.utils[0m:[36m_make_local_details[0m:[36m1070[0m - [34m[1mCopying /gcp-public-data-arco-era5/ar/full_37-1h-0p25deg-chunk-1.zarr-v3/geopotential/700224.0.0.0 to local cache[0m
[32m2026-07-15 15:56:50.177[0m | [34m[1mDEBUG   [0m | [36mearth2studio.data.utils[0m:[36m_make_local_details[0m:[36m1070[0m - [34m[1mCopying /gcp-public-data-arco-era5/ar/full_37-1h-0p25deg-chunk-1.zarr-v3/soil_temperature_level_2/700224.0.0 to local cache[0m
[32m2026-07-15 15:56:50.180[0m | [34m[1mDEBUG   [0m | [36mearth2studio.data.utils[0m:[36m_make_local_details[0m:[36m1070[0m - [34m[1mCopying /gcp-public-data-arco-era5/ar/full_37-1h-0p25deg-chunk-1.zarr-v3/vertical_velocity/700224.0.0.0 to local cache[0m
[32m2026-07-15 15:56:50.187[0m | [34m[1mDEBUG   [0m | [36mearth2studio.data.utils[0m:[36m_make_local_details[0m:[36m1070[0m - [34m[1mCopying /gcp-public-data-arco-era5/ar/full_37-1h-0p25deg-chunk-1.zarr-v3/volumetric_soil_water_layer_2/700224.0.0 to local cache[0m
[32m2026-07-15 15:56:50.203[0m | [34m[1mDEBUG   [0m | [36mearth2studio.data.utils[0m:[36m_make_local_details[0m:[36m1070[0m - [34m[1mCopying /gcp-public-data-arco-era5/ar/full_37-1h-0p25deg-chunk-1.zarr-v3/2m_dewpoint_temperature/700224.0.0 to local cache[0m
target_step 15: sum=-3.1005e-02
Saved /cluster/projects/nn12107k/robin/earth2studio/aifs_attributions_vestlandet/aifs_ig_attributions_vestlandet_init1979-11-19T00_target1979-11-23T00.nc
Cleaned up temporary input data cache: /cluster/projects/nn12107k/robin/e2s_data_cache_s43jd1oj
Init: 1979-11-19 06:00:00 -> target valid time 1979-11-23 00:00:00 (15 steps, target_step=14)
[32m2026-07-15 16:02:05.971[0m | [34m[1mDEBUG   [0m | [36mearth2studio.data.utils[0m:[36m_make_local_details[0m:[36m1070[0m - [34m[1mCopying /gcp-public-data-arco-era5/ar/full_37-1h-0p25deg-chunk-1.zarr-v3/.zattrs to local cache[0m
[32m2026-07-15 16:02:06.965[0m | [34m[1mDEBUG   [0m | [36mearth2studio.data.utils[0m:[36m_make_local_details[0m:[36m1070[0m - [34m[1mCopying /gcp-public-data-arco-era5/ar/full_37-1h-0p25deg-chunk-1.zarr-v3/.zgroup to local cache[0m
[32m2026-07-15 16:02:07.040[0m | [34m[1mDEBUG   [0m | [36mearth2studio.data.utils[0m:[36m_make_local_details[0m:[36m1070[0m - [34m[1mCopying /gcp-public-data-arco-era5/ar/full_37-1h-0p25deg-chunk-1.zarr-v3/.zmetadata to local cache[0m
[32m2026-07-15 16:02:07.350[0m | [34m[1mDEBUG   [0m | [36mearth2studio.data.utils[0m:[36m_make_local_details[0m:[36m1070[0m - [34m[1mCopying /gcp-public-data-arco-era5/ar/full_37-1h-0p25deg-chunk-1.zarr-v3/level/0 to local cache[0m
[32m2026-07-15 16:02:07.625[0m | [34m[1mDEBUG   [0m | [36mearth2studio.data.utils[0m:[36m_make_local_details[0m:[36m1070[0m - [34m[1mCopying /gcp-public-data-arco-era5/ar/model-level-1h-0p25deg.zarr-v1/.zattrs to local cache[0m
[32m2026-07-15 16:02:07.950[0m | [34m[1mDEBUG   [0m | [36mearth2studio.data.utils[0m:[36m_make_local_details[0m:[36m1070[0m - [34m[1mCopying /gcp-public-data-arco-era5/ar/model-level-1h-0p25deg.zarr-v1/.zmetadata to local cache[0m
[32m2026-07-15 16:02:07.953[0m | [34m[1mDEBUG   [0m | [36mearth2studio.data.utils[0m:[36m_make_local_details[0m:[36m1070[0m - [34m[1mCopying /gcp-public-data-arco-era5/ar/model-level-1h-0p25deg.zarr-v1/.zgroup to local cache[0m
[32m2026-07-15 16:02:08.267[0m | [34m[1mDEBUG   [0m | [36mearth2studio.data.utils[0m:[36m_make_local_details[0m:[36m1070[0m - [34m[1mCopying /gcp-public-data-arco-era5/ar/model-level-1h-0p25deg.zarr-v1/hybrid/0 to local cache[0m
[32m2026-07-15 16:02:08.597[0m | [34m[1mDEBUG   [0m | [36mearth2studio.data.utils[0m:[36m_make_local_details[0m:[36m1070[0m - [34m[1mCopying /gcp-public-data-arco-era5/ar/full_37-1h-0p25deg-chunk-1.zarr-v3/mean_sea_level_pressure/700224.0.0 to local cache[0m
[32m2026-07-15 16:02:08.607[0m | [34m[1mDEBUG   [0m | [36mearth2studio.data.utils[0m:[36m_make_local_details[0m:[36m1070[0m - [34m[1mCopying /gcp-public-data-arco-era5/ar/full_37-1h-0p25deg-chunk-1.zarr-v3/10m_u_component_of_wind/700224.0.0 to local cache[0m
[32m2026-07-15 16:02:08.679[0m | [34m[1mDEBUG   [0m | [36mearth2studio.data.utils[0m:[36m_make_local_details[0m:[36m1070[0m - [34m[1mCopying /gcp-public-data-arco-era5/ar/full_37-1h-0p25deg-chunk-1.zarr-v3/total_column_water/700224.0.0 to local cache[0m
[32m2026-07-15 16:02:08.687[0m | [34m[1mDEBUG   [0m | [36mearth2studio.data.utils[0m:[36m_make_local_details[0m:[36m1070[0m - [34m[1mCopying /gcp-public-data-arco-era5/ar/full_37-1h-0p25deg-chunk-1.zarr-v3/10m_v_component_of_wind/700224.0.0 to local cache[0m
[32m2026-07-15 16:02:08.693[0m | [34m[1mDEBUG   [0m | [36mearth2studio.data.utils[0m:[36m_make_local_details[0m:[36m1070[0m - [34m[1mCopying /gcp-public-data-arco-era5/ar/full_37-1h-0p25deg-chunk-1.zarr-v3/volumetric_soil_water_layer_2/700224.0.0 to local cache[0m
[32m2026-07-15 16:02:08.708[0m | [34m[1mDEBUG   [0m | [36mearth2studio.data.utils[0m:[36m_make_local_details[0m:[36m1070[0m - [34m[1mCopying /gcp-public-data-arco-era5/ar/full_37-1h-0p25deg-chunk-1.zarr-v3/specific_humidity/700224.0.0.0 to local cache[0m
[32m2026-07-15 16:02:08.709[0m | [34m[1mDEBUG   [0m | [36mearth2studio.data.utils[0m:[36m_make_local_details[0m:[36m1070[0m - [34m[1mCopying /gcp-public-data-arco-era5/ar/full_37-1h-0p25deg-chunk-1.zarr-v3/volumetric_soil_water_layer_1/700224.0.0 to local cache[0m
[32m2026-07-15 16:02:08.712[0m | [34m[1mDEBUG   [0m | [36mearth2studio.data.utils[0m:[36m_make_local_details[0m:[36m1070[0m - [34m[1mCopying /gcp-public-data-arco-era5/ar/full_37-1h-0p25deg-chunk-1.zarr-v3/vertical_velocity/700224.0.0.0 to local cache[0m
[32m2026-07-15 16:02:08.713[0m | [34m[1mDEBUG   [0m | [36mearth2studio.data.utils[0m:[36m_make_local_details[0m:[36m1070[0m - [34m[1mCopying /gcp-public-data-arco-era5/ar/full_37-1h-0p25deg-chunk-1.zarr-v3/geopotential/700224.0.0.0 to local cache[0m
[32m2026-07-15 16:02:08.715[0m | [34m[1mDEBUG   [0m | [36mearth2studio.data.utils[0m:[36m_make_local_details[0m:[36m1070[0m - [34m[1mCopying /gcp-public-data-arco-era5/ar/full_37-1h-0p25deg-chunk-1.zarr-v3/2m_dewpoint_temperature/700224.0.0 to local cache[0m
[32m2026-07-15 16:02:08.715[0m | [34m[1mDEBUG   [0m | [36mearth2studio.data.utils[0m:[36m_make_local_details[0m:[36m1070[0m - [34m[1mCopying /gcp-public-data-arco-era5/ar/full_37-1h-0p25deg-chunk-1.zarr-v3/2m_temperature/700224.0.0 to local cache[0m
[32m2026-07-15 16:02:08.717[0m | [34m[1mDEBUG   [0m | [36mearth2studio.data.utils[0m:[36m_make_local_details[0m:[36m1070[0m - [34m[1mCopying /gcp-public-data-arco-era5/ar/full_37-1h-0p25deg-chunk-1.zarr-v3/skin_temperature/700224.0.0 to local cache[0m
[32m2026-07-15 16:02:08.719[0m | [34m[1mDEBUG   [0m | [36mearth2studio.data.utils[0m:[36m_make_local_details[0m:[36m1070[0m - [34m[1mCopying /gcp-public-data-arco-era5/ar/full_37-1h-0p25deg-chunk-1.zarr-v3/soil_temperature_level_1/700224.0.0 to local cache[0m
[32m2026-07-15 16:02:08.721[0m | [34m[1mDEBUG   [0m | [36mearth2studio.data.utils[0m:[36m_make_local_details[0m:[36m1070[0m - [34m[1mCopying /gcp-public-data-arco-era5/ar/full_37-1h-0p25deg-chunk-1.zarr-v3/temperature/700224.0.0.0 to local cache[0m
[32m2026-07-15 16:02:08.722[0m | [34m[1mDEBUG   [0m | [36mearth2studio.data.utils[0m:[36m_make_local_details[0m:[36m1070[0m - [34m[1mCopying /gcp-public-data-arco-era5/ar/full_37-1h-0p25deg-chunk-1.zarr-v3/v_component_of_wind/700224.0.0.0 to local cache[0m
[32m2026-07-15 16:02:08.724[0m | [34m[1mDEBUG   [0m | [36mearth2studio.data.utils[0m:[36m_make_local_details[0m:[36m1070[0m - [34m[1mCopying /gcp-public-data-arco-era5/ar/full_37-1h-0p25deg-chunk-1.zarr-v3/surface_pressure/700224.0.0 to local cache[0m
[32m2026-07-15 16:02:08.726[0m | [34m[1mDEBUG   [0m | [36mearth2studio.data.utils[0m:[36m_make_local_details[0m:[36m1070[0m - [34m[1mCopying /gcp-public-data-arco-era5/ar/full_37-1h-0p25deg-chunk-1.zarr-v3/soil_temperature_level_2/700224.0.0 to local cache[0m
[32m2026-07-15 16:02:08.733[0m | [34m[1mDEBUG   [0m | [36mearth2studio.data.utils[0m:[36m_make_local_details[0m:[36m1070[0m - [34m[1mCopying /gcp-public-data-arco-era5/ar/full_37-1h-0p25deg-chunk-1.zarr-v3/u_component_of_wind/700224.0.0.0 to local cache[0m
[32m2026-07-15 16:02:14.355[0m | [34m[1mDEBUG   [0m | [36mearth2studio.data.utils[0m:[36m_make_local_details[0m:[36m1070[0m - [34m[1mCopying /gcp-public-data-arco-era5/ar/full_37-1h-0p25deg-chunk-1.zarr-v3/u_component_of_wind/700230.0.0.0 to local cache[0m
[32m2026-07-15 16:02:14.357[0m | [34m[1mDEBUG   [0m | [36mearth2studio.data.utils[0m:[36m_make_local_details[0m:[36m1070[0m - [34m[1mCopying /gcp-public-data-arco-era5/ar/full_37-1h-0p25deg-chunk-1.zarr-v3/v_component_of_wind/700230.0.0.0 to local cache[0m
[32m2026-07-15 16:02:14.359[0m | [34m[1mDEBUG   [0m | [36mearth2studio.data.utils[0m:[36m_make_local_details[0m:[36m1070[0m - [34m[1mCopying /gcp-public-data-arco-era5/ar/full_37-1h-0p25deg-chunk-1.zarr-v3/2m_dewpoint_temperature/700230.0.0 to local cache[0m
[32m2026-07-15 16:02:14.359[0m | [34m[1mDEBUG   [0m | [36mearth2studio.data.utils[0m:[36m_make_local_details[0m:[36m1070[0m - [34m[1mCopying /gcp-public-data-arco-era5/ar/full_37-1h-0p25deg-chunk-1.zarr-v3/surface_pressure/700230.0.0 to local cache[0m
[32m2026-07-15 16:02:14.363[0m | [34m[1mDEBUG   [0m | [36mearth2studio.data.utils[0m:[36m_make_local_details[0m:[36m1070[0m - [34m[1mCopying /gcp-public-data-arco-era5/ar/full_37-1h-0p25deg-chunk-1.zarr-v3/10m_u_component_of_wind/700230.0.0 to local cache[0m
[32m2026-07-15 16:02:14.365[0m | [34m[1mDEBUG   [0m | [36mearth2studio.data.utils[0m:[36m_make_local_details[0m:[36m1070[0m - [34m[1mCopying /gcp-public-data-arco-era5/ar/full_37-1h-0p25deg-chunk-1.zarr-v3/geopotential/700230.0.0.0 to local cache[0m
[32m2026-07-15 16:02:14.367[0m | [34m[1mDEBUG   [0m | [36mearth2studio.data.utils[0m:[36m_make_local_details[0m:[36m1070[0m - [34m[1mCopying /gcp-public-data-arco-era5/ar/full_37-1h-0p25deg-chunk-1.zarr-v3/temperature/700230.0.0.0 to local cache[0m
[32m2026-07-15 16:02:14.367[0m | [34m[1mDEBUG   [0m | [36mearth2studio.data.utils[0m:[36m_make_local_details[0m:[36m1070[0m - [34m[1mCopying /gcp-public-data-arco-era5/ar/full_37-1h-0p25deg-chunk-1.zarr-v3/skin_temperature/700230.0.0 to local cache[0m
[32m2026-07-15 16:02:14.371[0m | [34m[1mDEBUG   [0m | [36mearth2studio.data.utils[0m:[36m_make_local_details[0m:[36m1070[0m - [34m[1mCopying /gcp-public-data-arco-era5/ar/full_37-1h-0p25deg-chunk-1.zarr-v3/soil_temperature_level_1/700230.0.0 to local cache[0m
[32m2026-07-15 16:02:14.439[0m | [34m[1mDEBUG   [0m | [36mearth2studio.data.utils[0m:[36m_make_local_details[0m:[36m1070[0m - [34m[1mCopying /gcp-public-data-arco-era5/ar/full_37-1h-0p25deg-chunk-1.zarr-v3/2m_temperature/700230.0.0 to local cache[0m
[32m2026-07-15 16:02:14.446[0m | [34m[1mDEBUG   [0m | [36mearth2studio.data.utils[0m:[36m_make_local_details[0m:[36m1070[0m - [34m[1mCopying /gcp-public-data-arco-era5/ar/full_37-1h-0p25deg-chunk-1.zarr-v3/vertical_velocity/700230.0.0.0 to local cache[0m
[32m2026-07-15 16:02:14.456[0m | [34m[1mDEBUG   [0m | [36mearth2studio.data.utils[0m:[36m_make_local_details[0m:[36m1070[0m - [34m[1mCopying /gcp-public-data-arco-era5/ar/full_37-1h-0p25deg-chunk-1.zarr-v3/soil_temperature_level_2/700230.0.0 to local cache[0m
[32m2026-07-15 16:02:14.457[0m | [34m[1mDEBUG   [0m | [36mearth2studio.data.utils[0m:[36m_make_local_details[0m:[36m1070[0m - [34m[1mCopying /gcp-public-data-arco-era5/ar/full_37-1h-0p25deg-chunk-1.zarr-v3/volumetric_soil_water_layer_1/700230.0.0 to local cache[0m
[32m2026-07-15 16:02:14.459[0m | [34m[1mDEBUG   [0m | [36mearth2studio.data.utils[0m:[36m_make_local_details[0m:[36m1070[0m - [34m[1mCopying /gcp-public-data-arco-era5/ar/full_37-1h-0p25deg-chunk-1.zarr-v3/10m_v_component_of_wind/700230.0.0 to local cache[0m
[32m2026-07-15 16:02:14.463[0m | [34m[1mDEBUG   [0m | [36mearth2studio.data.utils[0m:[36m_make_local_details[0m:[36m1070[0m - [34m[1mCopying /gcp-public-data-arco-era5/ar/full_37-1h-0p25deg-chunk-1.zarr-v3/mean_sea_level_pressure/700230.0.0 to local cache[0m
[32m2026-07-15 16:02:14.464[0m | [34m[1mDEBUG   [0m | [36mearth2studio.data.utils[0m:[36m_make_local_details[0m:[36m1070[0m - [34m[1mCopying /gcp-public-data-arco-era5/ar/full_37-1h-0p25deg-chunk-1.zarr-v3/specific_humidity/700230.0.0.0 to local cache[0m
[32m2026-07-15 16:02:14.464[0m | [34m[1mDEBUG   [0m | [36mearth2studio.data.utils[0m:[36m_make_local_details[0m:[36m1070[0m - [34m[1mCopying /gcp-public-data-arco-era5/ar/full_37-1h-0p25deg-chunk-1.zarr-v3/volumetric_soil_water_layer_2/700230.0.0 to local cache[0m
[32m2026-07-15 16:02:14.551[0m | [34m[1mDEBUG   [0m | [36mearth2studio.data.utils[0m:[36m_make_local_details[0m:[36m1070[0m - [34m[1mCopying /gcp-public-data-arco-era5/ar/full_37-1h-0p25deg-chunk-1.zarr-v3/total_column_water/700230.0.0 to local cache[0m
target_step 14: sum=3.0780e-02
Saved /cluster/projects/nn12107k/robin/earth2studio/aifs_attributions_vestlandet/aifs_ig_attributions_vestlandet_init1979-11-19T06_target1979-11-23T00.nc
Cleaned up temporary input data cache: /cluster/projects/nn12107k/robin/e2s_data_cache_bu61ngbe
Init: 1979-11-19 12:00:00 -> target valid time 1979-11-23 00:00:00 (14 steps, target_step=13)
[32m2026-07-15 16:07:12.075[0m | [34m[1mDEBUG   [0m | [36mearth2studio.data.utils[0m:[36m_make_local_details[0m:[36m1070[0m - [34m[1mCopying /gcp-public-data-arco-era5/ar/full_37-1h-0p25deg-chunk-1.zarr-v3/.zattrs to local cache[0m
[32m2026-07-15 16:07:12.989[0m | [34m[1mDEBUG   [0m | [36mearth2studio.data.utils[0m:[36m_make_local_details[0m:[36m1070[0m - [34m[1mCopying /gcp-public-data-arco-era5/ar/full_37-1h-0p25deg-chunk-1.zarr-v3/.zgroup to local cache[0m
[32m2026-07-15 16:07:13.076[0m | [34m[1mDEBUG   [0m | [36mearth2studio.data.utils[0m:[36m_make_local_details[0m:[36m1070[0m - [34m[1mCopying /gcp-public-data-arco-era5/ar/full_37-1h-0p25deg-chunk-1.zarr-v3/.zmetadata to local cache[0m
[32m2026-07-15 16:07:13.415[0m | [34m[1mDEBUG   [0m | [36mearth2studio.data.utils[0m:[36m_make_local_details[0m:[36m1070[0m - [34m[1mCopying /gcp-public-data-arco-era5/ar/full_37-1h-0p25deg-chunk-1.zarr-v3/level/0 to local cache[0m
[32m2026-07-15 16:07:13.689[0m | [34m[1mDEBUG   [0m | [36mearth2studio.data.utils[0m:[36m_make_local_details[0m:[36m1070[0m - [34m[1mCopying /gcp-public-data-arco-era5/ar/model-level-1h-0p25deg.zarr-v1/.zattrs to local cache[0m
[32m2026-07-15 16:07:14.083[0m | [34m[1mDEBUG   [0m | [36mearth2studio.data.utils[0m:[36m_make_local_details[0m:[36m1070[0m - [34m[1mCopying /gcp-public-data-arco-era5/ar/model-level-1h-0p25deg.zarr-v1/.zmetadata to local cache[0m
[32m2026-07-15 16:07:14.083[0m | [34m[1mDEBUG   [0m | [36mearth2studio.data.utils[0m:[36m_make_local_details[0m:[36m1070[0m - [34m[1mCopying /gcp-public-data-arco-era5/ar/model-level-1h-0p25deg.zarr-v1/.zgroup to local cache[0m
[32m2026-07-15 16:07:14.425[0m | [34m[1mDEBUG   [0m | [36mearth2studio.data.utils[0m:[36m_make_local_details[0m:[36m1070[0m - [34m[1mCopying /gcp-public-data-arco-era5/ar/model-level-1h-0p25deg.zarr-v1/hybrid/0 to local cache[0m
[32m2026-07-15 16:07:14.648[0m | [34m[1mDEBUG   [0m | [36mearth2studio.data.utils[0m:[36m_make_local_details[0m:[36m1070[0m - [34m[1mCopying /gcp-public-data-arco-era5/ar/full_37-1h-0p25deg-chunk-1.zarr-v3/vertical_velocity/700230.0.0.0 to local cache[0m
[32m2026-07-15 16:07:14.691[0m | [34m[1mDEBUG   [0m | [36mearth2studio.data.utils[0m:[36m_make_local_details[0m:[36m1070[0m - [34m[1mCopying /gcp-public-data-arco-era5/ar/full_37-1h-0p25deg-chunk-1.zarr-v3/soil_temperature_level_1/700230.0.0 to local cache[0m
[32m2026-07-15 16:07:14.712[0m | [34m[1mDEBUG   [0m | [36mearth2studio.data.utils[0m:[36m_make_local_details[0m:[36m1070[0m - [34m[1mCopying /gcp-public-data-arco-era5/ar/full_37-1h-0p25deg-chunk-1.zarr-v3/10m_u_component_of_wind/700230.0.0 to local cache[0m
[32m2026-07-15 16:07:14.725[0m | [34m[1mDEBUG   [0m | [36mearth2studio.data.utils[0m:[36m_make_local_details[0m:[36m1070[0m - [34m[1mCopying /gcp-public-data-arco-era5/ar/full_37-1h-0p25deg-chunk-1.zarr-v3/temperature/700230.0.0.0 to local cache[0m
[32m2026-07-15 16:07:14.731[0m | [34m[1mDEBUG   [0m | [36mearth2studio.data.utils[0m:[36m_make_local_details[0m:[36m1070[0m - [34m[1mCopying /gcp-public-data-arco-era5/ar/full_37-1h-0p25deg-chunk-1.zarr-v3/2m_dewpoint_temperature/700230.0.0 to local cache[0m
[32m2026-07-15 16:07:14.735[0m | [34m[1mDEBUG   [0m | [36mearth2studio.data.utils[0m:[36m_make_local_details[0m:[36m1070[0m - [34m[1mCopying /gcp-public-data-arco-era5/ar/full_37-1h-0p25deg-chunk-1.zarr-v3/volumetric_soil_water_layer_1/700230.0.0 to local cache[0m
[32m2026-07-15 16:07:14.744[0m | [34m[1mDEBUG   [0m | [36mearth2studio.data.utils[0m:[36m_make_local_details[0m:[36m1070[0m - [34m[1mCopying /gcp-public-data-arco-era5/ar/full_37-1h-0p25deg-chunk-1.zarr-v3/volumetric_soil_water_layer_2/700230.0.0 to local cache[0m
[32m2026-07-15 16:07:14.745[0m | [34m[1mDEBUG   [0m | [36mearth2studio.data.utils[0m:[36m_make_local_details[0m:[36m1070[0m - [34m[1mCopying /gcp-public-data-arco-era5/ar/full_37-1h-0p25deg-chunk-1.zarr-v3/total_column_water/700230.0.0 to local cache[0m
[32m2026-07-15 16:07:14.747[0m | [34m[1mDEBUG   [0m | [36mearth2studio.data.utils[0m:[36m_make_local_details[0m:[36m1070[0m - [34m[1mCopying /gcp-public-data-arco-era5/ar/full_37-1h-0p25deg-chunk-1.zarr-v3/u_component_of_wind/700230.0.0.0 to local cache[0m
[32m2026-07-15 16:07:14.749[0m | [34m[1mDEBUG   [0m | [36mearth2studio.data.utils[0m:[36m_make_local_details[0m:[36m1070[0m - [34m[1mCopying /gcp-public-data-arco-era5/ar/full_37-1h-0p25deg-chunk-1.zarr-v3/v_component_of_wind/700230.0.0.0 to local cache[0m
[32m2026-07-15 16:07:14.751[0m | [34m[1mDEBUG   [0m | [36mearth2studio.data.utils[0m:[36m_make_local_details[0m:[36m1070[0m - [34m[1mCopying /gcp-public-data-arco-era5/ar/full_37-1h-0p25deg-chunk-1.zarr-v3/mean_sea_level_pressure/700230.0.0 to local cache[0m
[32m2026-07-15 16:07:14.752[0m | [34m[1mDEBUG   [0m | [36mearth2studio.data.utils[0m:[36m_make_local_details[0m:[36m1070[0m - [34m[1mCopying /gcp-public-data-arco-era5/ar/full_37-1h-0p25deg-chunk-1.zarr-v3/geopotential/700230.0.0.0 to local cache[0m
[32m2026-07-15 16:07:14.753[0m | [34m[1mDEBUG   [0m | [36mearth2studio.data.utils[0m:[36m_make_local_details[0m:[36m1070[0m - [34m[1mCopying /gcp-public-data-arco-era5/ar/full_37-1h-0p25deg-chunk-1.zarr-v3/surface_pressure/700230.0.0 to local cache[0m
[32m2026-07-15 16:07:14.756[0m | [34m[1mDEBUG   [0m | [36mearth2studio.data.utils[0m:[36m_make_local_details[0m:[36m1070[0m - [34m[1mCopying /gcp-public-data-arco-era5/ar/full_37-1h-0p25deg-chunk-1.zarr-v3/specific_humidity/700230.0.0.0 to local cache[0m
[32m2026-07-15 16:07:14.763[0m | [34m[1mDEBUG   [0m | [36mearth2studio.data.utils[0m:[36m_make_local_details[0m:[36m1070[0m - [34m[1mCopying /gcp-public-data-arco-era5/ar/full_37-1h-0p25deg-chunk-1.zarr-v3/10m_v_component_of_wind/700230.0.0 to local cache[0m
[32m2026-07-15 16:07:14.764[0m | [34m[1mDEBUG   [0m | [36mearth2studio.data.utils[0m:[36m_make_local_details[0m:[36m1070[0m - [34m[1mCopying /gcp-public-data-arco-era5/ar/full_37-1h-0p25deg-chunk-1.zarr-v3/soil_temperature_level_2/700230.0.0 to local cache[0m
[32m2026-07-15 16:07:14.786[0m | [34m[1mDEBUG   [0m | [36mearth2studio.data.utils[0m:[36m_make_local_details[0m:[36m1070[0m - [34m[1mCopying /gcp-public-data-arco-era5/ar/full_37-1h-0p25deg-chunk-1.zarr-v3/skin_temperature/700230.0.0 to local cache[0m
[32m2026-07-15 16:07:14.859[0m | [34m[1mDEBUG   [0m | [36mearth2studio.data.utils[0m:[36m_make_local_details[0m:[36m1070[0m - [34m[1mCopying /gcp-public-data-arco-era5/ar/full_37-1h-0p25deg-chunk-1.zarr-v3/2m_temperature/700230.0.0 to local cache[0m
[32m2026-07-15 16:07:20.441[0m | [34m[1mDEBUG   [0m | [36mearth2studio.data.utils[0m:[36m_make_local_details[0m:[36m1070[0m - [34m[1mCopying /gcp-public-data-arco-era5/ar/full_37-1h-0p25deg-chunk-1.zarr-v3/soil_temperature_level_1/700236.0.0 to local cache[0m
[32m2026-07-15 16:07:20.444[0m | [34m[1mDEBUG   [0m | [36mearth2studio.data.utils[0m:[36m_make_local_details[0m:[36m1070[0m - [34m[1mCopying /gcp-public-data-arco-era5/ar/full_37-1h-0p25deg-chunk-1.zarr-v3/10m_v_component_of_wind/700236.0.0 to local cache[0m
[32m2026-07-15 16:07:20.446[0m | [34m[1mDEBUG   [0m | [36mearth2studio.data.utils[0m:[36m_make_local_details[0m:[36m1070[0m - [34m[1mCopying /gcp-public-data-arco-era5/ar/full_37-1h-0p25deg-chunk-1.zarr-v3/specific_humidity/700236.0.0.0 to local cache[0m
[32m2026-07-15 16:07:20.448[0m | [34m[1mDEBUG   [0m | [36mearth2studio.data.utils[0m:[36m_make_local_details[0m:[36m1070[0m - [34m[1mCopying /gcp-public-data-arco-era5/ar/full_37-1h-0p25deg-chunk-1.zarr-v3/volumetric_soil_water_layer_2/700236.0.0 to local cache[0m
[32m2026-07-15 16:07:20.451[0m | [34m[1mDEBUG   [0m | [36mearth2studio.data.utils[0m:[36m_make_local_details[0m:[36m1070[0m - [34m[1mCopying /gcp-public-data-arco-era5/ar/full_37-1h-0p25deg-chunk-1.zarr-v3/soil_temperature_level_2/700236.0.0 to local cache[0m
[32m2026-07-15 16:07:20.456[0m | [34m[1mDEBUG   [0m | [36mearth2studio.data.utils[0m:[36m_make_local_details[0m:[36m1070[0m - [34m[1mCopying /gcp-public-data-arco-era5/ar/full_37-1h-0p25deg-chunk-1.zarr-v3/2m_temperature/700236.0.0 to local cache[0m
[32m2026-07-15 16:07:20.457[0m | [34m[1mDEBUG   [0m | [36mearth2studio.data.utils[0m:[36m_make_local_details[0m:[36m1070[0m - [34m[1mCopying /gcp-public-data-arco-era5/ar/full_37-1h-0p25deg-chunk-1.zarr-v3/volumetric_soil_water_layer_1/700236.0.0 to local cache[0m
[32m2026-07-15 16:07:20.521[0m | [34m[1mDEBUG   [0m | [36mearth2studio.data.utils[0m:[36m_make_local_details[0m:[36m1070[0m - [34m[1mCopying /gcp-public-data-arco-era5/ar/full_37-1h-0p25deg-chunk-1.zarr-v3/total_column_water/700236.0.0 to local cache[0m
[32m2026-07-15 16:07:20.533[0m | [34m[1mDEBUG   [0m | [36mearth2studio.data.utils[0m:[36m_make_local_details[0m:[36m1070[0m - [34m[1mCopying /gcp-public-data-arco-era5/ar/full_37-1h-0p25deg-chunk-1.zarr-v3/2m_dewpoint_temperature/700236.0.0 to local cache[0m
[32m2026-07-15 16:07:20.536[0m | [34m[1mDEBUG   [0m | [36mearth2studio.data.utils[0m:[36m_make_local_details[0m:[36m1070[0m - [34m[1mCopying /gcp-public-data-arco-era5/ar/full_37-1h-0p25deg-chunk-1.zarr-v3/geopotential/700236.0.0.0 to local cache[0m
[32m2026-07-15 16:07:20.537[0m | [34m[1mDEBUG   [0m | [36mearth2studio.data.utils[0m:[36m_make_local_details[0m:[36m1070[0m - [34m[1mCopying /gcp-public-data-arco-era5/ar/full_37-1h-0p25deg-chunk-1.zarr-v3/vertical_velocity/700236.0.0.0 to local cache[0m
[32m2026-07-15 16:07:20.539[0m | [34m[1mDEBUG   [0m | [36mearth2studio.data.utils[0m:[36m_make_local_details[0m:[36m1070[0m - [34m[1mCopying /gcp-public-data-arco-era5/ar/full_37-1h-0p25deg-chunk-1.zarr-v3/temperature/700236.0.0.0 to local cache[0m
[32m2026-07-15 16:07:20.541[0m | [34m[1mDEBUG   [0m | [36mearth2studio.data.utils[0m:[36m_make_local_details[0m:[36m1070[0m - [34m[1mCopying /gcp-public-data-arco-era5/ar/full_37-1h-0p25deg-chunk-1.zarr-v3/u_component_of_wind/700236.0.0.0 to local cache[0m
[32m2026-07-15 16:07:20.564[0m | [34m[1mDEBUG   [0m | [36mearth2studio.data.utils[0m:[36m_make_local_details[0m:[36m1070[0m - [34m[1mCopying /gcp-public-data-arco-era5/ar/full_37-1h-0p25deg-chunk-1.zarr-v3/surface_pressure/700236.0.0 to local cache[0m
[32m2026-07-15 16:07:20.565[0m | [34m[1mDEBUG   [0m | [36mearth2studio.data.utils[0m:[36m_make_local_details[0m:[36m1070[0m - [34m[1mCopying /gcp-public-data-arco-era5/ar/full_37-1h-0p25deg-chunk-1.zarr-v3/mean_sea_level_pressure/700236.0.0 to local cache[0m
[32m2026-07-15 16:07:20.719[0m | [34m[1mDEBUG   [0m | [36mearth2studio.data.utils[0m:[36m_make_local_details[0m:[36m1070[0m - [34m[1mCopying /gcp-public-data-arco-era5/ar/full_37-1h-0p25deg-chunk-1.zarr-v3/skin_temperature/700236.0.0 to local cache[0m
[32m2026-07-15 16:07:20.729[0m | [34m[1mDEBUG   [0m | [36mearth2studio.data.utils[0m:[36m_make_local_details[0m:[36m1070[0m - [34m[1mCopying /gcp-public-data-arco-era5/ar/full_37-1h-0p25deg-chunk-1.zarr-v3/v_component_of_wind/700236.0.0.0 to local cache[0m
[32m2026-07-15 16:07:20.936[0m | [34m[1mDEBUG   [0m | [36mearth2studio.data.utils[0m:[36m_make_local_details[0m:[36m1070[0m - [34m[1mCopying /gcp-public-data-arco-era5/ar/full_37-1h-0p25deg-chunk-1.zarr-v3/10m_u_component_of_wind/700236.0.0 to local cache[0m
target_step 13: sum=-9.9737e-03
Saved /cluster/projects/nn12107k/robin/earth2studio/aifs_attributions_vestlandet/aifs_ig_attributions_vestlandet_init1979-11-19T12_target1979-11-23T00.nc
Cleaned up temporary input data cache: /cluster/projects/nn12107k/robin/e2s_data_cache_rapj6xsp
Init: 1979-11-19 18:00:00 -> target valid time 1979-11-23 00:00:00 (13 steps, target_step=12)
[32m2026-07-15 16:11:58.878[0m | [34m[1mDEBUG   [0m | [36mearth2studio.data.utils[0m:[36m_make_local_details[0m:[36m1070[0m - [34m[1mCopying /gcp-public-data-arco-era5/ar/full_37-1h-0p25deg-chunk-1.zarr-v3/.zattrs to local cache[0m
[32m2026-07-15 16:11:59.987[0m | [34m[1mDEBUG   [0m | [36mearth2studio.data.utils[0m:[36m_make_local_details[0m:[36m1070[0m - [34m[1mCopying /gcp-public-data-arco-era5/ar/full_37-1h-0p25deg-chunk-1.zarr-v3/.zgroup to local cache[0m
[32m2026-07-15 16:12:00.001[0m | [34m[1mDEBUG   [0m | [36mearth2studio.data.utils[0m:[36m_make_local_details[0m:[36m1070[0m - [34m[1mCopying /gcp-public-data-arco-era5/ar/full_37-1h-0p25deg-chunk-1.zarr-v3/.zmetadata to local cache[0m
[32m2026-07-15 16:12:00.409[0m | [34m[1mDEBUG   [0m | [36mearth2studio.data.utils[0m:[36m_make_local_details[0m:[36m1070[0m - [34m[1mCopying /gcp-public-data-arco-era5/ar/full_37-1h-0p25deg-chunk-1.zarr-v3/level/0 to local cache[0m
[32m2026-07-15 16:12:00.681[0m | [34m[1mDEBUG   [0m | [36mearth2studio.data.utils[0m:[36m_make_local_details[0m:[36m1070[0m - [34m[1mCopying /gcp-public-data-arco-era5/ar/model-level-1h-0p25deg.zarr-v1/.zattrs to local cache[0m
[32m2026-07-15 16:12:01.019[0m | [34m[1mDEBUG   [0m | [36mearth2studio.data.utils[0m:[36m_make_local_details[0m:[36m1070[0m - [34m[1mCopying /gcp-public-data-arco-era5/ar/model-level-1h-0p25deg.zarr-v1/.zgroup to local cache[0m
[32m2026-07-15 16:12:01.021[0m | [34m[1mDEBUG   [0m | [36mearth2studio.data.utils[0m:[36m_make_local_details[0m:[36m1070[0m - [34m[1mCopying /gcp-public-data-arco-era5/ar/model-level-1h-0p25deg.zarr-v1/.zmetadata to local cache[0m
[32m2026-07-15 16:12:01.330[0m | [34m[1mDEBUG   [0m | [36mearth2studio.data.utils[0m:[36m_make_local_details[0m:[36m1070[0m - [34m[1mCopying /gcp-public-data-arco-era5/ar/model-level-1h-0p25deg.zarr-v1/hybrid/0 to local cache[0m
[32m2026-07-15 16:12:01.548[0m | [34m[1mDEBUG   [0m | [36mearth2studio.data.utils[0m:[36m_make_local_details[0m:[36m1070[0m - [34m[1mCopying /gcp-public-data-arco-era5/ar/full_37-1h-0p25deg-chunk-1.zarr-v3/2m_temperature/700236.0.0 to local cache[0m
[32m2026-07-15 16:12:01.586[0m | [34m[1mDEBUG   [0m | [36mearth2studio.data.utils[0m:[36m_make_local_details[0m:[36m1070[0m - [34m[1mCopying /gcp-public-data-arco-era5/ar/full_37-1h-0p25deg-chunk-1.zarr-v3/v_component_of_wind/700236.0.0.0 to local cache[0m
[32m2026-07-15 16:12:01.617[0m | [34m[1mDEBUG   [0m | [36mearth2studio.data.utils[0m:[36m_make_local_details[0m:[36m1070[0m - [34m[1mCopying /gcp-public-data-arco-era5/ar/full_37-1h-0p25deg-chunk-1.zarr-v3/10m_u_component_of_wind/700236.0.0 to local cache[0m
[32m2026-07-15 16:12:01.622[0m | [34m[1mDEBUG   [0m | [36mearth2studio.data.utils[0m:[36m_make_local_details[0m:[36m1070[0m - [34m[1mCopying /gcp-public-data-arco-era5/ar/full_37-1h-0p25deg-chunk-1.zarr-v3/temperature/700236.0.0.0 to local cache[0m
[32m2026-07-15 16:12:01.626[0m | [34m[1mDEBUG   [0m | [36mearth2studio.data.utils[0m:[36m_make_local_details[0m:[36m1070[0m - [34m[1mCopying /gcp-public-data-arco-era5/ar/full_37-1h-0p25deg-chunk-1.zarr-v3/geopotential/700236.0.0.0 to local cache[0m
[32m2026-07-15 16:12:01.629[0m | [34m[1mDEBUG   [0m | [36mearth2studio.data.utils[0m:[36m_make_local_details[0m:[36m1070[0m - [34m[1mCopying /gcp-public-data-arco-era5/ar/full_37-1h-0p25deg-chunk-1.zarr-v3/soil_temperature_level_1/700236.0.0 to local cache[0m
[32m2026-07-15 16:12:01.651[0m | [34m[1mDEBUG   [0m | [36mearth2studio.data.utils[0m:[36m_make_local_details[0m:[36m1070[0m - [34m[1mCopying /gcp-public-data-arco-era5/ar/full_37-1h-0p25deg-chunk-1.zarr-v3/2m_dewpoint_temperature/700236.0.0 to local cache[0m
[32m2026-07-15 16:12:01.652[0m | [34m[1mDEBUG   [0m | [36mearth2studio.data.utils[0m:[36m_make_local_details[0m:[36m1070[0m - [34m[1mCopying /gcp-public-data-arco-era5/ar/full_37-1h-0p25deg-chunk-1.zarr-v3/surface_pressure/700236.0.0 to local cache[0m
[32m2026-07-15 16:12:01.654[0m | [34m[1mDEBUG   [0m | [36mearth2studio.data.utils[0m:[36m_make_local_details[0m:[36m1070[0m - [34m[1mCopying /gcp-public-data-arco-era5/ar/full_37-1h-0p25deg-chunk-1.zarr-v3/u_component_of_wind/700236.0.0.0 to local cache[0m
[32m2026-07-15 16:12:01.655[0m | [34m[1mDEBUG   [0m | [36mearth2studio.data.utils[0m:[36m_make_local_details[0m:[36m1070[0m - [34m[1mCopying /gcp-public-data-arco-era5/ar/full_37-1h-0p25deg-chunk-1.zarr-v3/skin_temperature/700236.0.0 to local cache[0m
[32m2026-07-15 16:12:01.656[0m | [34m[1mDEBUG   [0m | [36mearth2studio.data.utils[0m:[36m_make_local_details[0m:[36m1070[0m - [34m[1mCopying /gcp-public-data-arco-era5/ar/full_37-1h-0p25deg-chunk-1.zarr-v3/total_column_water/700236.0.0 to local cache[0m
[32m2026-07-15 16:12:01.658[0m | [34m[1mDEBUG   [0m | [36mearth2studio.data.utils[0m:[36m_make_local_details[0m:[36m1070[0m - [34m[1mCopying /gcp-public-data-arco-era5/ar/full_37-1h-0p25deg-chunk-1.zarr-v3/specific_humidity/700236.0.0.0 to local cache[0m
[32m2026-07-15 16:12:01.658[0m | [34m[1mDEBUG   [0m | [36mearth2studio.data.utils[0m:[36m_make_local_details[0m:[36m1070[0m - [34m[1mCopying /gcp-public-data-arco-era5/ar/full_37-1h-0p25deg-chunk-1.zarr-v3/volumetric_soil_water_layer_1/700236.0.0 to local cache[0m
[32m2026-07-15 16:12:01.665[0m | [34m[1mDEBUG   [0m | [36mearth2studio.data.utils[0m:[36m_make_local_details[0m:[36m1070[0m - [34m[1mCopying /gcp-public-data-arco-era5/ar/full_37-1h-0p25deg-chunk-1.zarr-v3/mean_sea_level_pressure/700236.0.0 to local cache[0m
[32m2026-07-15 16:12:01.675[0m | [34m[1mDEBUG   [0m | [36mearth2studio.data.utils[0m:[36m_make_local_details[0m:[36m1070[0m - [34m[1mCopying /gcp-public-data-arco-era5/ar/full_37-1h-0p25deg-chunk-1.zarr-v3/soil_temperature_level_2/700236.0.0 to local cache[0m
[32m2026-07-15 16:12:01.684[0m | [34m[1mDEBUG   [0m | [36mearth2studio.data.utils[0m:[36m_make_local_details[0m:[36m1070[0m - [34m[1mCopying /gcp-public-data-arco-era5/ar/full_37-1h-0p25deg-chunk-1.zarr-v3/10m_v_component_of_wind/700236.0.0 to local cache[0m
[32m2026-07-15 16:12:01.689[0m | [34m[1mDEBUG   [0m | [36mearth2studio.data.utils[0m:[36m_make_local_details[0m:[36m1070[0m - [34m[1mCopying /gcp-public-data-arco-era5/ar/full_37-1h-0p25deg-chunk-1.zarr-v3/vertical_velocity/700236.0.0.0 to local cache[0m
[32m2026-07-15 16:12:01.714[0m | [34m[1mDEBUG   [0m | [36mearth2studio.data.utils[0m:[36m_make_local_details[0m:[36m1070[0m - [34m[1mCopying /gcp-public-data-arco-era5/ar/full_37-1h-0p25deg-chunk-1.zarr-v3/volumetric_soil_water_layer_2/700236.0.0 to local cache[0m
[32m2026-07-15 16:12:07.904[0m | [34m[1mDEBUG   [0m | [36mearth2studio.data.utils[0m:[36m_make_local_details[0m:[36m1070[0m - [34m[1mCopying /gcp-public-data-arco-era5/ar/full_37-1h-0p25deg-chunk-1.zarr-v3/geopotential/700242.0.0.0 to local cache[0m
[32m2026-07-15 16:12:07.906[0m | [34m[1mDEBUG   [0m | [36mearth2studio.data.utils[0m:[36m_make_local_details[0m:[36m1070[0m - [34m[1mCopying /gcp-public-data-arco-era5/ar/full_37-1h-0p25deg-chunk-1.zarr-v3/10m_u_component_of_wind/700242.0.0 to local cache[0m
[32m2026-07-15 16:12:07.907[0m | [34m[1mDEBUG   [0m | [36mearth2studio.data.utils[0m:[36m_make_local_details[0m:[36m1070[0m - [34m[1mCopying /gcp-public-data-arco-era5/ar/full_37-1h-0p25deg-chunk-1.zarr-v3/v_component_of_wind/700242.0.0.0 to local cache[0m
[32m2026-07-15 16:12:07.910[0m | [34m[1mDEBUG   [0m | [36mearth2studio.data.utils[0m:[36m_make_local_details[0m:[36m1070[0m - [34m[1mCopying /gcp-public-data-arco-era5/ar/full_37-1h-0p25deg-chunk-1.zarr-v3/total_column_water/700242.0.0 to local cache[0m
[32m2026-07-15 16:12:07.910[0m | [34m[1mDEBUG   [0m | [36mearth2studio.data.utils[0m:[36m_make_local_details[0m:[36m1070[0m - [34m[1mCopying /gcp-public-data-arco-era5/ar/full_37-1h-0p25deg-chunk-1.zarr-v3/2m_dewpoint_temperature/700242.0.0 to local cache[0m
[32m2026-07-15 16:12:07.920[0m | [34m[1mDEBUG   [0m | [36mearth2studio.data.utils[0m:[36m_make_local_details[0m:[36m1070[0m - [34m[1mCopying /gcp-public-data-arco-era5/ar/full_37-1h-0p25deg-chunk-1.zarr-v3/2m_temperature/700242.0.0 to local cache[0m
[32m2026-07-15 16:12:07.922[0m | [34m[1mDEBUG   [0m | [36mearth2studio.data.utils[0m:[36m_make_local_details[0m:[36m1070[0m - [34m[1mCopying /gcp-public-data-arco-era5/ar/full_37-1h-0p25deg-chunk-1.zarr-v3/temperature/700242.0.0.0 to local cache[0m
[32m2026-07-15 16:12:07.923[0m | [34m[1mDEBUG   [0m | [36mearth2studio.data.utils[0m:[36m_make_local_details[0m:[36m1070[0m - [34m[1mCopying /gcp-public-data-arco-era5/ar/full_37-1h-0p25deg-chunk-1.zarr-v3/soil_temperature_level_1/700242.0.0 to local cache[0m
[32m2026-07-15 16:12:07.936[0m | [34m[1mDEBUG   [0m | [36mearth2studio.data.utils[0m:[36m_make_local_details[0m:[36m1070[0m - [34m[1mCopying /gcp-public-data-arco-era5/ar/full_37-1h-0p25deg-chunk-1.zarr-v3/u_component_of_wind/700242.0.0.0 to local cache[0m
[32m2026-07-15 16:12:07.994[0m | [34m[1mDEBUG   [0m | [36mearth2studio.data.utils[0m:[36m_make_local_details[0m:[36m1070[0m - [34m[1mCopying /gcp-public-data-arco-era5/ar/full_37-1h-0p25deg-chunk-1.zarr-v3/volumetric_soil_water_layer_1/700242.0.0 to local cache[0m
[32m2026-07-15 16:12:07.996[0m | [34m[1mDEBUG   [0m | [36mearth2studio.data.utils[0m:[36m_make_local_details[0m:[36m1070[0m - [34m[1mCopying /gcp-public-data-arco-era5/ar/full_37-1h-0p25deg-chunk-1.zarr-v3/vertical_velocity/700242.0.0.0 to local cache[0m
[32m2026-07-15 16:12:08.000[0m | [34m[1mDEBUG   [0m | [36mearth2studio.data.utils[0m:[36m_make_local_details[0m:[36m1070[0m - [34m[1mCopying /gcp-public-data-arco-era5/ar/full_37-1h-0p25deg-chunk-1.zarr-v3/specific_humidity/700242.0.0.0 to local cache[0m
[32m2026-07-15 16:12:08.001[0m | [34m[1mDEBUG   [0m | [36mearth2studio.data.utils[0m:[36m_make_local_details[0m:[36m1070[0m - [34m[1mCopying /gcp-public-data-arco-era5/ar/full_37-1h-0p25deg-chunk-1.zarr-v3/mean_sea_level_pressure/700242.0.0 to local cache[0m
[32m2026-07-15 16:12:08.001[0m | [34m[1mDEBUG   [0m | [36mearth2studio.data.utils[0m:[36m_make_local_details[0m:[36m1070[0m - [34m[1mCopying /gcp-public-data-arco-era5/ar/full_37-1h-0p25deg-chunk-1.zarr-v3/surface_pressure/700242.0.0 to local cache[0m
[32m2026-07-15 16:12:08.004[0m | [34m[1mDEBUG   [0m | [36mearth2studio.data.utils[0m:[36m_make_local_details[0m:[36m1070[0m - [34m[1mCopying /gcp-public-data-arco-era5/ar/full_37-1h-0p25deg-chunk-1.zarr-v3/skin_temperature/700242.0.0 to local cache[0m
[32m2026-07-15 16:12:08.004[0m | [34m[1mDEBUG   [0m | [36mearth2studio.data.utils[0m:[36m_make_local_details[0m:[36m1070[0m - [34m[1mCopying /gcp-public-data-arco-era5/ar/full_37-1h-0p25deg-chunk-1.zarr-v3/soil_temperature_level_2/700242.0.0 to local cache[0m
[32m2026-07-15 16:12:08.004[0m | [34m[1mDEBUG   [0m | [36mearth2studio.data.utils[0m:[36m_make_local_details[0m:[36m1070[0m - [34m[1mCopying /gcp-public-data-arco-era5/ar/full_37-1h-0p25deg-chunk-1.zarr-v3/10m_v_component_of_wind/700242.0.0 to local cache[0m
[32m2026-07-15 16:12:08.006[0m | [34m[1mDEBUG   [0m | [36mearth2studio.data.utils[0m:[36m_make_local_details[0m:[36m1070[0m - [34m[1mCopying /gcp-public-data-arco-era5/ar/full_37-1h-0p25deg-chunk-1.zarr-v3/volumetric_soil_water_layer_2/700242.0.0 to local cache[0m
target_step 12: sum=1.6183e-03
Saved /cluster/projects/nn12107k/robin/earth2studio/aifs_attributions_vestlandet/aifs_ig_attributions_vestlandet_init1979-11-19T18_target1979-11-23T00.nc
Cleaned up temporary input data cache: /cluster/projects/nn12107k/robin/e2s_data_cache_mt5r5wp4
Init: 1979-11-20 00:00:00 -> target valid time 1979-11-23 00:00:00 (12 steps, target_step=11)
[32m2026-07-15 16:16:26.735[0m | [34m[1mDEBUG   [0m | [36mearth2studio.data.utils[0m:[36m_make_local_details[0m:[36m1070[0m - [34m[1mCopying /gcp-public-data-arco-era5/ar/full_37-1h-0p25deg-chunk-1.zarr-v3/.zattrs to local cache[0m
[32m2026-07-15 16:16:27.645[0m | [34m[1mDEBUG   [0m | [36mearth2studio.data.utils[0m:[36m_make_local_details[0m:[36m1070[0m - [34m[1mCopying /gcp-public-data-arco-era5/ar/full_37-1h-0p25deg-chunk-1.zarr-v3/.zgroup to local cache[0m
[32m2026-07-15 16:16:27.730[0m | [34m[1mDEBUG   [0m | [36mearth2studio.data.utils[0m:[36m_make_local_details[0m:[36m1070[0m - [34m[1mCopying /gcp-public-data-arco-era5/ar/full_37-1h-0p25deg-chunk-1.zarr-v3/.zmetadata to local cache[0m
[32m2026-07-15 16:16:28.158[0m | [34m[1mDEBUG   [0m | [36mearth2studio.data.utils[0m:[36m_make_local_details[0m:[36m1070[0m - [34m[1mCopying /gcp-public-data-arco-era5/ar/full_37-1h-0p25deg-chunk-1.zarr-v3/level/0 to local cache[0m
[32m2026-07-15 16:16:28.445[0m | [34m[1mDEBUG   [0m | [36mearth2studio.data.utils[0m:[36m_make_local_details[0m:[36m1070[0m - [34m[1mCopying /gcp-public-data-arco-era5/ar/model-level-1h-0p25deg.zarr-v1/.zattrs to local cache[0m
[32m2026-07-15 16:16:28.840[0m | [34m[1mDEBUG   [0m | [36mearth2studio.data.utils[0m:[36m_make_local_details[0m:[36m1070[0m - [34m[1mCopying /gcp-public-data-arco-era5/ar/model-level-1h-0p25deg.zarr-v1/.zmetadata to local cache[0m
[32m2026-07-15 16:16:28.863[0m | [34m[1mDEBUG   [0m | [36mearth2studio.data.utils[0m:[36m_make_local_details[0m:[36m1070[0m - [34m[1mCopying /gcp-public-data-arco-era5/ar/model-level-1h-0p25deg.zarr-v1/.zgroup to local cache[0m
[32m2026-07-15 16:16:29.238[0m | [34m[1mDEBUG   [0m | [36mearth2studio.data.utils[0m:[36m_make_local_details[0m:[36m1070[0m - [34m[1mCopying /gcp-public-data-arco-era5/ar/model-level-1h-0p25deg.zarr-v1/hybrid/0 to local cache[0m
[32m2026-07-15 16:16:29.452[0m | [34m[1mDEBUG   [0m | [36mearth2studio.data.utils[0m:[36m_make_local_details[0m:[36m1070[0m - [34m[1mCopying /gcp-public-data-arco-era5/ar/full_37-1h-0p25deg-chunk-1.zarr-v3/specific_humidity/700242.0.0.0 to local cache[0m
[32m2026-07-15 16:16:29.496[0m | [34m[1mDEBUG   [0m | [36mearth2studio.data.utils[0m:[36m_make_local_details[0m:[36m1070[0m - [34m[1mCopying /gcp-public-data-arco-era5/ar/full_37-1h-0p25deg-chunk-1.zarr-v3/surface_pressure/700242.0.0 to local cache[0m
[32m2026-07-15 16:16:29.540[0m | [34m[1mDEBUG   [0m | [36mearth2studio.data.utils[0m:[36m_make_local_details[0m:[36m1070[0m - [34m[1mCopying /gcp-public-data-arco-era5/ar/full_37-1h-0p25deg-chunk-1.zarr-v3/geopotential/700242.0.0.0 to local cache[0m
[32m2026-07-15 16:16:29.557[0m | [34m[1mDEBUG   [0m | [36mearth2studio.data.utils[0m:[36m_make_local_details[0m:[36m1070[0m - [34m[1mCopying /gcp-public-data-arco-era5/ar/full_37-1h-0p25deg-chunk-1.zarr-v3/volumetric_soil_water_layer_1/700242.0.0 to local cache[0m
[32m2026-07-15 16:16:29.560[0m | [34m[1mDEBUG   [0m | [36mearth2studio.data.utils[0m:[36m_make_local_details[0m:[36m1070[0m - [34m[1mCopying /gcp-public-data-arco-era5/ar/full_37-1h-0p25deg-chunk-1.zarr-v3/vertical_velocity/700242.0.0.0 to local cache[0m
[32m2026-07-15 16:16:29.562[0m | [34m[1mDEBUG   [0m | [36mearth2studio.data.utils[0m:[36m_make_local_details[0m:[36m1070[0m - [34m[1mCopying /gcp-public-data-arco-era5/ar/full_37-1h-0p25deg-chunk-1.zarr-v3/temperature/700242.0.0.0 to local cache[0m
[32m2026-07-15 16:16:29.562[0m | [34m[1mDEBUG   [0m | [36mearth2studio.data.utils[0m:[36m_make_local_details[0m:[36m1070[0m - [34m[1mCopying /gcp-public-data-arco-era5/ar/full_37-1h-0p25deg-chunk-1.zarr-v3/10m_v_component_of_wind/700242.0.0 to local cache[0m
[32m2026-07-15 16:16:29.563[0m | [34m[1mDEBUG   [0m | [36mearth2studio.data.utils[0m:[36m_make_local_details[0m:[36m1070[0m - [34m[1mCopying /gcp-public-data-arco-era5/ar/full_37-1h-0p25deg-chunk-1.zarr-v3/soil_temperature_level_2/700242.0.0 to local cache[0m
[32m2026-07-15 16:16:29.565[0m | [34m[1mDEBUG   [0m | [36mearth2studio.data.utils[0m:[36m_make_local_details[0m:[36m1070[0m - [34m[1mCopying /gcp-public-data-arco-era5/ar/full_37-1h-0p25deg-chunk-1.zarr-v3/10m_u_component_of_wind/700242.0.0 to local cache[0m
[32m2026-07-15 16:16:29.566[0m | [34m[1mDEBUG   [0m | [36mearth2studio.data.utils[0m:[36m_make_local_details[0m:[36m1070[0m - [34m[1mCopying /gcp-public-data-arco-era5/ar/full_37-1h-0p25deg-chunk-1.zarr-v3/2m_dewpoint_temperature/700242.0.0 to local cache[0m
[32m2026-07-15 16:16:29.567[0m | [34m[1mDEBUG   [0m | [36mearth2studio.data.utils[0m:[36m_make_local_details[0m:[36m1070[0m - [34m[1mCopying /gcp-public-data-arco-era5/ar/full_37-1h-0p25deg-chunk-1.zarr-v3/skin_temperature/700242.0.0 to local cache[0m
[32m2026-07-15 16:16:29.568[0m | [34m[1mDEBUG   [0m | [36mearth2studio.data.utils[0m:[36m_make_local_details[0m:[36m1070[0m - [34m[1mCopying /gcp-public-data-arco-era5/ar/full_37-1h-0p25deg-chunk-1.zarr-v3/volumetric_soil_water_layer_2/700242.0.0 to local cache[0m
[32m2026-07-15 16:16:29.569[0m | [34m[1mDEBUG   [0m | [36mearth2studio.data.utils[0m:[36m_make_local_details[0m:[36m1070[0m - [34m[1mCopying /gcp-public-data-arco-era5/ar/full_37-1h-0p25deg-chunk-1.zarr-v3/mean_sea_level_pressure/700242.0.0 to local cache[0m
[32m2026-07-15 16:16:29.570[0m | [34m[1mDEBUG   [0m | [36mearth2studio.data.utils[0m:[36m_make_local_details[0m:[36m1070[0m - [34m[1mCopying /gcp-public-data-arco-era5/ar/full_37-1h-0p25deg-chunk-1.zarr-v3/soil_temperature_level_1/700242.0.0 to local cache[0m
[32m2026-07-15 16:16:29.573[0m | [34m[1mDEBUG   [0m | [36mearth2studio.data.utils[0m:[36m_make_local_details[0m:[36m1070[0m - [34m[1mCopying /gcp-public-data-arco-era5/ar/full_37-1h-0p25deg-chunk-1.zarr-v3/u_component_of_wind/700242.0.0.0 to local cache[0m
[32m2026-07-15 16:16:29.575[0m | [34m[1mDEBUG   [0m | [36mearth2studio.data.utils[0m:[36m_make_local_details[0m:[36m1070[0m - [34m[1mCopying /gcp-public-data-arco-era5/ar/full_37-1h-0p25deg-chunk-1.zarr-v3/2m_temperature/700242.0.0 to local cache[0m
[32m2026-07-15 16:16:29.576[0m | [34m[1mDEBUG   [0m | [36mearth2studio.data.utils[0m:[36m_make_local_details[0m:[36m1070[0m - [34m[1mCopying /gcp-public-data-arco-era5/ar/full_37-1h-0p25deg-chunk-1.zarr-v3/v_component_of_wind/700242.0.0.0 to local cache[0m
[32m2026-07-15 16:16:29.582[0m | [34m[1mDEBUG   [0m | [36mearth2studio.data.utils[0m:[36m_make_local_details[0m:[36m1070[0m - [34m[1mCopying /gcp-public-data-arco-era5/ar/full_37-1h-0p25deg-chunk-1.zarr-v3/total_column_water/700242.0.0 to local cache[0m
[32m2026-07-15 16:16:35.502[0m | [34m[1mDEBUG   [0m | [36mearth2studio.data.utils[0m:[36m_make_local_details[0m:[36m1070[0m - [34m[1mCopying /gcp-public-data-arco-era5/ar/full_37-1h-0p25deg-chunk-1.zarr-v3/geopotential/700248.0.0.0 to local cache[0m
[32m2026-07-15 16:16:35.503[0m | [34m[1mDEBUG   [0m | [36mearth2studio.data.utils[0m:[36m_make_local_details[0m:[36m1070[0m - [34m[1mCopying /gcp-public-data-arco-era5/ar/full_37-1h-0p25deg-chunk-1.zarr-v3/10m_v_component_of_wind/700248.0.0 to local cache[0m
[32m2026-07-15 16:16:35.505[0m | [34m[1mDEBUG   [0m | [36mearth2studio.data.utils[0m:[36m_make_local_details[0m:[36m1070[0m - [34m[1mCopying /gcp-public-data-arco-era5/ar/full_37-1h-0p25deg-chunk-1.zarr-v3/volumetric_soil_water_layer_1/700248.0.0 to local cache[0m
[32m2026-07-15 16:16:35.506[0m | [34m[1mDEBUG   [0m | [36mearth2studio.data.utils[0m:[36m_make_local_details[0m:[36m1070[0m - [34m[1mCopying /gcp-public-data-arco-era5/ar/full_37-1h-0p25deg-chunk-1.zarr-v3/specific_humidity/700248.0.0.0 to local cache[0m
[32m2026-07-15 16:16:35.508[0m | [34m[1mDEBUG   [0m | [36mearth2studio.data.utils[0m:[36m_make_local_details[0m:[36m1070[0m - [34m[1mCopying /gcp-public-data-arco-era5/ar/full_37-1h-0p25deg-chunk-1.zarr-v3/mean_sea_level_pressure/700248.0.0 to local cache[0m
[32m2026-07-15 16:16:35.509[0m | [34m[1mDEBUG   [0m | [36mearth2studio.data.utils[0m:[36m_make_local_details[0m:[36m1070[0m - [34m[1mCopying /gcp-public-data-arco-era5/ar/full_37-1h-0p25deg-chunk-1.zarr-v3/temperature/700248.0.0.0 to local cache[0m
[32m2026-07-15 16:16:35.511[0m | [34m[1mDEBUG   [0m | [36mearth2studio.data.utils[0m:[36m_make_local_details[0m:[36m1070[0m - [34m[1mCopying /gcp-public-data-arco-era5/ar/full_37-1h-0p25deg-chunk-1.zarr-v3/soil_temperature_level_2/700248.0.0 to local cache[0m
[32m2026-07-15 16:16:35.513[0m | [34m[1mDEBUG   [0m | [36mearth2studio.data.utils[0m:[36m_make_local_details[0m:[36m1070[0m - [34m[1mCopying /gcp-public-data-arco-era5/ar/full_37-1h-0p25deg-chunk-1.zarr-v3/soil_temperature_level_1/700248.0.0 to local cache[0m
[32m2026-07-15 16:16:35.514[0m | [34m[1mDEBUG   [0m | [36mearth2studio.data.utils[0m:[36m_make_local_details[0m:[36m1070[0m - [34m[1mCopying /gcp-public-data-arco-era5/ar/full_37-1h-0p25deg-chunk-1.zarr-v3/volumetric_soil_water_layer_2/700248.0.0 to local cache[0m
[32m2026-07-15 16:16:35.517[0m | [34m[1mDEBUG   [0m | [36mearth2studio.data.utils[0m:[36m_make_local_details[0m:[36m1070[0m - [34m[1mCopying /gcp-public-data-arco-era5/ar/full_37-1h-0p25deg-chunk-1.zarr-v3/surface_pressure/700248.0.0 to local cache[0m
[32m2026-07-15 16:16:35.593[0m | [34m[1mDEBUG   [0m | [36mearth2studio.data.utils[0m:[36m_make_local_details[0m:[36m1070[0m - [34m[1mCopying /gcp-public-data-arco-era5/ar/full_37-1h-0p25deg-chunk-1.zarr-v3/10m_u_component_of_wind/700248.0.0 to local cache[0m
[32m2026-07-15 16:16:35.594[0m | [34m[1mDEBUG   [0m | [36mearth2studio.data.utils[0m:[36m_make_local_details[0m:[36m1070[0m - [34m[1mCopying /gcp-public-data-arco-era5/ar/full_37-1h-0p25deg-chunk-1.zarr-v3/2m_dewpoint_temperature/700248.0.0 to local cache[0m
[32m2026-07-15 16:16:35.597[0m | [34m[1mDEBUG   [0m | [36mearth2studio.data.utils[0m:[36m_make_local_details[0m:[36m1070[0m - [34m[1mCopying /gcp-public-data-arco-era5/ar/full_37-1h-0p25deg-chunk-1.zarr-v3/skin_temperature/700248.0.0 to local cache[0m
[32m2026-07-15 16:16:35.597[0m | [34m[1mDEBUG   [0m | [36mearth2studio.data.utils[0m:[36m_make_local_details[0m:[36m1070[0m - [34m[1mCopying /gcp-public-data-arco-era5/ar/full_37-1h-0p25deg-chunk-1.zarr-v3/2m_temperature/700248.0.0 to local cache[0m
[32m2026-07-15 16:16:35.600[0m | [34m[1mDEBUG   [0m | [36mearth2studio.data.utils[0m:[36m_make_local_details[0m:[36m1070[0m - [34m[1mCopying /gcp-public-data-arco-era5/ar/full_37-1h-0p25deg-chunk-1.zarr-v3/vertical_velocity/700248.0.0.0 to local cache[0m
[32m2026-07-15 16:16:35.600[0m | [34m[1mDEBUG   [0m | [36mearth2studio.data.utils[0m:[36m_make_local_details[0m:[36m1070[0m - [34m[1mCopying /gcp-public-data-arco-era5/ar/full_37-1h-0p25deg-chunk-1.zarr-v3/total_column_water/700248.0.0 to local cache[0m
[32m2026-07-15 16:16:35.611[0m | [34m[1mDEBUG   [0m | [36mearth2studio.data.utils[0m:[36m_make_local_details[0m:[36m1070[0m - [34m[1mCopying /gcp-public-data-arco-era5/ar/full_37-1h-0p25deg-chunk-1.zarr-v3/u_component_of_wind/700248.0.0.0 to local cache[0m
[32m2026-07-15 16:16:35.616[0m | [34m[1mDEBUG   [0m | [36mearth2studio.data.utils[0m:[36m_make_local_details[0m:[36m1070[0m - [34m[1mCopying /gcp-public-data-arco-era5/ar/full_37-1h-0p25deg-chunk-1.zarr-v3/v_component_of_wind/700248.0.0.0 to local cache[0m
target_step 11: sum=-1.1676e-02
Saved /cluster/projects/nn12107k/robin/earth2studio/aifs_attributions_vestlandet/aifs_ig_attributions_vestlandet_init1979-11-20T00_target1979-11-23T00.nc
Cleaned up temporary input data cache: /cluster/projects/nn12107k/robin/e2s_data_cache_j3ngrgmd
Init: 1979-11-20 06:00:00 -> target valid time 1979-11-23 00:00:00 (11 steps, target_step=10)
[32m2026-07-15 16:20:36.456[0m | [34m[1mDEBUG   [0m | [36mearth2studio.data.utils[0m:[36m_make_local_details[0m:[36m1070[0m - [34m[1mCopying /gcp-public-data-arco-era5/ar/full_37-1h-0p25deg-chunk-1.zarr-v3/.zattrs to local cache[0m
[32m2026-07-15 16:20:37.568[0m | [34m[1mDEBUG   [0m | [36mearth2studio.data.utils[0m:[36m_make_local_details[0m:[36m1070[0m - [34m[1mCopying /gcp-public-data-arco-era5/ar/full_37-1h-0p25deg-chunk-1.zarr-v3/.zgroup to local cache[0m
[32m2026-07-15 16:20:37.573[0m | [34m[1mDEBUG   [0m | [36mearth2studio.data.utils[0m:[36m_make_local_details[0m:[36m1070[0m - [34m[1mCopying /gcp-public-data-arco-era5/ar/full_37-1h-0p25deg-chunk-1.zarr-v3/.zmetadata to local cache[0m
[32m2026-07-15 16:20:37.878[0m | [34m[1mDEBUG   [0m | [36mearth2studio.data.utils[0m:[36m_make_local_details[0m:[36m1070[0m - [34m[1mCopying /gcp-public-data-arco-era5/ar/full_37-1h-0p25deg-chunk-1.zarr-v3/level/0 to local cache[0m
[32m2026-07-15 16:20:38.178[0m | [34m[1mDEBUG   [0m | [36mearth2studio.data.utils[0m:[36m_make_local_details[0m:[36m1070[0m - [34m[1mCopying /gcp-public-data-arco-era5/ar/model-level-1h-0p25deg.zarr-v1/.zattrs to local cache[0m
[32m2026-07-15 16:20:38.457[0m | [34m[1mDEBUG   [0m | [36mearth2studio.data.utils[0m:[36m_make_local_details[0m:[36m1070[0m - [34m[1mCopying /gcp-public-data-arco-era5/ar/model-level-1h-0p25deg.zarr-v1/.zmetadata to local cache[0m
[32m2026-07-15 16:20:38.496[0m | [34m[1mDEBUG   [0m | [36mearth2studio.data.utils[0m:[36m_make_local_details[0m:[36m1070[0m - [34m[1mCopying /gcp-public-data-arco-era5/ar/model-level-1h-0p25deg.zarr-v1/.zgroup to local cache[0m
[32m2026-07-15 16:20:38.887[0m | [34m[1mDEBUG   [0m | [36mearth2studio.data.utils[0m:[36m_make_local_details[0m:[36m1070[0m - [34m[1mCopying /gcp-public-data-arco-era5/ar/model-level-1h-0p25deg.zarr-v1/hybrid/0 to local cache[0m
[32m2026-07-15 16:20:39.104[0m | [34m[1mDEBUG   [0m | [36mearth2studio.data.utils[0m:[36m_make_local_details[0m:[36m1070[0m - [34m[1mCopying /gcp-public-data-arco-era5/ar/full_37-1h-0p25deg-chunk-1.zarr-v3/temperature/700248.0.0.0 to local cache[0m
[32m2026-07-15 16:20:39.130[0m | [34m[1mDEBUG   [0m | [36mearth2studio.data.utils[0m:[36m_make_local_details[0m:[36m1070[0m - [34m[1mCopying /gcp-public-data-arco-era5/ar/full_37-1h-0p25deg-chunk-1.zarr-v3/total_column_water/700248.0.0 to local cache[0m
[32m2026-07-15 16:20:39.187[0m | [34m[1mDEBUG   [0m | [36mearth2studio.data.utils[0m:[36m_make_local_details[0m:[36m1070[0m - [34m[1mCopying /gcp-public-data-arco-era5/ar/full_37-1h-0p25deg-chunk-1.zarr-v3/volumetric_soil_water_layer_2/700248.0.0 to local cache[0m
[32m2026-07-15 16:20:39.188[0m | [34m[1mDEBUG   [0m | [36mearth2studio.data.utils[0m:[36m_make_local_details[0m:[36m1070[0m - [34m[1mCopying /gcp-public-data-arco-era5/ar/full_37-1h-0p25deg-chunk-1.zarr-v3/skin_temperature/700248.0.0 to local cache[0m
[32m2026-07-15 16:20:39.202[0m | [34m[1mDEBUG   [0m | [36mearth2studio.data.utils[0m:[36m_make_local_details[0m:[36m1070[0m - [34m[1mCopying /gcp-public-data-arco-era5/ar/full_37-1h-0p25deg-chunk-1.zarr-v3/mean_sea_level_pressure/700248.0.0 to local cache[0m
[32m2026-07-15 16:20:39.203[0m | [34m[1mDEBUG   [0m | [36mearth2studio.data.utils[0m:[36m_make_local_details[0m:[36m1070[0m - [34m[1mCopying /gcp-public-data-arco-era5/ar/full_37-1h-0p25deg-chunk-1.zarr-v3/10m_u_component_of_wind/700248.0.0 to local cache[0m
[32m2026-07-15 16:20:39.204[0m | [34m[1mDEBUG   [0m | [36mearth2studio.data.utils[0m:[36m_make_local_details[0m:[36m1070[0m - [34m[1mCopying /gcp-public-data-arco-era5/ar/full_37-1h-0p25deg-chunk-1.zarr-v3/u_component_of_wind/700248.0.0.0 to local cache[0m
[32m2026-07-15 16:20:39.206[0m | [34m[1mDEBUG   [0m | [36mearth2studio.data.utils[0m:[36m_make_local_details[0m:[36m1070[0m - [34m[1mCopying /gcp-public-data-arco-era5/ar/full_37-1h-0p25deg-chunk-1.zarr-v3/2m_temperature/700248.0.0 to local cache[0m
[32m2026-07-15 16:20:39.206[0m | [34m[1mDEBUG   [0m | [36mearth2studio.data.utils[0m:[36m_make_local_details[0m:[36m1070[0m - [34m[1mCopying /gcp-public-data-arco-era5/ar/full_37-1h-0p25deg-chunk-1.zarr-v3/v_component_of_wind/700248.0.0.0 to local cache[0m
[32m2026-07-15 16:20:39.208[0m | [34m[1mDEBUG   [0m | [36mearth2studio.data.utils[0m:[36m_make_local_details[0m:[36m1070[0m - [34m[1mCopying /gcp-public-data-arco-era5/ar/full_37-1h-0p25deg-chunk-1.zarr-v3/surface_pressure/700248.0.0 to local cache[0m
[32m2026-07-15 16:20:39.209[0m | [34m[1mDEBUG   [0m | [36mearth2studio.data.utils[0m:[36m_make_local_details[0m:[36m1070[0m - [34m[1mCopying /gcp-public-data-arco-era5/ar/full_37-1h-0p25deg-chunk-1.zarr-v3/10m_v_component_of_wind/700248.0.0 to local cache[0m
[32m2026-07-15 16:20:39.210[0m | [34m[1mDEBUG   [0m | [36mearth2studio.data.utils[0m:[36m_make_local_details[0m:[36m1070[0m - [34m[1mCopying /gcp-public-data-arco-era5/ar/full_37-1h-0p25deg-chunk-1.zarr-v3/specific_humidity/700248.0.0.0 to local cache[0m
[32m2026-07-15 16:20:39.212[0m | [34m[1mDEBUG   [0m | [36mearth2studio.data.utils[0m:[36m_make_local_details[0m:[36m1070[0m - [34m[1mCopying /gcp-public-data-arco-era5/ar/full_37-1h-0p25deg-chunk-1.zarr-v3/volumetric_soil_water_layer_1/700248.0.0 to local cache[0m
[32m2026-07-15 16:20:39.214[0m | [34m[1mDEBUG   [0m | [36mearth2studio.data.utils[0m:[36m_make_local_details[0m:[36m1070[0m - [34m[1mCopying /gcp-public-data-arco-era5/ar/full_37-1h-0p25deg-chunk-1.zarr-v3/geopotential/700248.0.0.0 to local cache[0m
[32m2026-07-15 16:20:39.216[0m | [34m[1mDEBUG   [0m | [36mearth2studio.data.utils[0m:[36m_make_local_details[0m:[36m1070[0m - [34m[1mCopying /gcp-public-data-arco-era5/ar/full_37-1h-0p25deg-chunk-1.zarr-v3/2m_dewpoint_temperature/700248.0.0 to local cache[0m
[32m2026-07-15 16:20:39.221[0m | [34m[1mDEBUG   [0m | [36mearth2studio.data.utils[0m:[36m_make_local_details[0m:[36m1070[0m - [34m[1mCopying /gcp-public-data-arco-era5/ar/full_37-1h-0p25deg-chunk-1.zarr-v3/vertical_velocity/700248.0.0.0 to local cache[0m
[32m2026-07-15 16:20:39.231[0m | [34m[1mDEBUG   [0m | [36mearth2studio.data.utils[0m:[36m_make_local_details[0m:[36m1070[0m - [34m[1mCopying /gcp-public-data-arco-era5/ar/full_37-1h-0p25deg-chunk-1.zarr-v3/soil_temperature_level_2/700248.0.0 to local cache[0m
[32m2026-07-15 16:20:39.249[0m | [34m[1mDEBUG   [0m | [36mearth2studio.data.utils[0m:[36m_make_local_details[0m:[36m1070[0m - [34m[1mCopying /gcp-public-data-arco-era5/ar/full_37-1h-0p25deg-chunk-1.zarr-v3/soil_temperature_level_1/700248.0.0 to local cache[0m
[32m2026-07-15 16:20:44.658[0m | [34m[1mDEBUG   [0m | [36mearth2studio.data.utils[0m:[36m_make_local_details[0m:[36m1070[0m - [34m[1mCopying /gcp-public-data-arco-era5/ar/full_37-1h-0p25deg-chunk-1.zarr-v3/volumetric_soil_water_layer_2/700254.0.0 to local cache[0m
[32m2026-07-15 16:20:44.661[0m | [34m[1mDEBUG   [0m | [36mearth2studio.data.utils[0m:[36m_make_local_details[0m:[36m1070[0m - [34m[1mCopying /gcp-public-data-arco-era5/ar/full_37-1h-0p25deg-chunk-1.zarr-v3/mean_sea_level_pressure/700254.0.0 to local cache[0m
[32m2026-07-15 16:20:44.663[0m | [34m[1mDEBUG   [0m | [36mearth2studio.data.utils[0m:[36m_make_local_details[0m:[36m1070[0m - [34m[1mCopying /gcp-public-data-arco-era5/ar/full_37-1h-0p25deg-chunk-1.zarr-v3/v_component_of_wind/700254.0.0.0 to local cache[0m
[32m2026-07-15 16:20:44.664[0m | [34m[1mDEBUG   [0m | [36mearth2studio.data.utils[0m:[36m_make_local_details[0m:[36m1070[0m - [34m[1mCopying /gcp-public-data-arco-era5/ar/full_37-1h-0p25deg-chunk-1.zarr-v3/specific_humidity/700254.0.0.0 to local cache[0m
[32m2026-07-15 16:20:44.667[0m | [34m[1mDEBUG   [0m | [36mearth2studio.data.utils[0m:[36m_make_local_details[0m:[36m1070[0m - [34m[1mCopying /gcp-public-data-arco-era5/ar/full_37-1h-0p25deg-chunk-1.zarr-v3/total_column_water/700254.0.0 to local cache[0m
[32m2026-07-15 16:20:44.668[0m | [34m[1mDEBUG   [0m | [36mearth2studio.data.utils[0m:[36m_make_local_details[0m:[36m1070[0m - [34m[1mCopying /gcp-public-data-arco-era5/ar/full_37-1h-0p25deg-chunk-1.zarr-v3/soil_temperature_level_1/700254.0.0 to local cache[0m
[32m2026-07-15 16:20:44.715[0m | [34m[1mDEBUG   [0m | [36mearth2studio.data.utils[0m:[36m_make_local_details[0m:[36m1070[0m - [34m[1mCopying /gcp-public-data-arco-era5/ar/full_37-1h-0p25deg-chunk-1.zarr-v3/vertical_velocity/700254.0.0.0 to local cache[0m
[32m2026-07-15 16:20:44.750[0m | [34m[1mDEBUG   [0m | [36mearth2studio.data.utils[0m:[36m_make_local_details[0m:[36m1070[0m - [34m[1mCopying /gcp-public-data-arco-era5/ar/full_37-1h-0p25deg-chunk-1.zarr-v3/temperature/700254.0.0.0 to local cache[0m
[32m2026-07-15 16:20:44.751[0m | [34m[1mDEBUG   [0m | [36mearth2studio.data.utils[0m:[36m_make_local_details[0m:[36m1070[0m - [34m[1mCopying /gcp-public-data-arco-era5/ar/full_37-1h-0p25deg-chunk-1.zarr-v3/skin_temperature/700254.0.0 to local cache[0m
[32m2026-07-15 16:20:44.752[0m | [34m[1mDEBUG   [0m | [36mearth2studio.data.utils[0m:[36m_make_local_details[0m:[36m1070[0m - [34m[1mCopying /gcp-public-data-arco-era5/ar/full_37-1h-0p25deg-chunk-1.zarr-v3/surface_pressure/700254.0.0 to local cache[0m
[32m2026-07-15 16:20:44.754[0m | [34m[1mDEBUG   [0m | [36mearth2studio.data.utils[0m:[36m_make_local_details[0m:[36m1070[0m - [34m[1mCopying /gcp-public-data-arco-era5/ar/full_37-1h-0p25deg-chunk-1.zarr-v3/u_component_of_wind/700254.0.0.0 to local cache[0m
[32m2026-07-15 16:20:44.757[0m | [34m[1mDEBUG   [0m | [36mearth2studio.data.utils[0m:[36m_make_local_details[0m:[36m1070[0m - [34m[1mCopying /gcp-public-data-arco-era5/ar/full_37-1h-0p25deg-chunk-1.zarr-v3/soil_temperature_level_2/700254.0.0 to local cache[0m
[32m2026-07-15 16:20:44.759[0m | [34m[1mDEBUG   [0m | [36mearth2studio.data.utils[0m:[36m_make_local_details[0m:[36m1070[0m - [34m[1mCopying /gcp-public-data-arco-era5/ar/full_37-1h-0p25deg-chunk-1.zarr-v3/2m_dewpoint_temperature/700254.0.0 to local cache[0m
[32m2026-07-15 16:20:44.761[0m | [34m[1mDEBUG   [0m | [36mearth2studio.data.utils[0m:[36m_make_local_details[0m:[36m1070[0m - [34m[1mCopying /gcp-public-data-arco-era5/ar/full_37-1h-0p25deg-chunk-1.zarr-v3/10m_v_component_of_wind/700254.0.0 to local cache[0m
[32m2026-07-15 16:20:44.761[0m | [34m[1mDEBUG   [0m | [36mearth2studio.data.utils[0m:[36m_make_local_details[0m:[36m1070[0m - [34m[1mCopying /gcp-public-data-arco-era5/ar/full_37-1h-0p25deg-chunk-1.zarr-v3/geopotential/700254.0.0.0 to local cache[0m
[32m2026-07-15 16:20:44.762[0m | [34m[1mDEBUG   [0m | [36mearth2studio.data.utils[0m:[36m_make_local_details[0m:[36m1070[0m - [34m[1mCopying /gcp-public-data-arco-era5/ar/full_37-1h-0p25deg-chunk-1.zarr-v3/volumetric_soil_water_layer_1/700254.0.0 to local cache[0m
[32m2026-07-15 16:20:44.764[0m | [34m[1mDEBUG   [0m | [36mearth2studio.data.utils[0m:[36m_make_local_details[0m:[36m1070[0m - [34m[1mCopying /gcp-public-data-arco-era5/ar/full_37-1h-0p25deg-chunk-1.zarr-v3/2m_temperature/700254.0.0 to local cache[0m
[32m2026-07-15 16:20:44.811[0m | [34m[1mDEBUG   [0m | [36mearth2studio.data.utils[0m:[36m_make_local_details[0m:[36m1070[0m - [34m[1mCopying /gcp-public-data-arco-era5/ar/full_37-1h-0p25deg-chunk-1.zarr-v3/10m_u_component_of_wind/700254.0.0 to local cache[0m
target_step 10: sum=-1.2783e-02
Saved /cluster/projects/nn12107k/robin/earth2studio/aifs_attributions_vestlandet/aifs_ig_attributions_vestlandet_init1979-11-20T06_target1979-11-23T00.nc
Cleaned up temporary input data cache: /cluster/projects/nn12107k/robin/e2s_data_cache_6cypqe28
Init: 1979-11-20 12:00:00 -> target valid time 1979-11-23 00:00:00 (10 steps, target_step=9)
[32m2026-07-15 16:24:25.710[0m | [34m[1mDEBUG   [0m | [36mearth2studio.data.utils[0m:[36m_make_local_details[0m:[36m1070[0m - [34m[1mCopying /gcp-public-data-arco-era5/ar/full_37-1h-0p25deg-chunk-1.zarr-v3/.zattrs to local cache[0m
[32m2026-07-15 16:24:26.697[0m | [34m[1mDEBUG   [0m | [36mearth2studio.data.utils[0m:[36m_make_local_details[0m:[36m1070[0m - [34m[1mCopying /gcp-public-data-arco-era5/ar/full_37-1h-0p25deg-chunk-1.zarr-v3/.zgroup to local cache[0m
[32m2026-07-15 16:24:26.789[0m | [34m[1mDEBUG   [0m | [36mearth2studio.data.utils[0m:[36m_make_local_details[0m:[36m1070[0m - [34m[1mCopying /gcp-public-data-arco-era5/ar/full_37-1h-0p25deg-chunk-1.zarr-v3/.zmetadata to local cache[0m
[32m2026-07-15 16:24:27.115[0m | [34m[1mDEBUG   [0m | [36mearth2studio.data.utils[0m:[36m_make_local_details[0m:[36m1070[0m - [34m[1mCopying /gcp-public-data-arco-era5/ar/full_37-1h-0p25deg-chunk-1.zarr-v3/level/0 to local cache[0m
[32m2026-07-15 16:24:27.391[0m | [34m[1mDEBUG   [0m | [36mearth2studio.data.utils[0m:[36m_make_local_details[0m:[36m1070[0m - [34m[1mCopying /gcp-public-data-arco-era5/ar/model-level-1h-0p25deg.zarr-v1/.zattrs to local cache[0m
[32m2026-07-15 16:24:27.725[0m | [34m[1mDEBUG   [0m | [36mearth2studio.data.utils[0m:[36m_make_local_details[0m:[36m1070[0m - [34m[1mCopying /gcp-public-data-arco-era5/ar/model-level-1h-0p25deg.zarr-v1/.zgroup to local cache[0m
[32m2026-07-15 16:24:27.742[0m | [34m[1mDEBUG   [0m | [36mearth2studio.data.utils[0m:[36m_make_local_details[0m:[36m1070[0m - [34m[1mCopying /gcp-public-data-arco-era5/ar/model-level-1h-0p25deg.zarr-v1/.zmetadata to local cache[0m
[32m2026-07-15 16:24:28.086[0m | [34m[1mDEBUG   [0m | [36mearth2studio.data.utils[0m:[36m_make_local_details[0m:[36m1070[0m - [34m[1mCopying /gcp-public-data-arco-era5/ar/model-level-1h-0p25deg.zarr-v1/hybrid/0 to local cache[0m
[32m2026-07-15 16:24:28.362[0m | [34m[1mDEBUG   [0m | [36mearth2studio.data.utils[0m:[36m_make_local_details[0m:[36m1070[0m - [34m[1mCopying /gcp-public-data-arco-era5/ar/full_37-1h-0p25deg-chunk-1.zarr-v3/total_column_water/700254.0.0 to local cache[0m
[32m2026-07-15 16:24:28.366[0m | [34m[1mDEBUG   [0m | [36mearth2studio.data.utils[0m:[36m_make_local_details[0m:[36m1070[0m - [34m[1mCopying /gcp-public-data-arco-era5/ar/full_37-1h-0p25deg-chunk-1.zarr-v3/10m_v_component_of_wind/700254.0.0 to local cache[0m
[32m2026-07-15 16:24:28.446[0m | [34m[1mDEBUG   [0m | [36mearth2studio.data.utils[0m:[36m_make_local_details[0m:[36m1070[0m - [34m[1mCopying /gcp-public-data-arco-era5/ar/full_37-1h-0p25deg-chunk-1.zarr-v3/soil_temperature_level_1/700254.0.0 to local cache[0m
[32m2026-07-15 16:24:28.449[0m | [34m[1mDEBUG   [0m | [36mearth2studio.data.utils[0m:[36m_make_local_details[0m:[36m1070[0m - [34m[1mCopying /gcp-public-data-arco-era5/ar/full_37-1h-0p25deg-chunk-1.zarr-v3/soil_temperature_level_2/700254.0.0 to local cache[0m
[32m2026-07-15 16:24:28.455[0m | [34m[1mDEBUG   [0m | [36mearth2studio.data.utils[0m:[36m_make_local_details[0m:[36m1070[0m - [34m[1mCopying /gcp-public-data-arco-era5/ar/full_37-1h-0p25deg-chunk-1.zarr-v3/v_component_of_wind/700254.0.0.0 to local cache[0m
[32m2026-07-15 16:24:28.457[0m | [34m[1mDEBUG   [0m | [36mearth2studio.data.utils[0m:[36m_make_local_details[0m:[36m1070[0m - [34m[1mCopying /gcp-public-data-arco-era5/ar/full_37-1h-0p25deg-chunk-1.zarr-v3/temperature/700254.0.0.0 to local cache[0m
[32m2026-07-15 16:24:28.458[0m | [34m[1mDEBUG   [0m | [36mearth2studio.data.utils[0m:[36m_make_local_details[0m:[36m1070[0m - [34m[1mCopying /gcp-public-data-arco-era5/ar/full_37-1h-0p25deg-chunk-1.zarr-v3/vertical_velocity/700254.0.0.0 to local cache[0m
[32m2026-07-15 16:24:28.459[0m | [34m[1mDEBUG   [0m | [36mearth2studio.data.utils[0m:[36m_make_local_details[0m:[36m1070[0m - [34m[1mCopying /gcp-public-data-arco-era5/ar/full_37-1h-0p25deg-chunk-1.zarr-v3/geopotential/700254.0.0.0 to local cache[0m
[32m2026-07-15 16:24:28.461[0m | [34m[1mDEBUG   [0m | [36mearth2studio.data.utils[0m:[36m_make_local_details[0m:[36m1070[0m - [34m[1mCopying /gcp-public-data-arco-era5/ar/full_37-1h-0p25deg-chunk-1.zarr-v3/2m_dewpoint_temperature/700254.0.0 to local cache[0m
[32m2026-07-15 16:24:28.463[0m | [34m[1mDEBUG   [0m | [36mearth2studio.data.utils[0m:[36m_make_local_details[0m:[36m1070[0m - [34m[1mCopying /gcp-public-data-arco-era5/ar/full_37-1h-0p25deg-chunk-1.zarr-v3/skin_temperature/700254.0.0 to local cache[0m
[32m2026-07-15 16:24:28.469[0m | [34m[1mDEBUG   [0m | [36mearth2studio.data.utils[0m:[36m_make_local_details[0m:[36m1070[0m - [34m[1mCopying /gcp-public-data-arco-era5/ar/full_37-1h-0p25deg-chunk-1.zarr-v3/10m_u_component_of_wind/700254.0.0 to local cache[0m
[32m2026-07-15 16:24:28.473[0m | [34m[1mDEBUG   [0m | [36mearth2studio.data.utils[0m:[36m_make_local_details[0m:[36m1070[0m - [34m[1mCopying /gcp-public-data-arco-era5/ar/full_37-1h-0p25deg-chunk-1.zarr-v3/volumetric_soil_water_layer_1/700254.0.0 to local cache[0m
[32m2026-07-15 16:24:28.474[0m | [34m[1mDEBUG   [0m | [36mearth2studio.data.utils[0m:[36m_make_local_details[0m:[36m1070[0m - [34m[1mCopying /gcp-public-data-arco-era5/ar/full_37-1h-0p25deg-chunk-1.zarr-v3/u_component_of_wind/700254.0.0.0 to local cache[0m
[32m2026-07-15 16:24:28.475[0m | [34m[1mDEBUG   [0m | [36mearth2studio.data.utils[0m:[36m_make_local_details[0m:[36m1070[0m - [34m[1mCopying /gcp-public-data-arco-era5/ar/full_37-1h-0p25deg-chunk-1.zarr-v3/2m_temperature/700254.0.0 to local cache[0m
[32m2026-07-15 16:24:28.488[0m | [34m[1mDEBUG   [0m | [36mearth2studio.data.utils[0m:[36m_make_local_details[0m:[36m1070[0m - [34m[1mCopying /gcp-public-data-arco-era5/ar/full_37-1h-0p25deg-chunk-1.zarr-v3/volumetric_soil_water_layer_2/700254.0.0 to local cache[0m
[32m2026-07-15 16:24:28.489[0m | [34m[1mDEBUG   [0m | [36mearth2studio.data.utils[0m:[36m_make_local_details[0m:[36m1070[0m - [34m[1mCopying /gcp-public-data-arco-era5/ar/full_37-1h-0p25deg-chunk-1.zarr-v3/surface_pressure/700254.0.0 to local cache[0m
[32m2026-07-15 16:24:28.522[0m | [34m[1mDEBUG   [0m | [36mearth2studio.data.utils[0m:[36m_make_local_details[0m:[36m1070[0m - [34m[1mCopying /gcp-public-data-arco-era5/ar/full_37-1h-0p25deg-chunk-1.zarr-v3/mean_sea_level_pressure/700254.0.0 to local cache[0m
[32m2026-07-15 16:24:28.529[0m | [34m[1mDEBUG   [0m | [36mearth2studio.data.utils[0m:[36m_make_local_details[0m:[36m1070[0m - [34m[1mCopying /gcp-public-data-arco-era5/ar/full_37-1h-0p25deg-chunk-1.zarr-v3/specific_humidity/700254.0.0.0 to local cache[0m
[32m2026-07-15 16:24:34.141[0m | [34m[1mDEBUG   [0m | [36mearth2studio.data.utils[0m:[36m_make_local_details[0m:[36m1070[0m - [34m[1mCopying /gcp-public-data-arco-era5/ar/full_37-1h-0p25deg-chunk-1.zarr-v3/2m_dewpoint_temperature/700260.0.0 to local cache[0m
[32m2026-07-15 16:24:34.145[0m | [34m[1mDEBUG   [0m | [36mearth2studio.data.utils[0m:[36m_make_local_details[0m:[36m1070[0m - [34m[1mCopying /gcp-public-data-arco-era5/ar/full_37-1h-0p25deg-chunk-1.zarr-v3/total_column_water/700260.0.0 to local cache[0m
[32m2026-07-15 16:24:34.146[0m | [34m[1mDEBUG   [0m | [36mearth2studio.data.utils[0m:[36m_make_local_details[0m:[36m1070[0m - [34m[1mCopying /gcp-public-data-arco-era5/ar/full_37-1h-0p25deg-chunk-1.zarr-v3/surface_pressure/700260.0.0 to local cache[0m
[32m2026-07-15 16:24:34.147[0m | [34m[1mDEBUG   [0m | [36mearth2studio.data.utils[0m:[36m_make_local_details[0m:[36m1070[0m - [34m[1mCopying /gcp-public-data-arco-era5/ar/full_37-1h-0p25deg-chunk-1.zarr-v3/geopotential/700260.0.0.0 to local cache[0m
[32m2026-07-15 16:24:34.148[0m | [34m[1mDEBUG   [0m | [36mearth2studio.data.utils[0m:[36m_make_local_details[0m:[36m1070[0m - [34m[1mCopying /gcp-public-data-arco-era5/ar/full_37-1h-0p25deg-chunk-1.zarr-v3/specific_humidity/700260.0.0.0 to local cache[0m
[32m2026-07-15 16:24:34.149[0m | [34m[1mDEBUG   [0m | [36mearth2studio.data.utils[0m:[36m_make_local_details[0m:[36m1070[0m - [34m[1mCopying /gcp-public-data-arco-era5/ar/full_37-1h-0p25deg-chunk-1.zarr-v3/2m_temperature/700260.0.0 to local cache[0m
[32m2026-07-15 16:24:34.151[0m | [34m[1mDEBUG   [0m | [36mearth2studio.data.utils[0m:[36m_make_local_details[0m:[36m1070[0m - [34m[1mCopying /gcp-public-data-arco-era5/ar/full_37-1h-0p25deg-chunk-1.zarr-v3/10m_u_component_of_wind/700260.0.0 to local cache[0m
[32m2026-07-15 16:24:34.152[0m | [34m[1mDEBUG   [0m | [36mearth2studio.data.utils[0m:[36m_make_local_details[0m:[36m1070[0m - [34m[1mCopying /gcp-public-data-arco-era5/ar/full_37-1h-0p25deg-chunk-1.zarr-v3/vertical_velocity/700260.0.0.0 to local cache[0m
[32m2026-07-15 16:24:34.225[0m | [34m[1mDEBUG   [0m | [36mearth2studio.data.utils[0m:[36m_make_local_details[0m:[36m1070[0m - [34m[1mCopying /gcp-public-data-arco-era5/ar/full_37-1h-0p25deg-chunk-1.zarr-v3/10m_v_component_of_wind/700260.0.0 to local cache[0m
[32m2026-07-15 16:24:34.230[0m | [34m[1mDEBUG   [0m | [36mearth2studio.data.utils[0m:[36m_make_local_details[0m:[36m1070[0m - [34m[1mCopying /gcp-public-data-arco-era5/ar/full_37-1h-0p25deg-chunk-1.zarr-v3/temperature/700260.0.0.0 to local cache[0m
[32m2026-07-15 16:24:34.234[0m | [34m[1mDEBUG   [0m | [36mearth2studio.data.utils[0m:[36m_make_local_details[0m:[36m1070[0m - [34m[1mCopying /gcp-public-data-arco-era5/ar/full_37-1h-0p25deg-chunk-1.zarr-v3/v_component_of_wind/700260.0.0.0 to local cache[0m
[32m2026-07-15 16:24:34.236[0m | [34m[1mDEBUG   [0m | [36mearth2studio.data.utils[0m:[36m_make_local_details[0m:[36m1070[0m - [34m[1mCopying /gcp-public-data-arco-era5/ar/full_37-1h-0p25deg-chunk-1.zarr-v3/volumetric_soil_water_layer_1/700260.0.0 to local cache[0m
[32m2026-07-15 16:24:34.245[0m | [34m[1mDEBUG   [0m | [36mearth2studio.data.utils[0m:[36m_make_local_details[0m:[36m1070[0m - [34m[1mCopying /gcp-public-data-arco-era5/ar/full_37-1h-0p25deg-chunk-1.zarr-v3/mean_sea_level_pressure/700260.0.0 to local cache[0m
[32m2026-07-15 16:24:34.249[0m | [34m[1mDEBUG   [0m | [36mearth2studio.data.utils[0m:[36m_make_local_details[0m:[36m1070[0m - [34m[1mCopying /gcp-public-data-arco-era5/ar/full_37-1h-0p25deg-chunk-1.zarr-v3/u_component_of_wind/700260.0.0.0 to local cache[0m
[32m2026-07-15 16:24:34.252[0m | [34m[1mDEBUG   [0m | [36mearth2studio.data.utils[0m:[36m_make_local_details[0m:[36m1070[0m - [34m[1mCopying /gcp-public-data-arco-era5/ar/full_37-1h-0p25deg-chunk-1.zarr-v3/volumetric_soil_water_layer_2/700260.0.0 to local cache[0m
[32m2026-07-15 16:24:34.253[0m | [34m[1mDEBUG   [0m | [36mearth2studio.data.utils[0m:[36m_make_local_details[0m:[36m1070[0m - [34m[1mCopying /gcp-public-data-arco-era5/ar/full_37-1h-0p25deg-chunk-1.zarr-v3/soil_temperature_level_1/700260.0.0 to local cache[0m
[32m2026-07-15 16:24:34.256[0m | [34m[1mDEBUG   [0m | [36mearth2studio.data.utils[0m:[36m_make_local_details[0m:[36m1070[0m - [34m[1mCopying /gcp-public-data-arco-era5/ar/full_37-1h-0p25deg-chunk-1.zarr-v3/soil_temperature_level_2/700260.0.0 to local cache[0m
[32m2026-07-15 16:24:34.334[0m | [34m[1mDEBUG   [0m | [36mearth2studio.data.utils[0m:[36m_make_local_details[0m:[36m1070[0m - [34m[1mCopying /gcp-public-data-arco-era5/ar/full_37-1h-0p25deg-chunk-1.zarr-v3/skin_temperature/700260.0.0 to local cache[0m
target_step 9: sum=-1.8435e-02
Saved /cluster/projects/nn12107k/robin/earth2studio/aifs_attributions_vestlandet/aifs_ig_attributions_vestlandet_init1979-11-20T12_target1979-11-23T00.nc
Cleaned up temporary input data cache: /cluster/projects/nn12107k/robin/e2s_data_cache_d18epf2z
Init: 1979-11-20 18:00:00 -> target valid time 1979-11-23 00:00:00 (9 steps, target_step=8)
[32m2026-07-15 16:27:54.644[0m | [34m[1mDEBUG   [0m | [36mearth2studio.data.utils[0m:[36m_make_local_details[0m:[36m1070[0m - [34m[1mCopying /gcp-public-data-arco-era5/ar/full_37-1h-0p25deg-chunk-1.zarr-v3/.zattrs to local cache[0m
[32m2026-07-15 16:27:55.646[0m | [34m[1mDEBUG   [0m | [36mearth2studio.data.utils[0m:[36m_make_local_details[0m:[36m1070[0m - [34m[1mCopying /gcp-public-data-arco-era5/ar/full_37-1h-0p25deg-chunk-1.zarr-v3/.zgroup to local cache[0m
[32m2026-07-15 16:27:55.723[0m | [34m[1mDEBUG   [0m | [36mearth2studio.data.utils[0m:[36m_make_local_details[0m:[36m1070[0m - [34m[1mCopying /gcp-public-data-arco-era5/ar/full_37-1h-0p25deg-chunk-1.zarr-v3/.zmetadata to local cache[0m
[32m2026-07-15 16:27:56.028[0m | [34m[1mDEBUG   [0m | [36mearth2studio.data.utils[0m:[36m_make_local_details[0m:[36m1070[0m - [34m[1mCopying /gcp-public-data-arco-era5/ar/full_37-1h-0p25deg-chunk-1.zarr-v3/level/0 to local cache[0m
[32m2026-07-15 16:27:56.301[0m | [34m[1mDEBUG   [0m | [36mearth2studio.data.utils[0m:[36m_make_local_details[0m:[36m1070[0m - [34m[1mCopying /gcp-public-data-arco-era5/ar/model-level-1h-0p25deg.zarr-v1/.zattrs to local cache[0m
[32m2026-07-15 16:27:56.615[0m | [34m[1mDEBUG   [0m | [36mearth2studio.data.utils[0m:[36m_make_local_details[0m:[36m1070[0m - [34m[1mCopying /gcp-public-data-arco-era5/ar/model-level-1h-0p25deg.zarr-v1/.zgroup to local cache[0m
[32m2026-07-15 16:27:56.621[0m | [34m[1mDEBUG   [0m | [36mearth2studio.data.utils[0m:[36m_make_local_details[0m:[36m1070[0m - [34m[1mCopying /gcp-public-data-arco-era5/ar/model-level-1h-0p25deg.zarr-v1/.zmetadata to local cache[0m
[32m2026-07-15 16:27:56.973[0m | [34m[1mDEBUG   [0m | [36mearth2studio.data.utils[0m:[36m_make_local_details[0m:[36m1070[0m - [34m[1mCopying /gcp-public-data-arco-era5/ar/model-level-1h-0p25deg.zarr-v1/hybrid/0 to local cache[0m
[32m2026-07-15 16:27:57.182[0m | [34m[1mDEBUG   [0m | [36mearth2studio.data.utils[0m:[36m_make_local_details[0m:[36m1070[0m - [34m[1mCopying /gcp-public-data-arco-era5/ar/full_37-1h-0p25deg-chunk-1.zarr-v3/total_column_water/700260.0.0 to local cache[0m
[32m2026-07-15 16:27:57.224[0m | [34m[1mDEBUG   [0m | [36mearth2studio.data.utils[0m:[36m_make_local_details[0m:[36m1070[0m - [34m[1mCopying /gcp-public-data-arco-era5/ar/full_37-1h-0p25deg-chunk-1.zarr-v3/10m_u_component_of_wind/700260.0.0 to local cache[0m
[32m2026-07-15 16:27:57.267[0m | [34m[1mDEBUG   [0m | [36mearth2studio.data.utils[0m:[36m_make_local_details[0m:[36m1070[0m - [34m[1mCopying /gcp-public-data-arco-era5/ar/full_37-1h-0p25deg-chunk-1.zarr-v3/vertical_velocity/700260.0.0.0 to local cache[0m
[32m2026-07-15 16:27:57.275[0m | [34m[1mDEBUG   [0m | [36mearth2studio.data.utils[0m:[36m_make_local_details[0m:[36m1070[0m - [34m[1mCopying /gcp-public-data-arco-era5/ar/full_37-1h-0p25deg-chunk-1.zarr-v3/2m_dewpoint_temperature/700260.0.0 to local cache[0m
[32m2026-07-15 16:27:57.278[0m | [34m[1mDEBUG   [0m | [36mearth2studio.data.utils[0m:[36m_make_local_details[0m:[36m1070[0m - [34m[1mCopying /gcp-public-data-arco-era5/ar/full_37-1h-0p25deg-chunk-1.zarr-v3/volumetric_soil_water_layer_1/700260.0.0 to local cache[0m
[32m2026-07-15 16:27:57.279[0m | [34m[1mDEBUG   [0m | [36mearth2studio.data.utils[0m:[36m_make_local_details[0m:[36m1070[0m - [34m[1mCopying /gcp-public-data-arco-era5/ar/full_37-1h-0p25deg-chunk-1.zarr-v3/u_component_of_wind/700260.0.0.0 to local cache[0m
[32m2026-07-15 16:27:57.281[0m | [34m[1mDEBUG   [0m | [36mearth2studio.data.utils[0m:[36m_make_local_details[0m:[36m1070[0m - [34m[1mCopying /gcp-public-data-arco-era5/ar/full_37-1h-0p25deg-chunk-1.zarr-v3/mean_sea_level_pressure/700260.0.0 to local cache[0m
[32m2026-07-15 16:27:57.281[0m | [34m[1mDEBUG   [0m | [36mearth2studio.data.utils[0m:[36m_make_local_details[0m:[36m1070[0m - [34m[1mCopying /gcp-public-data-arco-era5/ar/full_37-1h-0p25deg-chunk-1.zarr-v3/volumetric_soil_water_layer_2/700260.0.0 to local cache[0m
[32m2026-07-15 16:27:57.283[0m | [34m[1mDEBUG   [0m | [36mearth2studio.data.utils[0m:[36m_make_local_details[0m:[36m1070[0m - [34m[1mCopying /gcp-public-data-arco-era5/ar/full_37-1h-0p25deg-chunk-1.zarr-v3/v_component_of_wind/700260.0.0.0 to local cache[0m
[32m2026-07-15 16:27:57.286[0m | [34m[1mDEBUG   [0m | [36mearth2studio.data.utils[0m:[36m_make_local_details[0m:[36m1070[0m - [34m[1mCopying /gcp-public-data-arco-era5/ar/full_37-1h-0p25deg-chunk-1.zarr-v3/specific_humidity/700260.0.0.0 to local cache[0m
[32m2026-07-15 16:27:57.294[0m | [34m[1mDEBUG   [0m | [36mearth2studio.data.utils[0m:[36m_make_local_details[0m:[36m1070[0m - [34m[1mCopying /gcp-public-data-arco-era5/ar/full_37-1h-0p25deg-chunk-1.zarr-v3/surface_pressure/700260.0.0 to local cache[0m
[32m2026-07-15 16:27:57.295[0m | [34m[1mDEBUG   [0m | [36mearth2studio.data.utils[0m:[36m_make_local_details[0m:[36m1070[0m - [34m[1mCopying /gcp-public-data-arco-era5/ar/full_37-1h-0p25deg-chunk-1.zarr-v3/temperature/700260.0.0.0 to local cache[0m
[32m2026-07-15 16:27:57.297[0m | [34m[1mDEBUG   [0m | [36mearth2studio.data.utils[0m:[36m_make_local_details[0m:[36m1070[0m - [34m[1mCopying /gcp-public-data-arco-era5/ar/full_37-1h-0p25deg-chunk-1.zarr-v3/geopotential/700260.0.0.0 to local cache[0m
[32m2026-07-15 16:27:57.298[0m | [34m[1mDEBUG   [0m | [36mearth2studio.data.utils[0m:[36m_make_local_details[0m:[36m1070[0m - [34m[1mCopying /gcp-public-data-arco-era5/ar/full_37-1h-0p25deg-chunk-1.zarr-v3/soil_temperature_level_2/700260.0.0 to local cache[0m
[32m2026-07-15 16:27:57.300[0m | [34m[1mDEBUG   [0m | [36mearth2studio.data.utils[0m:[36m_make_local_details[0m:[36m1070[0m - [34m[1mCopying /gcp-public-data-arco-era5/ar/full_37-1h-0p25deg-chunk-1.zarr-v3/10m_v_component_of_wind/700260.0.0 to local cache[0m
[32m2026-07-15 16:27:57.306[0m | [34m[1mDEBUG   [0m | [36mearth2studio.data.utils[0m:[36m_make_local_details[0m:[36m1070[0m - [34m[1mCopying /gcp-public-data-arco-era5/ar/full_37-1h-0p25deg-chunk-1.zarr-v3/2m_temperature/700260.0.0 to local cache[0m
[32m2026-07-15 16:27:57.311[0m | [34m[1mDEBUG   [0m | [36mearth2studio.data.utils[0m:[36m_make_local_details[0m:[36m1070[0m - [34m[1mCopying /gcp-public-data-arco-era5/ar/full_37-1h-0p25deg-chunk-1.zarr-v3/soil_temperature_level_1/700260.0.0 to local cache[0m
[32m2026-07-15 16:27:57.315[0m | [34m[1mDEBUG   [0m | [36mearth2studio.data.utils[0m:[36m_make_local_details[0m:[36m1070[0m - [34m[1mCopying /gcp-public-data-arco-era5/ar/full_37-1h-0p25deg-chunk-1.zarr-v3/skin_temperature/700260.0.0 to local cache[0m
[32m2026-07-15 16:28:02.709[0m | [34m[1mDEBUG   [0m | [36mearth2studio.data.utils[0m:[36m_make_local_details[0m:[36m1070[0m - [34m[1mCopying /gcp-public-data-arco-era5/ar/full_37-1h-0p25deg-chunk-1.zarr-v3/volumetric_soil_water_layer_2/700266.0.0 to local cache[0m
[32m2026-07-15 16:28:02.712[0m | [34m[1mDEBUG   [0m | [36mearth2studio.data.utils[0m:[36m_make_local_details[0m:[36m1070[0m - [34m[1mCopying /gcp-public-data-arco-era5/ar/full_37-1h-0p25deg-chunk-1.zarr-v3/u_component_of_wind/700266.0.0.0 to local cache[0m
[32m2026-07-15 16:28:02.714[0m | [34m[1mDEBUG   [0m | [36mearth2studio.data.utils[0m:[36m_make_local_details[0m:[36m1070[0m - [34m[1mCopying /gcp-public-data-arco-era5/ar/full_37-1h-0p25deg-chunk-1.zarr-v3/specific_humidity/700266.0.0.0 to local cache[0m
[32m2026-07-15 16:28:02.715[0m | [34m[1mDEBUG   [0m | [36mearth2studio.data.utils[0m:[36m_make_local_details[0m:[36m1070[0m - [34m[1mCopying /gcp-public-data-arco-era5/ar/full_37-1h-0p25deg-chunk-1.zarr-v3/temperature/700266.0.0.0 to local cache[0m
[32m2026-07-15 16:28:02.717[0m | [34m[1mDEBUG   [0m | [36mearth2studio.data.utils[0m:[36m_make_local_details[0m:[36m1070[0m - [34m[1mCopying /gcp-public-data-arco-era5/ar/full_37-1h-0p25deg-chunk-1.zarr-v3/total_column_water/700266.0.0 to local cache[0m
[32m2026-07-15 16:28:02.719[0m | [34m[1mDEBUG   [0m | [36mearth2studio.data.utils[0m:[36m_make_local_details[0m:[36m1070[0m - [34m[1mCopying /gcp-public-data-arco-era5/ar/full_37-1h-0p25deg-chunk-1.zarr-v3/v_component_of_wind/700266.0.0.0 to local cache[0m
[32m2026-07-15 16:28:02.720[0m | [34m[1mDEBUG   [0m | [36mearth2studio.data.utils[0m:[36m_make_local_details[0m:[36m1070[0m - [34m[1mCopying /gcp-public-data-arco-era5/ar/full_37-1h-0p25deg-chunk-1.zarr-v3/geopotential/700266.0.0.0 to local cache[0m
[32m2026-07-15 16:28:02.721[0m | [34m[1mDEBUG   [0m | [36mearth2studio.data.utils[0m:[36m_make_local_details[0m:[36m1070[0m - [34m[1mCopying /gcp-public-data-arco-era5/ar/full_37-1h-0p25deg-chunk-1.zarr-v3/10m_u_component_of_wind/700266.0.0 to local cache[0m
[32m2026-07-15 16:28:02.733[0m | [34m[1mDEBUG   [0m | [36mearth2studio.data.utils[0m:[36m_make_local_details[0m:[36m1070[0m - [34m[1mCopying /gcp-public-data-arco-era5/ar/full_37-1h-0p25deg-chunk-1.zarr-v3/soil_temperature_level_2/700266.0.0 to local cache[0m
[32m2026-07-15 16:28:02.799[0m | [34m[1mDEBUG   [0m | [36mearth2studio.data.utils[0m:[36m_make_local_details[0m:[36m1070[0m - [34m[1mCopying /gcp-public-data-arco-era5/ar/full_37-1h-0p25deg-chunk-1.zarr-v3/10m_v_component_of_wind/700266.0.0 to local cache[0m
[32m2026-07-15 16:28:02.807[0m | [34m[1mDEBUG   [0m | [36mearth2studio.data.utils[0m:[36m_make_local_details[0m:[36m1070[0m - [34m[1mCopying /gcp-public-data-arco-era5/ar/full_37-1h-0p25deg-chunk-1.zarr-v3/surface_pressure/700266.0.0 to local cache[0m
[32m2026-07-15 16:28:02.809[0m | [34m[1mDEBUG   [0m | [36mearth2studio.data.utils[0m:[36m_make_local_details[0m:[36m1070[0m - [34m[1mCopying /gcp-public-data-arco-era5/ar/full_37-1h-0p25deg-chunk-1.zarr-v3/2m_temperature/700266.0.0 to local cache[0m
[32m2026-07-15 16:28:02.813[0m | [34m[1mDEBUG   [0m | [36mearth2studio.data.utils[0m:[36m_make_local_details[0m:[36m1070[0m - [34m[1mCopying /gcp-public-data-arco-era5/ar/full_37-1h-0p25deg-chunk-1.zarr-v3/skin_temperature/700266.0.0 to local cache[0m
[32m2026-07-15 16:28:02.814[0m | [34m[1mDEBUG   [0m | [36mearth2studio.data.utils[0m:[36m_make_local_details[0m:[36m1070[0m - [34m[1mCopying /gcp-public-data-arco-era5/ar/full_37-1h-0p25deg-chunk-1.zarr-v3/2m_dewpoint_temperature/700266.0.0 to local cache[0m
[32m2026-07-15 16:28:02.822[0m | [34m[1mDEBUG   [0m | [36mearth2studio.data.utils[0m:[36m_make_local_details[0m:[36m1070[0m - [34m[1mCopying /gcp-public-data-arco-era5/ar/full_37-1h-0p25deg-chunk-1.zarr-v3/volumetric_soil_water_layer_1/700266.0.0 to local cache[0m
[32m2026-07-15 16:28:02.830[0m | [34m[1mDEBUG   [0m | [36mearth2studio.data.utils[0m:[36m_make_local_details[0m:[36m1070[0m - [34m[1mCopying /gcp-public-data-arco-era5/ar/full_37-1h-0p25deg-chunk-1.zarr-v3/soil_temperature_level_1/700266.0.0 to local cache[0m
[32m2026-07-15 16:28:02.869[0m | [34m[1mDEBUG   [0m | [36mearth2studio.data.utils[0m:[36m_make_local_details[0m:[36m1070[0m - [34m[1mCopying /gcp-public-data-arco-era5/ar/full_37-1h-0p25deg-chunk-1.zarr-v3/mean_sea_level_pressure/700266.0.0 to local cache[0m
[32m2026-07-15 16:28:02.899[0m | [34m[1mDEBUG   [0m | [36mearth2studio.data.utils[0m:[36m_make_local_details[0m:[36m1070[0m - [34m[1mCopying /gcp-public-data-arco-era5/ar/full_37-1h-0p25deg-chunk-1.zarr-v3/vertical_velocity/700266.0.0.0 to local cache[0m
target_step 8: sum=-2.3877e-02
Saved /cluster/projects/nn12107k/robin/earth2studio/aifs_attributions_vestlandet/aifs_ig_attributions_vestlandet_init1979-11-20T18_target1979-11-23T00.nc
Cleaned up temporary input data cache: /cluster/projects/nn12107k/robin/e2s_data_cache_uc97v5ft
Init: 1979-11-21 00:00:00 -> target valid time 1979-11-23 00:00:00 (8 steps, target_step=7)
[32m2026-07-15 16:31:06.085[0m | [34m[1mDEBUG   [0m | [36mearth2studio.data.utils[0m:[36m_make_local_details[0m:[36m1070[0m - [34m[1mCopying /gcp-public-data-arco-era5/ar/full_37-1h-0p25deg-chunk-1.zarr-v3/.zattrs to local cache[0m
[32m2026-07-15 16:31:07.053[0m | [34m[1mDEBUG   [0m | [36mearth2studio.data.utils[0m:[36m_make_local_details[0m:[36m1070[0m - [34m[1mCopying /gcp-public-data-arco-era5/ar/full_37-1h-0p25deg-chunk-1.zarr-v3/.zgroup to local cache[0m
[32m2026-07-15 16:31:07.113[0m | [34m[1mDEBUG   [0m | [36mearth2studio.data.utils[0m:[36m_make_local_details[0m:[36m1070[0m - [34m[1mCopying /gcp-public-data-arco-era5/ar/full_37-1h-0p25deg-chunk-1.zarr-v3/.zmetadata to local cache[0m
[32m2026-07-15 16:31:07.440[0m | [34m[1mDEBUG   [0m | [36mearth2studio.data.utils[0m:[36m_make_local_details[0m:[36m1070[0m - [34m[1mCopying /gcp-public-data-arco-era5/ar/full_37-1h-0p25deg-chunk-1.zarr-v3/level/0 to local cache[0m
[32m2026-07-15 16:31:07.718[0m | [34m[1mDEBUG   [0m | [36mearth2studio.data.utils[0m:[36m_make_local_details[0m:[36m1070[0m - [34m[1mCopying /gcp-public-data-arco-era5/ar/model-level-1h-0p25deg.zarr-v1/.zattrs to local cache[0m
[32m2026-07-15 16:31:08.030[0m | [34m[1mDEBUG   [0m | [36mearth2studio.data.utils[0m:[36m_make_local_details[0m:[36m1070[0m - [34m[1mCopying /gcp-public-data-arco-era5/ar/model-level-1h-0p25deg.zarr-v1/.zgroup to local cache[0m
[32m2026-07-15 16:31:08.031[0m | [34m[1mDEBUG   [0m | [36mearth2studio.data.utils[0m:[36m_make_local_details[0m:[36m1070[0m - [34m[1mCopying /gcp-public-data-arco-era5/ar/model-level-1h-0p25deg.zarr-v1/.zmetadata to local cache[0m
[32m2026-07-15 16:31:08.352[0m | [34m[1mDEBUG   [0m | [36mearth2studio.data.utils[0m:[36m_make_local_details[0m:[36m1070[0m - [34m[1mCopying /gcp-public-data-arco-era5/ar/model-level-1h-0p25deg.zarr-v1/hybrid/0 to local cache[0m
[32m2026-07-15 16:31:08.634[0m | [34m[1mDEBUG   [0m | [36mearth2studio.data.utils[0m:[36m_make_local_details[0m:[36m1070[0m - [34m[1mCopying /gcp-public-data-arco-era5/ar/full_37-1h-0p25deg-chunk-1.zarr-v3/skin_temperature/700266.0.0 to local cache[0m
[32m2026-07-15 16:31:08.649[0m | [34m[1mDEBUG   [0m | [36mearth2studio.data.utils[0m:[36m_make_local_details[0m:[36m1070[0m - [34m[1mCopying /gcp-public-data-arco-era5/ar/full_37-1h-0p25deg-chunk-1.zarr-v3/2m_dewpoint_temperature/700266.0.0 to local cache[0m
[32m2026-07-15 16:31:08.650[0m | [34m[1mDEBUG   [0m | [36mearth2studio.data.utils[0m:[36m_make_local_details[0m:[36m1070[0m - [34m[1mCopying /gcp-public-data-arco-era5/ar/full_37-1h-0p25deg-chunk-1.zarr-v3/mean_sea_level_pressure/700266.0.0 to local cache[0m
[32m2026-07-15 16:31:08.653[0m | [34m[1mDEBUG   [0m | [36mearth2studio.data.utils[0m:[36m_make_local_details[0m:[36m1070[0m - [34m[1mCopying /gcp-public-data-arco-era5/ar/full_37-1h-0p25deg-chunk-1.zarr-v3/10m_u_component_of_wind/700266.0.0 to local cache[0m
[32m2026-07-15 16:31:08.654[0m | [34m[1mDEBUG   [0m | [36mearth2studio.data.utils[0m:[36m_make_local_details[0m:[36m1070[0m - [34m[1mCopying /gcp-public-data-arco-era5/ar/full_37-1h-0p25deg-chunk-1.zarr-v3/vertical_velocity/700266.0.0.0 to local cache[0m
[32m2026-07-15 16:31:08.655[0m | [34m[1mDEBUG   [0m | [36mearth2studio.data.utils[0m:[36m_make_local_details[0m:[36m1070[0m - [34m[1mCopying /gcp-public-data-arco-era5/ar/full_37-1h-0p25deg-chunk-1.zarr-v3/u_component_of_wind/700266.0.0.0 to local cache[0m
[32m2026-07-15 16:31:08.672[0m | [34m[1mDEBUG   [0m | [36mearth2studio.data.utils[0m:[36m_make_local_details[0m:[36m1070[0m - [34m[1mCopying /gcp-public-data-arco-era5/ar/full_37-1h-0p25deg-chunk-1.zarr-v3/v_component_of_wind/700266.0.0.0 to local cache[0m
[32m2026-07-15 16:31:08.674[0m | [34m[1mDEBUG   [0m | [36mearth2studio.data.utils[0m:[36m_make_local_details[0m:[36m1070[0m - [34m[1mCopying /gcp-public-data-arco-era5/ar/full_37-1h-0p25deg-chunk-1.zarr-v3/specific_humidity/700266.0.0.0 to local cache[0m
[32m2026-07-15 16:31:08.676[0m | [34m[1mDEBUG   [0m | [36mearth2studio.data.utils[0m:[36m_make_local_details[0m:[36m1070[0m - [34m[1mCopying /gcp-public-data-arco-era5/ar/full_37-1h-0p25deg-chunk-1.zarr-v3/total_column_water/700266.0.0 to local cache[0m
[32m2026-07-15 16:31:08.676[0m | [34m[1mDEBUG   [0m | [36mearth2studio.data.utils[0m:[36m_make_local_details[0m:[36m1070[0m - [34m[1mCopying /gcp-public-data-arco-era5/ar/full_37-1h-0p25deg-chunk-1.zarr-v3/volumetric_soil_water_layer_2/700266.0.0 to local cache[0m
[32m2026-07-15 16:31:08.678[0m | [34m[1mDEBUG   [0m | [36mearth2studio.data.utils[0m:[36m_make_local_details[0m:[36m1070[0m - [34m[1mCopying /gcp-public-data-arco-era5/ar/full_37-1h-0p25deg-chunk-1.zarr-v3/soil_temperature_level_1/700266.0.0 to local cache[0m
[32m2026-07-15 16:31:08.679[0m | [34m[1mDEBUG   [0m | [36mearth2studio.data.utils[0m:[36m_make_local_details[0m:[36m1070[0m - [34m[1mCopying /gcp-public-data-arco-era5/ar/full_37-1h-0p25deg-chunk-1.zarr-v3/geopotential/700266.0.0.0 to local cache[0m
[32m2026-07-15 16:31:08.680[0m | [34m[1mDEBUG   [0m | [36mearth2studio.data.utils[0m:[36m_make_local_details[0m:[36m1070[0m - [34m[1mCopying /gcp-public-data-arco-era5/ar/full_37-1h-0p25deg-chunk-1.zarr-v3/temperature/700266.0.0.0 to local cache[0m
[32m2026-07-15 16:31:08.682[0m | [34m[1mDEBUG   [0m | [36mearth2studio.data.utils[0m:[36m_make_local_details[0m:[36m1070[0m - [34m[1mCopying /gcp-public-data-arco-era5/ar/full_37-1h-0p25deg-chunk-1.zarr-v3/soil_temperature_level_2/700266.0.0 to local cache[0m
[32m2026-07-15 16:31:08.682[0m | [34m[1mDEBUG   [0m | [36mearth2studio.data.utils[0m:[36m_make_local_details[0m:[36m1070[0m - [34m[1mCopying /gcp-public-data-arco-era5/ar/full_37-1h-0p25deg-chunk-1.zarr-v3/2m_temperature/700266.0.0 to local cache[0m
[32m2026-07-15 16:31:08.683[0m | [34m[1mDEBUG   [0m | [36mearth2studio.data.utils[0m:[36m_make_local_details[0m:[36m1070[0m - [34m[1mCopying /gcp-public-data-arco-era5/ar/full_37-1h-0p25deg-chunk-1.zarr-v3/surface_pressure/700266.0.0 to local cache[0m
[32m2026-07-15 16:31:08.685[0m | [34m[1mDEBUG   [0m | [36mearth2studio.data.utils[0m:[36m_make_local_details[0m:[36m1070[0m - [34m[1mCopying /gcp-public-data-arco-era5/ar/full_37-1h-0p25deg-chunk-1.zarr-v3/volumetric_soil_water_layer_1/700266.0.0 to local cache[0m
[32m2026-07-15 16:31:08.687[0m | [34m[1mDEBUG   [0m | [36mearth2studio.data.utils[0m:[36m_make_local_details[0m:[36m1070[0m - [34m[1mCopying /gcp-public-data-arco-era5/ar/full_37-1h-0p25deg-chunk-1.zarr-v3/10m_v_component_of_wind/700266.0.0 to local cache[0m
[32m2026-07-15 16:31:14.179[0m | [34m[1mDEBUG   [0m | [36mearth2studio.data.utils[0m:[36m_make_local_details[0m:[36m1070[0m - [34m[1mCopying /gcp-public-data-arco-era5/ar/full_37-1h-0p25deg-chunk-1.zarr-v3/vertical_velocity/700272.0.0.0 to local cache[0m
[32m2026-07-15 16:31:14.180[0m | [34m[1mDEBUG   [0m | [36mearth2studio.data.utils[0m:[36m_make_local_details[0m:[36m1070[0m - [34m[1mCopying /gcp-public-data-arco-era5/ar/full_37-1h-0p25deg-chunk-1.zarr-v3/volumetric_soil_water_layer_1/700272.0.0 to local cache[0m
[32m2026-07-15 16:31:14.182[0m | [34m[1mDEBUG   [0m | [36mearth2studio.data.utils[0m:[36m_make_local_details[0m:[36m1070[0m - [34m[1mCopying /gcp-public-data-arco-era5/ar/full_37-1h-0p25deg-chunk-1.zarr-v3/v_component_of_wind/700272.0.0.0 to local cache[0m
[32m2026-07-15 16:31:14.182[0m | [34m[1mDEBUG   [0m | [36mearth2studio.data.utils[0m:[36m_make_local_details[0m:[36m1070[0m - [34m[1mCopying /gcp-public-data-arco-era5/ar/full_37-1h-0p25deg-chunk-1.zarr-v3/specific_humidity/700272.0.0.0 to local cache[0m
[32m2026-07-15 16:31:14.184[0m | [34m[1mDEBUG   [0m | [36mearth2studio.data.utils[0m:[36m_make_local_details[0m:[36m1070[0m - [34m[1mCopying /gcp-public-data-arco-era5/ar/full_37-1h-0p25deg-chunk-1.zarr-v3/2m_temperature/700272.0.0 to local cache[0m
[32m2026-07-15 16:31:14.185[0m | [34m[1mDEBUG   [0m | [36mearth2studio.data.utils[0m:[36m_make_local_details[0m:[36m1070[0m - [34m[1mCopying /gcp-public-data-arco-era5/ar/full_37-1h-0p25deg-chunk-1.zarr-v3/soil_temperature_level_2/700272.0.0 to local cache[0m
[32m2026-07-15 16:31:14.187[0m | [34m[1mDEBUG   [0m | [36mearth2studio.data.utils[0m:[36m_make_local_details[0m:[36m1070[0m - [34m[1mCopying /gcp-public-data-arco-era5/ar/full_37-1h-0p25deg-chunk-1.zarr-v3/10m_u_component_of_wind/700272.0.0 to local cache[0m
[32m2026-07-15 16:31:14.187[0m | [34m[1mDEBUG   [0m | [36mearth2studio.data.utils[0m:[36m_make_local_details[0m:[36m1070[0m - [34m[1mCopying /gcp-public-data-arco-era5/ar/full_37-1h-0p25deg-chunk-1.zarr-v3/geopotential/700272.0.0.0 to local cache[0m
[32m2026-07-15 16:31:14.189[0m | [34m[1mDEBUG   [0m | [36mearth2studio.data.utils[0m:[36m_make_local_details[0m:[36m1070[0m - [34m[1mCopying /gcp-public-data-arco-era5/ar/full_37-1h-0p25deg-chunk-1.zarr-v3/soil_temperature_level_1/700272.0.0 to local cache[0m
[32m2026-07-15 16:31:14.263[0m | [34m[1mDEBUG   [0m | [36mearth2studio.data.utils[0m:[36m_make_local_details[0m:[36m1070[0m - [34m[1mCopying /gcp-public-data-arco-era5/ar/full_37-1h-0p25deg-chunk-1.zarr-v3/u_component_of_wind/700272.0.0.0 to local cache[0m
[32m2026-07-15 16:31:14.266[0m | [34m[1mDEBUG   [0m | [36mearth2studio.data.utils[0m:[36m_make_local_details[0m:[36m1070[0m - [34m[1mCopying /gcp-public-data-arco-era5/ar/full_37-1h-0p25deg-chunk-1.zarr-v3/10m_v_component_of_wind/700272.0.0 to local cache[0m
[32m2026-07-15 16:31:14.268[0m | [34m[1mDEBUG   [0m | [36mearth2studio.data.utils[0m:[36m_make_local_details[0m:[36m1070[0m - [34m[1mCopying /gcp-public-data-arco-era5/ar/full_37-1h-0p25deg-chunk-1.zarr-v3/mean_sea_level_pressure/700272.0.0 to local cache[0m
[32m2026-07-15 16:31:14.274[0m | [34m[1mDEBUG   [0m | [36mearth2studio.data.utils[0m:[36m_make_local_details[0m:[36m1070[0m - [34m[1mCopying /gcp-public-data-arco-era5/ar/full_37-1h-0p25deg-chunk-1.zarr-v3/volumetric_soil_water_layer_2/700272.0.0 to local cache[0m
[32m2026-07-15 16:31:14.275[0m | [34m[1mDEBUG   [0m | [36mearth2studio.data.utils[0m:[36m_make_local_details[0m:[36m1070[0m - [34m[1mCopying /gcp-public-data-arco-era5/ar/full_37-1h-0p25deg-chunk-1.zarr-v3/temperature/700272.0.0.0 to local cache[0m
[32m2026-07-15 16:31:14.276[0m | [34m[1mDEBUG   [0m | [36mearth2studio.data.utils[0m:[36m_make_local_details[0m:[36m1070[0m - [34m[1mCopying /gcp-public-data-arco-era5/ar/full_37-1h-0p25deg-chunk-1.zarr-v3/2m_dewpoint_temperature/700272.0.0 to local cache[0m
[32m2026-07-15 16:31:14.284[0m | [34m[1mDEBUG   [0m | [36mearth2studio.data.utils[0m:[36m_make_local_details[0m:[36m1070[0m - [34m[1mCopying /gcp-public-data-arco-era5/ar/full_37-1h-0p25deg-chunk-1.zarr-v3/surface_pressure/700272.0.0 to local cache[0m
[32m2026-07-15 16:31:14.289[0m | [34m[1mDEBUG   [0m | [36mearth2studio.data.utils[0m:[36m_make_local_details[0m:[36m1070[0m - [34m[1mCopying /gcp-public-data-arco-era5/ar/full_37-1h-0p25deg-chunk-1.zarr-v3/total_column_water/700272.0.0 to local cache[0m
[32m2026-07-15 16:31:14.367[0m | [34m[1mDEBUG   [0m | [36mearth2studio.data.utils[0m:[36m_make_local_details[0m:[36m1070[0m - [34m[1mCopying /gcp-public-data-arco-era5/ar/full_37-1h-0p25deg-chunk-1.zarr-v3/skin_temperature/700272.0.0 to local cache[0m
target_step 7: sum=-2.2225e-02
Saved /cluster/projects/nn12107k/robin/earth2studio/aifs_attributions_vestlandet/aifs_ig_attributions_vestlandet_init1979-11-21T00_target1979-11-23T00.nc
Cleaned up temporary input data cache: /cluster/projects/nn12107k/robin/e2s_data_cache_fgxgyqhx
Init: 1979-11-21 06:00:00 -> target valid time 1979-11-23 00:00:00 (7 steps, target_step=6)
[32m2026-07-15 16:33:57.028[0m | [34m[1mDEBUG   [0m | [36mearth2studio.data.utils[0m:[36m_make_local_details[0m:[36m1070[0m - [34m[1mCopying /gcp-public-data-arco-era5/ar/full_37-1h-0p25deg-chunk-1.zarr-v3/.zattrs to local cache[0m
[32m2026-07-15 16:33:57.994[0m | [34m[1mDEBUG   [0m | [36mearth2studio.data.utils[0m:[36m_make_local_details[0m:[36m1070[0m - [34m[1mCopying /gcp-public-data-arco-era5/ar/full_37-1h-0p25deg-chunk-1.zarr-v3/.zgroup to local cache[0m
[32m2026-07-15 16:33:58.080[0m | [34m[1mDEBUG   [0m | [36mearth2studio.data.utils[0m:[36m_make_local_details[0m:[36m1070[0m - [34m[1mCopying /gcp-public-data-arco-era5/ar/full_37-1h-0p25deg-chunk-1.zarr-v3/.zmetadata to local cache[0m
[32m2026-07-15 16:33:58.397[0m | [34m[1mDEBUG   [0m | [36mearth2studio.data.utils[0m:[36m_make_local_details[0m:[36m1070[0m - [34m[1mCopying /gcp-public-data-arco-era5/ar/full_37-1h-0p25deg-chunk-1.zarr-v3/level/0 to local cache[0m
[32m2026-07-15 16:33:58.672[0m | [34m[1mDEBUG   [0m | [36mearth2studio.data.utils[0m:[36m_make_local_details[0m:[36m1070[0m - [34m[1mCopying /gcp-public-data-arco-era5/ar/model-level-1h-0p25deg.zarr-v1/.zattrs to local cache[0m
[32m2026-07-15 16:33:59.007[0m | [34m[1mDEBUG   [0m | [36mearth2studio.data.utils[0m:[36m_make_local_details[0m:[36m1070[0m - [34m[1mCopying /gcp-public-data-arco-era5/ar/model-level-1h-0p25deg.zarr-v1/.zgroup to local cache[0m
[32m2026-07-15 16:33:59.035[0m | [34m[1mDEBUG   [0m | [36mearth2studio.data.utils[0m:[36m_make_local_details[0m:[36m1070[0m - [34m[1mCopying /gcp-public-data-arco-era5/ar/model-level-1h-0p25deg.zarr-v1/.zmetadata to local cache[0m
[32m2026-07-15 16:33:59.323[0m | [34m[1mDEBUG   [0m | [36mearth2studio.data.utils[0m:[36m_make_local_details[0m:[36m1070[0m - [34m[1mCopying /gcp-public-data-arco-era5/ar/model-level-1h-0p25deg.zarr-v1/hybrid/0 to local cache[0m
[32m2026-07-15 16:33:59.541[0m | [34m[1mDEBUG   [0m | [36mearth2studio.data.utils[0m:[36m_make_local_details[0m:[36m1070[0m - [34m[1mCopying /gcp-public-data-arco-era5/ar/full_37-1h-0p25deg-chunk-1.zarr-v3/surface_pressure/700272.0.0 to local cache[0m
[32m2026-07-15 16:33:59.586[0m | [34m[1mDEBUG   [0m | [36mearth2studio.data.utils[0m:[36m_make_local_details[0m:[36m1070[0m - [34m[1mCopying /gcp-public-data-arco-era5/ar/full_37-1h-0p25deg-chunk-1.zarr-v3/temperature/700272.0.0.0 to local cache[0m
[32m2026-07-15 16:33:59.622[0m | [34m[1mDEBUG   [0m | [36mearth2studio.data.utils[0m:[36m_make_local_details[0m:[36m1070[0m - [34m[1mCopying /gcp-public-data-arco-era5/ar/full_37-1h-0p25deg-chunk-1.zarr-v3/total_column_water/700272.0.0 to local cache[0m
[32m2026-07-15 16:33:59.634[0m | [34m[1mDEBUG   [0m | [36mearth2studio.data.utils[0m:[36m_make_local_details[0m:[36m1070[0m - [34m[1mCopying /gcp-public-data-arco-era5/ar/full_37-1h-0p25deg-chunk-1.zarr-v3/10m_v_component_of_wind/700272.0.0 to local cache[0m
[32m2026-07-15 16:33:59.636[0m | [34m[1mDEBUG   [0m | [36mearth2studio.data.utils[0m:[36m_make_local_details[0m:[36m1070[0m - [34m[1mCopying /gcp-public-data-arco-era5/ar/full_37-1h-0p25deg-chunk-1.zarr-v3/specific_humidity/700272.0.0.0 to local cache[0m
[32m2026-07-15 16:33:59.637[0m | [34m[1mDEBUG   [0m | [36mearth2studio.data.utils[0m:[36m_make_local_details[0m:[36m1070[0m - [34m[1mCopying /gcp-public-data-arco-era5/ar/full_37-1h-0p25deg-chunk-1.zarr-v3/mean_sea_level_pressure/700272.0.0 to local cache[0m
[32m2026-07-15 16:33:59.640[0m | [34m[1mDEBUG   [0m | [36mearth2studio.data.utils[0m:[36m_make_local_details[0m:[36m1070[0m - [34m[1mCopying /gcp-public-data-arco-era5/ar/full_37-1h-0p25deg-chunk-1.zarr-v3/v_component_of_wind/700272.0.0.0 to local cache[0m
[32m2026-07-15 16:33:59.644[0m | [34m[1mDEBUG   [0m | [36mearth2studio.data.utils[0m:[36m_make_local_details[0m:[36m1070[0m - [34m[1mCopying /gcp-public-data-arco-era5/ar/full_37-1h-0p25deg-chunk-1.zarr-v3/vertical_velocity/700272.0.0.0 to local cache[0m
[32m2026-07-15 16:33:59.652[0m | [34m[1mDEBUG   [0m | [36mearth2studio.data.utils[0m:[36m_make_local_details[0m:[36m1070[0m - [34m[1mCopying /gcp-public-data-arco-era5/ar/full_37-1h-0p25deg-chunk-1.zarr-v3/geopotential/700272.0.0.0 to local cache[0m
[32m2026-07-15 16:33:59.657[0m | [34m[1mDEBUG   [0m | [36mearth2studio.data.utils[0m:[36m_make_local_details[0m:[36m1070[0m - [34m[1mCopying /gcp-public-data-arco-era5/ar/full_37-1h-0p25deg-chunk-1.zarr-v3/skin_temperature/700272.0.0 to local cache[0m
[32m2026-07-15 16:33:59.658[0m | [34m[1mDEBUG   [0m | [36mearth2studio.data.utils[0m:[36m_make_local_details[0m:[36m1070[0m - [34m[1mCopying /gcp-public-data-arco-era5/ar/full_37-1h-0p25deg-chunk-1.zarr-v3/2m_temperature/700272.0.0 to local cache[0m
[32m2026-07-15 16:33:59.663[0m | [34m[1mDEBUG   [0m | [36mearth2studio.data.utils[0m:[36m_make_local_details[0m:[36m1070[0m - [34m[1mCopying /gcp-public-data-arco-era5/ar/full_37-1h-0p25deg-chunk-1.zarr-v3/volumetric_soil_water_layer_2/700272.0.0 to local cache[0m
[32m2026-07-15 16:33:59.665[0m | [34m[1mDEBUG   [0m | [36mearth2studio.data.utils[0m:[36m_make_local_details[0m:[36m1070[0m - [34m[1mCopying /gcp-public-data-arco-era5/ar/full_37-1h-0p25deg-chunk-1.zarr-v3/10m_u_component_of_wind/700272.0.0 to local cache[0m
[32m2026-07-15 16:33:59.666[0m | [34m[1mDEBUG   [0m | [36mearth2studio.data.utils[0m:[36m_make_local_details[0m:[36m1070[0m - [34m[1mCopying /gcp-public-data-arco-era5/ar/full_37-1h-0p25deg-chunk-1.zarr-v3/2m_dewpoint_temperature/700272.0.0 to local cache[0m
[32m2026-07-15 16:33:59.667[0m | [34m[1mDEBUG   [0m | [36mearth2studio.data.utils[0m:[36m_make_local_details[0m:[36m1070[0m - [34m[1mCopying /gcp-public-data-arco-era5/ar/full_37-1h-0p25deg-chunk-1.zarr-v3/u_component_of_wind/700272.0.0.0 to local cache[0m
[32m2026-07-15 16:33:59.668[0m | [34m[1mDEBUG   [0m | [36mearth2studio.data.utils[0m:[36m_make_local_details[0m:[36m1070[0m - [34m[1mCopying /gcp-public-data-arco-era5/ar/full_37-1h-0p25deg-chunk-1.zarr-v3/soil_temperature_level_1/700272.0.0 to local cache[0m
[32m2026-07-15 16:33:59.679[0m | [34m[1mDEBUG   [0m | [36mearth2studio.data.utils[0m:[36m_make_local_details[0m:[36m1070[0m - [34m[1mCopying /gcp-public-data-arco-era5/ar/full_37-1h-0p25deg-chunk-1.zarr-v3/volumetric_soil_water_layer_1/700272.0.0 to local cache[0m
[32m2026-07-15 16:34:00.148[0m | [34m[1mDEBUG   [0m | [36mearth2studio.data.utils[0m:[36m_make_local_details[0m:[36m1070[0m - [34m[1mCopying /gcp-public-data-arco-era5/ar/full_37-1h-0p25deg-chunk-1.zarr-v3/soil_temperature_level_2/700272.0.0 to local cache[0m
[32m2026-07-15 16:34:05.822[0m | [34m[1mDEBUG   [0m | [36mearth2studio.data.utils[0m:[36m_make_local_details[0m:[36m1070[0m - [34m[1mCopying /gcp-public-data-arco-era5/ar/full_37-1h-0p25deg-chunk-1.zarr-v3/soil_temperature_level_1/700278.0.0 to local cache[0m
[32m2026-07-15 16:34:05.823[0m | [34m[1mDEBUG   [0m | [36mearth2studio.data.utils[0m:[36m_make_local_details[0m:[36m1070[0m - [34m[1mCopying /gcp-public-data-arco-era5/ar/full_37-1h-0p25deg-chunk-1.zarr-v3/skin_temperature/700278.0.0 to local cache[0m
[32m2026-07-15 16:34:05.824[0m | [34m[1mDEBUG   [0m | [36mearth2studio.data.utils[0m:[36m_make_local_details[0m:[36m1070[0m - [34m[1mCopying /gcp-public-data-arco-era5/ar/full_37-1h-0p25deg-chunk-1.zarr-v3/10m_u_component_of_wind/700278.0.0 to local cache[0m
[32m2026-07-15 16:34:05.826[0m | [34m[1mDEBUG   [0m | [36mearth2studio.data.utils[0m:[36m_make_local_details[0m:[36m1070[0m - [34m[1mCopying /gcp-public-data-arco-era5/ar/full_37-1h-0p25deg-chunk-1.zarr-v3/total_column_water/700278.0.0 to local cache[0m
[32m2026-07-15 16:34:05.826[0m | [34m[1mDEBUG   [0m | [36mearth2studio.data.utils[0m:[36m_make_local_details[0m:[36m1070[0m - [34m[1mCopying /gcp-public-data-arco-era5/ar/full_37-1h-0p25deg-chunk-1.zarr-v3/mean_sea_level_pressure/700278.0.0 to local cache[0m
[32m2026-07-15 16:34:05.828[0m | [34m[1mDEBUG   [0m | [36mearth2studio.data.utils[0m:[36m_make_local_details[0m:[36m1070[0m - [34m[1mCopying /gcp-public-data-arco-era5/ar/full_37-1h-0p25deg-chunk-1.zarr-v3/specific_humidity/700278.0.0.0 to local cache[0m
[32m2026-07-15 16:34:05.830[0m | [34m[1mDEBUG   [0m | [36mearth2studio.data.utils[0m:[36m_make_local_details[0m:[36m1070[0m - [34m[1mCopying /gcp-public-data-arco-era5/ar/full_37-1h-0p25deg-chunk-1.zarr-v3/surface_pressure/700278.0.0 to local cache[0m
[32m2026-07-15 16:34:05.831[0m | [34m[1mDEBUG   [0m | [36mearth2studio.data.utils[0m:[36m_make_local_details[0m:[36m1070[0m - [34m[1mCopying /gcp-public-data-arco-era5/ar/full_37-1h-0p25deg-chunk-1.zarr-v3/u_component_of_wind/700278.0.0.0 to local cache[0m
[32m2026-07-15 16:34:05.832[0m | [34m[1mDEBUG   [0m | [36mearth2studio.data.utils[0m:[36m_make_local_details[0m:[36m1070[0m - [34m[1mCopying /gcp-public-data-arco-era5/ar/full_37-1h-0p25deg-chunk-1.zarr-v3/10m_v_component_of_wind/700278.0.0 to local cache[0m
[32m2026-07-15 16:34:05.842[0m | [34m[1mDEBUG   [0m | [36mearth2studio.data.utils[0m:[36m_make_local_details[0m:[36m1070[0m - [34m[1mCopying /gcp-public-data-arco-era5/ar/full_37-1h-0p25deg-chunk-1.zarr-v3/2m_dewpoint_temperature/700278.0.0 to local cache[0m
[32m2026-07-15 16:34:05.900[0m | [34m[1mDEBUG   [0m | [36mearth2studio.data.utils[0m:[36m_make_local_details[0m:[36m1070[0m - [34m[1mCopying /gcp-public-data-arco-era5/ar/full_37-1h-0p25deg-chunk-1.zarr-v3/v_component_of_wind/700278.0.0.0 to local cache[0m
[32m2026-07-15 16:34:05.909[0m | [34m[1mDEBUG   [0m | [36mearth2studio.data.utils[0m:[36m_make_local_details[0m:[36m1070[0m - [34m[1mCopying /gcp-public-data-arco-era5/ar/full_37-1h-0p25deg-chunk-1.zarr-v3/2m_temperature/700278.0.0 to local cache[0m
[32m2026-07-15 16:34:05.911[0m | [34m[1mDEBUG   [0m | [36mearth2studio.data.utils[0m:[36m_make_local_details[0m:[36m1070[0m - [34m[1mCopying /gcp-public-data-arco-era5/ar/full_37-1h-0p25deg-chunk-1.zarr-v3/volumetric_soil_water_layer_2/700278.0.0 to local cache[0m
[32m2026-07-15 16:34:05.912[0m | [34m[1mDEBUG   [0m | [36mearth2studio.data.utils[0m:[36m_make_local_details[0m:[36m1070[0m - [34m[1mCopying /gcp-public-data-arco-era5/ar/full_37-1h-0p25deg-chunk-1.zarr-v3/temperature/700278.0.0.0 to local cache[0m
[32m2026-07-15 16:34:05.920[0m | [34m[1mDEBUG   [0m | [36mearth2studio.data.utils[0m:[36m_make_local_details[0m:[36m1070[0m - [34m[1mCopying /gcp-public-data-arco-era5/ar/full_37-1h-0p25deg-chunk-1.zarr-v3/vertical_velocity/700278.0.0.0 to local cache[0m
[32m2026-07-15 16:34:05.923[0m | [34m[1mDEBUG   [0m | [36mearth2studio.data.utils[0m:[36m_make_local_details[0m:[36m1070[0m - [34m[1mCopying /gcp-public-data-arco-era5/ar/full_37-1h-0p25deg-chunk-1.zarr-v3/volumetric_soil_water_layer_1/700278.0.0 to local cache[0m
[32m2026-07-15 16:34:05.951[0m | [34m[1mDEBUG   [0m | [36mearth2studio.data.utils[0m:[36m_make_local_details[0m:[36m1070[0m - [34m[1mCopying /gcp-public-data-arco-era5/ar/full_37-1h-0p25deg-chunk-1.zarr-v3/soil_temperature_level_2/700278.0.0 to local cache[0m
[32m2026-07-15 16:34:05.979[0m | [34m[1mDEBUG   [0m | [36mearth2studio.data.utils[0m:[36m_make_local_details[0m:[36m1070[0m - [34m[1mCopying /gcp-public-data-arco-era5/ar/full_37-1h-0p25deg-chunk-1.zarr-v3/geopotential/700278.0.0.0 to local cache[0m
target_step 6: sum=-2.8846e-02
Saved /cluster/projects/nn12107k/robin/earth2studio/aifs_attributions_vestlandet/aifs_ig_attributions_vestlandet_init1979-11-21T06_target1979-11-23T00.nc
Cleaned up temporary input data cache: /cluster/projects/nn12107k/robin/e2s_data_cache_6ka2kr3m
Init: 1979-11-21 12:00:00 -> target valid time 1979-11-23 00:00:00 (6 steps, target_step=5)
[32m2026-07-15 16:36:29.995[0m | [34m[1mDEBUG   [0m | [36mearth2studio.data.utils[0m:[36m_make_local_details[0m:[36m1070[0m - [34m[1mCopying /gcp-public-data-arco-era5/ar/full_37-1h-0p25deg-chunk-1.zarr-v3/.zattrs to local cache[0m
[32m2026-07-15 16:36:30.956[0m | [34m[1mDEBUG   [0m | [36mearth2studio.data.utils[0m:[36m_make_local_details[0m:[36m1070[0m - [34m[1mCopying /gcp-public-data-arco-era5/ar/full_37-1h-0p25deg-chunk-1.zarr-v3/.zgroup to local cache[0m
[32m2026-07-15 16:36:31.110[0m | [34m[1mDEBUG   [0m | [36mearth2studio.data.utils[0m:[36m_make_local_details[0m:[36m1070[0m - [34m[1mCopying /gcp-public-data-arco-era5/ar/full_37-1h-0p25deg-chunk-1.zarr-v3/.zmetadata to local cache[0m
[32m2026-07-15 16:36:31.434[0m | [34m[1mDEBUG   [0m | [36mearth2studio.data.utils[0m:[36m_make_local_details[0m:[36m1070[0m - [34m[1mCopying /gcp-public-data-arco-era5/ar/full_37-1h-0p25deg-chunk-1.zarr-v3/level/0 to local cache[0m
[32m2026-07-15 16:36:31.702[0m | [34m[1mDEBUG   [0m | [36mearth2studio.data.utils[0m:[36m_make_local_details[0m:[36m1070[0m - [34m[1mCopying /gcp-public-data-arco-era5/ar/model-level-1h-0p25deg.zarr-v1/.zattrs to local cache[0m
[32m2026-07-15 16:36:32.111[0m | [34m[1mDEBUG   [0m | [36mearth2studio.data.utils[0m:[36m_make_local_details[0m:[36m1070[0m - [34m[1mCopying /gcp-public-data-arco-era5/ar/model-level-1h-0p25deg.zarr-v1/.zgroup to local cache[0m
[32m2026-07-15 16:36:32.116[0m | [34m[1mDEBUG   [0m | [36mearth2studio.data.utils[0m:[36m_make_local_details[0m:[36m1070[0m - [34m[1mCopying /gcp-public-data-arco-era5/ar/model-level-1h-0p25deg.zarr-v1/.zmetadata to local cache[0m
[32m2026-07-15 16:36:32.426[0m | [34m[1mDEBUG   [0m | [36mearth2studio.data.utils[0m:[36m_make_local_details[0m:[36m1070[0m - [34m[1mCopying /gcp-public-data-arco-era5/ar/model-level-1h-0p25deg.zarr-v1/hybrid/0 to local cache[0m
[32m2026-07-15 16:36:32.635[0m | [34m[1mDEBUG   [0m | [36mearth2studio.data.utils[0m:[36m_make_local_details[0m:[36m1070[0m - [34m[1mCopying /gcp-public-data-arco-era5/ar/full_37-1h-0p25deg-chunk-1.zarr-v3/specific_humidity/700278.0.0.0 to local cache[0m
[32m2026-07-15 16:36:32.639[0m | [34m[1mDEBUG   [0m | [36mearth2studio.data.utils[0m:[36m_make_local_details[0m:[36m1070[0m - [34m[1mCopying /gcp-public-data-arco-era5/ar/full_37-1h-0p25deg-chunk-1.zarr-v3/u_component_of_wind/700278.0.0.0 to local cache[0m
[32m2026-07-15 16:36:32.716[0m | [34m[1mDEBUG   [0m | [36mearth2studio.data.utils[0m:[36m_make_local_details[0m:[36m1070[0m - [34m[1mCopying /gcp-public-data-arco-era5/ar/full_37-1h-0p25deg-chunk-1.zarr-v3/v_component_of_wind/700278.0.0.0 to local cache[0m
[32m2026-07-15 16:36:32.717[0m | [34m[1mDEBUG   [0m | [36mearth2studio.data.utils[0m:[36m_make_local_details[0m:[36m1070[0m - [34m[1mCopying /gcp-public-data-arco-era5/ar/full_37-1h-0p25deg-chunk-1.zarr-v3/volumetric_soil_water_layer_2/700278.0.0 to local cache[0m
[32m2026-07-15 16:36:32.720[0m | [34m[1mDEBUG   [0m | [36mearth2studio.data.utils[0m:[36m_make_local_details[0m:[36m1070[0m - [34m[1mCopying /gcp-public-data-arco-era5/ar/full_37-1h-0p25deg-chunk-1.zarr-v3/vertical_velocity/700278.0.0.0 to local cache[0m
[32m2026-07-15 16:36:32.734[0m | [34m[1mDEBUG   [0m | [36mearth2studio.data.utils[0m:[36m_make_local_details[0m:[36m1070[0m - [34m[1mCopying /gcp-public-data-arco-era5/ar/full_37-1h-0p25deg-chunk-1.zarr-v3/skin_temperature/700278.0.0 to local cache[0m
[32m2026-07-15 16:36:32.742[0m | [34m[1mDEBUG   [0m | [36mearth2studio.data.utils[0m:[36m_make_local_details[0m:[36m1070[0m - [34m[1mCopying /gcp-public-data-arco-era5/ar/full_37-1h-0p25deg-chunk-1.zarr-v3/temperature/700278.0.0.0 to local cache[0m
[32m2026-07-15 16:36:32.744[0m | [34m[1mDEBUG   [0m | [36mearth2studio.data.utils[0m:[36m_make_local_details[0m:[36m1070[0m - [34m[1mCopying /gcp-public-data-arco-era5/ar/full_37-1h-0p25deg-chunk-1.zarr-v3/total_column_water/700278.0.0 to local cache[0m
[32m2026-07-15 16:36:32.746[0m | [34m[1mDEBUG   [0m | [36mearth2studio.data.utils[0m:[36m_make_local_details[0m:[36m1070[0m - [34m[1mCopying /gcp-public-data-arco-era5/ar/full_37-1h-0p25deg-chunk-1.zarr-v3/geopotential/700278.0.0.0 to local cache[0m
[32m2026-07-15 16:36:32.747[0m | [34m[1mDEBUG   [0m | [36mearth2studio.data.utils[0m:[36m_make_local_details[0m:[36m1070[0m - [34m[1mCopying /gcp-public-data-arco-era5/ar/full_37-1h-0p25deg-chunk-1.zarr-v3/soil_temperature_level_1/700278.0.0 to local cache[0m
[32m2026-07-15 16:36:32.747[0m | [34m[1mDEBUG   [0m | [36mearth2studio.data.utils[0m:[36m_make_local_details[0m:[36m1070[0m - [34m[1mCopying /gcp-public-data-arco-era5/ar/full_37-1h-0p25deg-chunk-1.zarr-v3/soil_temperature_level_2/700278.0.0 to local cache[0m
[32m2026-07-15 16:36:32.749[0m | [34m[1mDEBUG   [0m | [36mearth2studio.data.utils[0m:[36m_make_local_details[0m:[36m1070[0m - [34m[1mCopying /gcp-public-data-arco-era5/ar/full_37-1h-0p25deg-chunk-1.zarr-v3/2m_temperature/700278.0.0 to local cache[0m
[32m2026-07-15 16:36:32.752[0m | [34m[1mDEBUG   [0m | [36mearth2studio.data.utils[0m:[36m_make_local_details[0m:[36m1070[0m - [34m[1mCopying /gcp-public-data-arco-era5/ar/full_37-1h-0p25deg-chunk-1.zarr-v3/surface_pressure/700278.0.0 to local cache[0m
[32m2026-07-15 16:36:32.754[0m | [34m[1mDEBUG   [0m | [36mearth2studio.data.utils[0m:[36m_make_local_details[0m:[36m1070[0m - [34m[1mCopying /gcp-public-data-arco-era5/ar/full_37-1h-0p25deg-chunk-1.zarr-v3/10m_v_component_of_wind/700278.0.0 to local cache[0m
[32m2026-07-15 16:36:32.756[0m | [34m[1mDEBUG   [0m | [36mearth2studio.data.utils[0m:[36m_make_local_details[0m:[36m1070[0m - [34m[1mCopying /gcp-public-data-arco-era5/ar/full_37-1h-0p25deg-chunk-1.zarr-v3/mean_sea_level_pressure/700278.0.0 to local cache[0m
[32m2026-07-15 16:36:32.761[0m | [34m[1mDEBUG   [0m | [36mearth2studio.data.utils[0m:[36m_make_local_details[0m:[36m1070[0m - [34m[1mCopying /gcp-public-data-arco-era5/ar/full_37-1h-0p25deg-chunk-1.zarr-v3/2m_dewpoint_temperature/700278.0.0 to local cache[0m
[32m2026-07-15 16:36:32.763[0m | [34m[1mDEBUG   [0m | [36mearth2studio.data.utils[0m:[36m_make_local_details[0m:[36m1070[0m - [34m[1mCopying /gcp-public-data-arco-era5/ar/full_37-1h-0p25deg-chunk-1.zarr-v3/volumetric_soil_water_layer_1/700278.0.0 to local cache[0m
[32m2026-07-15 16:36:32.765[0m | [34m[1mDEBUG   [0m | [36mearth2studio.data.utils[0m:[36m_make_local_details[0m:[36m1070[0m - [34m[1mCopying /gcp-public-data-arco-era5/ar/full_37-1h-0p25deg-chunk-1.zarr-v3/10m_u_component_of_wind/700278.0.0 to local cache[0m
[32m2026-07-15 16:36:38.127[0m | [34m[1mDEBUG   [0m | [36mearth2studio.data.utils[0m:[36m_make_local_details[0m:[36m1070[0m - [34m[1mCopying /gcp-public-data-arco-era5/ar/full_37-1h-0p25deg-chunk-1.zarr-v3/surface_pressure/700284.0.0 to local cache[0m
[32m2026-07-15 16:36:38.131[0m | [34m[1mDEBUG   [0m | [36mearth2studio.data.utils[0m:[36m_make_local_details[0m:[36m1070[0m - [34m[1mCopying /gcp-public-data-arco-era5/ar/full_37-1h-0p25deg-chunk-1.zarr-v3/vertical_velocity/700284.0.0.0 to local cache[0m
[32m2026-07-15 16:36:38.131[0m | [34m[1mDEBUG   [0m | [36mearth2studio.data.utils[0m:[36m_make_local_details[0m:[36m1070[0m - [34m[1mCopying /gcp-public-data-arco-era5/ar/full_37-1h-0p25deg-chunk-1.zarr-v3/mean_sea_level_pressure/700284.0.0 to local cache[0m
[32m2026-07-15 16:36:38.132[0m | [34m[1mDEBUG   [0m | [36mearth2studio.data.utils[0m:[36m_make_local_details[0m:[36m1070[0m - [34m[1mCopying /gcp-public-data-arco-era5/ar/full_37-1h-0p25deg-chunk-1.zarr-v3/u_component_of_wind/700284.0.0.0 to local cache[0m
[32m2026-07-15 16:36:38.134[0m | [34m[1mDEBUG   [0m | [36mearth2studio.data.utils[0m:[36m_make_local_details[0m:[36m1070[0m - [34m[1mCopying /gcp-public-data-arco-era5/ar/full_37-1h-0p25deg-chunk-1.zarr-v3/10m_u_component_of_wind/700284.0.0 to local cache[0m
[32m2026-07-15 16:36:38.134[0m | [34m[1mDEBUG   [0m | [36mearth2studio.data.utils[0m:[36m_make_local_details[0m:[36m1070[0m - [34m[1mCopying /gcp-public-data-arco-era5/ar/full_37-1h-0p25deg-chunk-1.zarr-v3/soil_temperature_level_2/700284.0.0 to local cache[0m
[32m2026-07-15 16:36:38.175[0m | [34m[1mDEBUG   [0m | [36mearth2studio.data.utils[0m:[36m_make_local_details[0m:[36m1070[0m - [34m[1mCopying /gcp-public-data-arco-era5/ar/full_37-1h-0p25deg-chunk-1.zarr-v3/volumetric_soil_water_layer_2/700284.0.0 to local cache[0m
[32m2026-07-15 16:36:38.217[0m | [34m[1mDEBUG   [0m | [36mearth2studio.data.utils[0m:[36m_make_local_details[0m:[36m1070[0m - [34m[1mCopying /gcp-public-data-arco-era5/ar/full_37-1h-0p25deg-chunk-1.zarr-v3/soil_temperature_level_1/700284.0.0 to local cache[0m
[32m2026-07-15 16:36:38.221[0m | [34m[1mDEBUG   [0m | [36mearth2studio.data.utils[0m:[36m_make_local_details[0m:[36m1070[0m - [34m[1mCopying /gcp-public-data-arco-era5/ar/full_37-1h-0p25deg-chunk-1.zarr-v3/v_component_of_wind/700284.0.0.0 to local cache[0m
[32m2026-07-15 16:36:38.223[0m | [34m[1mDEBUG   [0m | [36mearth2studio.data.utils[0m:[36m_make_local_details[0m:[36m1070[0m - [34m[1mCopying /gcp-public-data-arco-era5/ar/full_37-1h-0p25deg-chunk-1.zarr-v3/total_column_water/700284.0.0 to local cache[0m
[32m2026-07-15 16:36:38.224[0m | [34m[1mDEBUG   [0m | [36mearth2studio.data.utils[0m:[36m_make_local_details[0m:[36m1070[0m - [34m[1mCopying /gcp-public-data-arco-era5/ar/full_37-1h-0p25deg-chunk-1.zarr-v3/geopotential/700284.0.0.0 to local cache[0m
[32m2026-07-15 16:36:38.225[0m | [34m[1mDEBUG   [0m | [36mearth2studio.data.utils[0m:[36m_make_local_details[0m:[36m1070[0m - [34m[1mCopying /gcp-public-data-arco-era5/ar/full_37-1h-0p25deg-chunk-1.zarr-v3/2m_dewpoint_temperature/700284.0.0 to local cache[0m
[32m2026-07-15 16:36:38.227[0m | [34m[1mDEBUG   [0m | [36mearth2studio.data.utils[0m:[36m_make_local_details[0m:[36m1070[0m - [34m[1mCopying /gcp-public-data-arco-era5/ar/full_37-1h-0p25deg-chunk-1.zarr-v3/specific_humidity/700284.0.0.0 to local cache[0m
[32m2026-07-15 16:36:38.231[0m | [34m[1mDEBUG   [0m | [36mearth2studio.data.utils[0m:[36m_make_local_details[0m:[36m1070[0m - [34m[1mCopying /gcp-public-data-arco-era5/ar/full_37-1h-0p25deg-chunk-1.zarr-v3/volumetric_soil_water_layer_1/700284.0.0 to local cache[0m
[32m2026-07-15 16:36:38.232[0m | [34m[1mDEBUG   [0m | [36mearth2studio.data.utils[0m:[36m_make_local_details[0m:[36m1070[0m - [34m[1mCopying /gcp-public-data-arco-era5/ar/full_37-1h-0p25deg-chunk-1.zarr-v3/skin_temperature/700284.0.0 to local cache[0m
[32m2026-07-15 16:36:38.257[0m | [34m[1mDEBUG   [0m | [36mearth2studio.data.utils[0m:[36m_make_local_details[0m:[36m1070[0m - [34m[1mCopying /gcp-public-data-arco-era5/ar/full_37-1h-0p25deg-chunk-1.zarr-v3/10m_v_component_of_wind/700284.0.0 to local cache[0m
[32m2026-07-15 16:36:38.314[0m | [34m[1mDEBUG   [0m | [36mearth2studio.data.utils[0m:[36m_make_local_details[0m:[36m1070[0m - [34m[1mCopying /gcp-public-data-arco-era5/ar/full_37-1h-0p25deg-chunk-1.zarr-v3/2m_temperature/700284.0.0 to local cache[0m
[32m2026-07-15 16:36:38.343[0m | [34m[1mDEBUG   [0m | [36mearth2studio.data.utils[0m:[36m_make_local_details[0m:[36m1070[0m - [34m[1mCopying /gcp-public-data-arco-era5/ar/full_37-1h-0p25deg-chunk-1.zarr-v3/temperature/700284.0.0.0 to local cache[0m
target_step 5: sum=-3.3988e-02
Saved /cluster/projects/nn12107k/robin/earth2studio/aifs_attributions_vestlandet/aifs_ig_attributions_vestlandet_init1979-11-21T12_target1979-11-23T00.nc
Cleaned up temporary input data cache: /cluster/projects/nn12107k/robin/e2s_data_cache_zuknd30b
Init: 1979-11-21 18:00:00 -> target valid time 1979-11-23 00:00:00 (5 steps, target_step=4)
[32m2026-07-15 16:38:42.009[0m | [34m[1mDEBUG   [0m | [36mearth2studio.data.utils[0m:[36m_make_local_details[0m:[36m1070[0m - [34m[1mCopying /gcp-public-data-arco-era5/ar/full_37-1h-0p25deg-chunk-1.zarr-v3/.zattrs to local cache[0m
[32m2026-07-15 16:38:42.948[0m | [34m[1mDEBUG   [0m | [36mearth2studio.data.utils[0m:[36m_make_local_details[0m:[36m1070[0m - [34m[1mCopying /gcp-public-data-arco-era5/ar/full_37-1h-0p25deg-chunk-1.zarr-v3/.zgroup to local cache[0m
[32m2026-07-15 16:38:43.033[0m | [34m[1mDEBUG   [0m | [36mearth2studio.data.utils[0m:[36m_make_local_details[0m:[36m1070[0m - [34m[1mCopying /gcp-public-data-arco-era5/ar/full_37-1h-0p25deg-chunk-1.zarr-v3/.zmetadata to local cache[0m
[32m2026-07-15 16:38:43.380[0m | [34m[1mDEBUG   [0m | [36mearth2studio.data.utils[0m:[36m_make_local_details[0m:[36m1070[0m - [34m[1mCopying /gcp-public-data-arco-era5/ar/full_37-1h-0p25deg-chunk-1.zarr-v3/level/0 to local cache[0m
[32m2026-07-15 16:38:43.653[0m | [34m[1mDEBUG   [0m | [36mearth2studio.data.utils[0m:[36m_make_local_details[0m:[36m1070[0m - [34m[1mCopying /gcp-public-data-arco-era5/ar/model-level-1h-0p25deg.zarr-v1/.zattrs to local cache[0m
[32m2026-07-15 16:38:43.973[0m | [34m[1mDEBUG   [0m | [36mearth2studio.data.utils[0m:[36m_make_local_details[0m:[36m1070[0m - [34m[1mCopying /gcp-public-data-arco-era5/ar/model-level-1h-0p25deg.zarr-v1/.zgroup to local cache[0m
[32m2026-07-15 16:38:43.979[0m | [34m[1mDEBUG   [0m | [36mearth2studio.data.utils[0m:[36m_make_local_details[0m:[36m1070[0m - [34m[1mCopying /gcp-public-data-arco-era5/ar/model-level-1h-0p25deg.zarr-v1/.zmetadata to local cache[0m
[32m2026-07-15 16:38:44.299[0m | [34m[1mDEBUG   [0m | [36mearth2studio.data.utils[0m:[36m_make_local_details[0m:[36m1070[0m - [34m[1mCopying /gcp-public-data-arco-era5/ar/model-level-1h-0p25deg.zarr-v1/hybrid/0 to local cache[0m
[32m2026-07-15 16:38:44.514[0m | [34m[1mDEBUG   [0m | [36mearth2studio.data.utils[0m:[36m_make_local_details[0m:[36m1070[0m - [34m[1mCopying /gcp-public-data-arco-era5/ar/full_37-1h-0p25deg-chunk-1.zarr-v3/10m_v_component_of_wind/700284.0.0 to local cache[0m
[32m2026-07-15 16:38:44.517[0m | [34m[1mDEBUG   [0m | [36mearth2studio.data.utils[0m:[36m_make_local_details[0m:[36m1070[0m - [34m[1mCopying /gcp-public-data-arco-era5/ar/full_37-1h-0p25deg-chunk-1.zarr-v3/temperature/700284.0.0.0 to local cache[0m
[32m2026-07-15 16:38:44.584[0m | [34m[1mDEBUG   [0m | [36mearth2studio.data.utils[0m:[36m_make_local_details[0m:[36m1070[0m - [34m[1mCopying /gcp-public-data-arco-era5/ar/full_37-1h-0p25deg-chunk-1.zarr-v3/2m_temperature/700284.0.0 to local cache[0m
[32m2026-07-15 16:38:44.594[0m | [34m[1mDEBUG   [0m | [36mearth2studio.data.utils[0m:[36m_make_local_details[0m:[36m1070[0m - [34m[1mCopying /gcp-public-data-arco-era5/ar/full_37-1h-0p25deg-chunk-1.zarr-v3/geopotential/700284.0.0.0 to local cache[0m
[32m2026-07-15 16:38:44.598[0m | [34m[1mDEBUG   [0m | [36mearth2studio.data.utils[0m:[36m_make_local_details[0m:[36m1070[0m - [34m[1mCopying /gcp-public-data-arco-era5/ar/full_37-1h-0p25deg-chunk-1.zarr-v3/10m_u_component_of_wind/700284.0.0 to local cache[0m
[32m2026-07-15 16:38:44.608[0m | [34m[1mDEBUG   [0m | [36mearth2studio.data.utils[0m:[36m_make_local_details[0m:[36m1070[0m - [34m[1mCopying /gcp-public-data-arco-era5/ar/full_37-1h-0p25deg-chunk-1.zarr-v3/volumetric_soil_water_layer_1/700284.0.0 to local cache[0m
[32m2026-07-15 16:38:44.616[0m | [34m[1mDEBUG   [0m | [36mearth2studio.data.utils[0m:[36m_make_local_details[0m:[36m1070[0m - [34m[1mCopying /gcp-public-data-arco-era5/ar/full_37-1h-0p25deg-chunk-1.zarr-v3/vertical_velocity/700284.0.0.0 to local cache[0m
[32m2026-07-15 16:38:44.617[0m | [34m[1mDEBUG   [0m | [36mearth2studio.data.utils[0m:[36m_make_local_details[0m:[36m1070[0m - [34m[1mCopying /gcp-public-data-arco-era5/ar/full_37-1h-0p25deg-chunk-1.zarr-v3/mean_sea_level_pressure/700284.0.0 to local cache[0m
[32m2026-07-15 16:38:44.618[0m | [34m[1mDEBUG   [0m | [36mearth2studio.data.utils[0m:[36m_make_local_details[0m:[36m1070[0m - [34m[1mCopying /gcp-public-data-arco-era5/ar/full_37-1h-0p25deg-chunk-1.zarr-v3/surface_pressure/700284.0.0 to local cache[0m
[32m2026-07-15 16:38:44.619[0m | [34m[1mDEBUG   [0m | [36mearth2studio.data.utils[0m:[36m_make_local_details[0m:[36m1070[0m - [34m[1mCopying /gcp-public-data-arco-era5/ar/full_37-1h-0p25deg-chunk-1.zarr-v3/soil_temperature_level_1/700284.0.0 to local cache[0m
[32m2026-07-15 16:38:44.621[0m | [34m[1mDEBUG   [0m | [36mearth2studio.data.utils[0m:[36m_make_local_details[0m:[36m1070[0m - [34m[1mCopying /gcp-public-data-arco-era5/ar/full_37-1h-0p25deg-chunk-1.zarr-v3/v_component_of_wind/700284.0.0.0 to local cache[0m
[32m2026-07-15 16:38:44.622[0m | [34m[1mDEBUG   [0m | [36mearth2studio.data.utils[0m:[36m_make_local_details[0m:[36m1070[0m - [34m[1mCopying /gcp-public-data-arco-era5/ar/full_37-1h-0p25deg-chunk-1.zarr-v3/u_component_of_wind/700284.0.0.0 to local cache[0m
[32m2026-07-15 16:38:44.622[0m | [34m[1mDEBUG   [0m | [36mearth2studio.data.utils[0m:[36m_make_local_details[0m:[36m1070[0m - [34m[1mCopying /gcp-public-data-arco-era5/ar/full_37-1h-0p25deg-chunk-1.zarr-v3/specific_humidity/700284.0.0.0 to local cache[0m
[32m2026-07-15 16:38:44.623[0m | [34m[1mDEBUG   [0m | [36mearth2studio.data.utils[0m:[36m_make_local_details[0m:[36m1070[0m - [34m[1mCopying /gcp-public-data-arco-era5/ar/full_37-1h-0p25deg-chunk-1.zarr-v3/total_column_water/700284.0.0 to local cache[0m
[32m2026-07-15 16:38:44.623[0m | [34m[1mDEBUG   [0m | [36mearth2studio.data.utils[0m:[36m_make_local_details[0m:[36m1070[0m - [34m[1mCopying /gcp-public-data-arco-era5/ar/full_37-1h-0p25deg-chunk-1.zarr-v3/skin_temperature/700284.0.0 to local cache[0m
[32m2026-07-15 16:38:44.625[0m | [34m[1mDEBUG   [0m | [36mearth2studio.data.utils[0m:[36m_make_local_details[0m:[36m1070[0m - [34m[1mCopying /gcp-public-data-arco-era5/ar/full_37-1h-0p25deg-chunk-1.zarr-v3/volumetric_soil_water_layer_2/700284.0.0 to local cache[0m
[32m2026-07-15 16:38:44.627[0m | [34m[1mDEBUG   [0m | [36mearth2studio.data.utils[0m:[36m_make_local_details[0m:[36m1070[0m - [34m[1mCopying /gcp-public-data-arco-era5/ar/full_37-1h-0p25deg-chunk-1.zarr-v3/2m_dewpoint_temperature/700284.0.0 to local cache[0m
[32m2026-07-15 16:38:44.653[0m | [34m[1mDEBUG   [0m | [36mearth2studio.data.utils[0m:[36m_make_local_details[0m:[36m1070[0m - [34m[1mCopying /gcp-public-data-arco-era5/ar/full_37-1h-0p25deg-chunk-1.zarr-v3/soil_temperature_level_2/700284.0.0 to local cache[0m
[32m2026-07-15 16:38:49.646[0m | [34m[1mDEBUG   [0m | [36mearth2studio.data.utils[0m:[36m_make_local_details[0m:[36m1070[0m - [34m[1mCopying /gcp-public-data-arco-era5/ar/full_37-1h-0p25deg-chunk-1.zarr-v3/volumetric_soil_water_layer_1/700290.0.0 to local cache[0m
[32m2026-07-15 16:38:49.647[0m | [34m[1mDEBUG   [0m | [36mearth2studio.data.utils[0m:[36m_make_local_details[0m:[36m1070[0m - [34m[1mCopying /gcp-public-data-arco-era5/ar/full_37-1h-0p25deg-chunk-1.zarr-v3/mean_sea_level_pressure/700290.0.0 to local cache[0m
[32m2026-07-15 16:38:49.651[0m | [34m[1mDEBUG   [0m | [36mearth2studio.data.utils[0m:[36m_make_local_details[0m:[36m1070[0m - [34m[1mCopying /gcp-public-data-arco-era5/ar/full_37-1h-0p25deg-chunk-1.zarr-v3/skin_temperature/700290.0.0 to local cache[0m
[32m2026-07-15 16:38:49.652[0m | [34m[1mDEBUG   [0m | [36mearth2studio.data.utils[0m:[36m_make_local_details[0m:[36m1070[0m - [34m[1mCopying /gcp-public-data-arco-era5/ar/full_37-1h-0p25deg-chunk-1.zarr-v3/vertical_velocity/700290.0.0.0 to local cache[0m
[32m2026-07-15 16:38:49.654[0m | [34m[1mDEBUG   [0m | [36mearth2studio.data.utils[0m:[36m_make_local_details[0m:[36m1070[0m - [34m[1mCopying /gcp-public-data-arco-era5/ar/full_37-1h-0p25deg-chunk-1.zarr-v3/2m_dewpoint_temperature/700290.0.0 to local cache[0m
[32m2026-07-15 16:38:49.656[0m | [34m[1mDEBUG   [0m | [36mearth2studio.data.utils[0m:[36m_make_local_details[0m:[36m1070[0m - [34m[1mCopying /gcp-public-data-arco-era5/ar/full_37-1h-0p25deg-chunk-1.zarr-v3/v_component_of_wind/700290.0.0.0 to local cache[0m
[32m2026-07-15 16:38:49.657[0m | [34m[1mDEBUG   [0m | [36mearth2studio.data.utils[0m:[36m_make_local_details[0m:[36m1070[0m - [34m[1mCopying /gcp-public-data-arco-era5/ar/full_37-1h-0p25deg-chunk-1.zarr-v3/u_component_of_wind/700290.0.0.0 to local cache[0m
[32m2026-07-15 16:38:49.697[0m | [34m[1mDEBUG   [0m | [36mearth2studio.data.utils[0m:[36m_make_local_details[0m:[36m1070[0m - [34m[1mCopying /gcp-public-data-arco-era5/ar/full_37-1h-0p25deg-chunk-1.zarr-v3/soil_temperature_level_2/700290.0.0 to local cache[0m
[32m2026-07-15 16:38:49.729[0m | [34m[1mDEBUG   [0m | [36mearth2studio.data.utils[0m:[36m_make_local_details[0m:[36m1070[0m - [34m[1mCopying /gcp-public-data-arco-era5/ar/full_37-1h-0p25deg-chunk-1.zarr-v3/2m_temperature/700290.0.0 to local cache[0m
[32m2026-07-15 16:38:49.734[0m | [34m[1mDEBUG   [0m | [36mearth2studio.data.utils[0m:[36m_make_local_details[0m:[36m1070[0m - [34m[1mCopying /gcp-public-data-arco-era5/ar/full_37-1h-0p25deg-chunk-1.zarr-v3/total_column_water/700290.0.0 to local cache[0m
[32m2026-07-15 16:38:49.745[0m | [34m[1mDEBUG   [0m | [36mearth2studio.data.utils[0m:[36m_make_local_details[0m:[36m1070[0m - [34m[1mCopying /gcp-public-data-arco-era5/ar/full_37-1h-0p25deg-chunk-1.zarr-v3/volumetric_soil_water_layer_2/700290.0.0 to local cache[0m
[32m2026-07-15 16:38:49.747[0m | [34m[1mDEBUG   [0m | [36mearth2studio.data.utils[0m:[36m_make_local_details[0m:[36m1070[0m - [34m[1mCopying /gcp-public-data-arco-era5/ar/full_37-1h-0p25deg-chunk-1.zarr-v3/10m_v_component_of_wind/700290.0.0 to local cache[0m
[32m2026-07-15 16:38:49.749[0m | [34m[1mDEBUG   [0m | [36mearth2studio.data.utils[0m:[36m_make_local_details[0m:[36m1070[0m - [34m[1mCopying /gcp-public-data-arco-era5/ar/full_37-1h-0p25deg-chunk-1.zarr-v3/geopotential/700290.0.0.0 to local cache[0m
[32m2026-07-15 16:38:49.750[0m | [34m[1mDEBUG   [0m | [36mearth2studio.data.utils[0m:[36m_make_local_details[0m:[36m1070[0m - [34m[1mCopying /gcp-public-data-arco-era5/ar/full_37-1h-0p25deg-chunk-1.zarr-v3/10m_u_component_of_wind/700290.0.0 to local cache[0m
[32m2026-07-15 16:38:49.750[0m | [34m[1mDEBUG   [0m | [36mearth2studio.data.utils[0m:[36m_make_local_details[0m:[36m1070[0m - [34m[1mCopying /gcp-public-data-arco-era5/ar/full_37-1h-0p25deg-chunk-1.zarr-v3/temperature/700290.0.0.0 to local cache[0m
[32m2026-07-15 16:38:49.752[0m | [34m[1mDEBUG   [0m | [36mearth2studio.data.utils[0m:[36m_make_local_details[0m:[36m1070[0m - [34m[1mCopying /gcp-public-data-arco-era5/ar/full_37-1h-0p25deg-chunk-1.zarr-v3/soil_temperature_level_1/700290.0.0 to local cache[0m
[32m2026-07-15 16:38:49.753[0m | [34m[1mDEBUG   [0m | [36mearth2studio.data.utils[0m:[36m_make_local_details[0m:[36m1070[0m - [34m[1mCopying /gcp-public-data-arco-era5/ar/full_37-1h-0p25deg-chunk-1.zarr-v3/specific_humidity/700290.0.0.0 to local cache[0m
[32m2026-07-15 16:38:49.827[0m | [34m[1mDEBUG   [0m | [36mearth2studio.data.utils[0m:[36m_make_local_details[0m:[36m1070[0m - [34m[1mCopying /gcp-public-data-arco-era5/ar/full_37-1h-0p25deg-chunk-1.zarr-v3/surface_pressure/700290.0.0 to local cache[0m
target_step 4: sum=-3.0751e-02
Saved /cluster/projects/nn12107k/robin/earth2studio/aifs_attributions_vestlandet/aifs_ig_attributions_vestlandet_init1979-11-21T18_target1979-11-23T00.nc
Cleaned up temporary input data cache: /cluster/projects/nn12107k/robin/e2s_data_cache_z4p7dbsy
Init: 1979-11-22 00:00:00 -> target valid time 1979-11-23 00:00:00 (4 steps, target_step=3)
[32m2026-07-15 16:40:35.273[0m | [34m[1mDEBUG   [0m | [36mearth2studio.data.utils[0m:[36m_make_local_details[0m:[36m1070[0m - [34m[1mCopying /gcp-public-data-arco-era5/ar/full_37-1h-0p25deg-chunk-1.zarr-v3/.zattrs to local cache[0m
[32m2026-07-15 16:40:36.250[0m | [34m[1mDEBUG   [0m | [36mearth2studio.data.utils[0m:[36m_make_local_details[0m:[36m1070[0m - [34m[1mCopying /gcp-public-data-arco-era5/ar/full_37-1h-0p25deg-chunk-1.zarr-v3/.zgroup to local cache[0m
[32m2026-07-15 16:40:36.360[0m | [34m[1mDEBUG   [0m | [36mearth2studio.data.utils[0m:[36m_make_local_details[0m:[36m1070[0m - [34m[1mCopying /gcp-public-data-arco-era5/ar/full_37-1h-0p25deg-chunk-1.zarr-v3/.zmetadata to local cache[0m
[32m2026-07-15 16:40:36.713[0m | [34m[1mDEBUG   [0m | [36mearth2studio.data.utils[0m:[36m_make_local_details[0m:[36m1070[0m - [34m[1mCopying /gcp-public-data-arco-era5/ar/full_37-1h-0p25deg-chunk-1.zarr-v3/level/0 to local cache[0m
[32m2026-07-15 16:40:36.989[0m | [34m[1mDEBUG   [0m | [36mearth2studio.data.utils[0m:[36m_make_local_details[0m:[36m1070[0m - [34m[1mCopying /gcp-public-data-arco-era5/ar/model-level-1h-0p25deg.zarr-v1/.zattrs to local cache[0m
[32m2026-07-15 16:40:37.297[0m | [34m[1mDEBUG   [0m | [36mearth2studio.data.utils[0m:[36m_make_local_details[0m:[36m1070[0m - [34m[1mCopying /gcp-public-data-arco-era5/ar/model-level-1h-0p25deg.zarr-v1/.zmetadata to local cache[0m
[32m2026-07-15 16:40:37.304[0m | [34m[1mDEBUG   [0m | [36mearth2studio.data.utils[0m:[36m_make_local_details[0m:[36m1070[0m - [34m[1mCopying /gcp-public-data-arco-era5/ar/model-level-1h-0p25deg.zarr-v1/.zgroup to local cache[0m
[32m2026-07-15 16:40:37.627[0m | [34m[1mDEBUG   [0m | [36mearth2studio.data.utils[0m:[36m_make_local_details[0m:[36m1070[0m - [34m[1mCopying /gcp-public-data-arco-era5/ar/model-level-1h-0p25deg.zarr-v1/hybrid/0 to local cache[0m
[32m2026-07-15 16:40:37.840[0m | [34m[1mDEBUG   [0m | [36mearth2studio.data.utils[0m:[36m_make_local_details[0m:[36m1070[0m - [34m[1mCopying /gcp-public-data-arco-era5/ar/full_37-1h-0p25deg-chunk-1.zarr-v3/mean_sea_level_pressure/700290.0.0 to local cache[0m
[32m2026-07-15 16:40:37.843[0m | [34m[1mDEBUG   [0m | [36mearth2studio.data.utils[0m:[36m_make_local_details[0m:[36m1070[0m - [34m[1mCopying /gcp-public-data-arco-era5/ar/full_37-1h-0p25deg-chunk-1.zarr-v3/soil_temperature_level_2/700290.0.0 to local cache[0m
[32m2026-07-15 16:40:37.920[0m | [34m[1mDEBUG   [0m | [36mearth2studio.data.utils[0m:[36m_make_local_details[0m:[36m1070[0m - [34m[1mCopying /gcp-public-data-arco-era5/ar/full_37-1h-0p25deg-chunk-1.zarr-v3/total_column_water/700290.0.0 to local cache[0m
[32m2026-07-15 16:40:37.933[0m | [34m[1mDEBUG   [0m | [36mearth2studio.data.utils[0m:[36m_make_local_details[0m:[36m1070[0m - [34m[1mCopying /gcp-public-data-arco-era5/ar/full_37-1h-0p25deg-chunk-1.zarr-v3/2m_temperature/700290.0.0 to local cache[0m
[32m2026-07-15 16:40:37.934[0m | [34m[1mDEBUG   [0m | [36mearth2studio.data.utils[0m:[36m_make_local_details[0m:[36m1070[0m - [34m[1mCopying /gcp-public-data-arco-era5/ar/full_37-1h-0p25deg-chunk-1.zarr-v3/soil_temperature_level_1/700290.0.0 to local cache[0m
[32m2026-07-15 16:40:37.938[0m | [34m[1mDEBUG   [0m | [36mearth2studio.data.utils[0m:[36m_make_local_details[0m:[36m1070[0m - [34m[1mCopying /gcp-public-data-arco-era5/ar/full_37-1h-0p25deg-chunk-1.zarr-v3/vertical_velocity/700290.0.0.0 to local cache[0m
[32m2026-07-15 16:40:37.942[0m | [34m[1mDEBUG   [0m | [36mearth2studio.data.utils[0m:[36m_make_local_details[0m:[36m1070[0m - [34m[1mCopying /gcp-public-data-arco-era5/ar/full_37-1h-0p25deg-chunk-1.zarr-v3/10m_u_component_of_wind/700290.0.0 to local cache[0m
[32m2026-07-15 16:40:37.946[0m | [34m[1mDEBUG   [0m | [36mearth2studio.data.utils[0m:[36m_make_local_details[0m:[36m1070[0m - [34m[1mCopying /gcp-public-data-arco-era5/ar/full_37-1h-0p25deg-chunk-1.zarr-v3/specific_humidity/700290.0.0.0 to local cache[0m
[32m2026-07-15 16:40:37.946[0m | [34m[1mDEBUG   [0m | [36mearth2studio.data.utils[0m:[36m_make_local_details[0m:[36m1070[0m - [34m[1mCopying /gcp-public-data-arco-era5/ar/full_37-1h-0p25deg-chunk-1.zarr-v3/10m_v_component_of_wind/700290.0.0 to local cache[0m
[32m2026-07-15 16:40:37.948[0m | [34m[1mDEBUG   [0m | [36mearth2studio.data.utils[0m:[36m_make_local_details[0m:[36m1070[0m - [34m[1mCopying /gcp-public-data-arco-era5/ar/full_37-1h-0p25deg-chunk-1.zarr-v3/geopotential/700290.0.0.0 to local cache[0m
[32m2026-07-15 16:40:37.949[0m | [34m[1mDEBUG   [0m | [36mearth2studio.data.utils[0m:[36m_make_local_details[0m:[36m1070[0m - [34m[1mCopying /gcp-public-data-arco-era5/ar/full_37-1h-0p25deg-chunk-1.zarr-v3/temperature/700290.0.0.0 to local cache[0m
[32m2026-07-15 16:40:37.951[0m | [34m[1mDEBUG   [0m | [36mearth2studio.data.utils[0m:[36m_make_local_details[0m:[36m1070[0m - [34m[1mCopying /gcp-public-data-arco-era5/ar/full_37-1h-0p25deg-chunk-1.zarr-v3/surface_pressure/700290.0.0 to local cache[0m
[32m2026-07-15 16:40:37.951[0m | [34m[1mDEBUG   [0m | [36mearth2studio.data.utils[0m:[36m_make_local_details[0m:[36m1070[0m - [34m[1mCopying /gcp-public-data-arco-era5/ar/full_37-1h-0p25deg-chunk-1.zarr-v3/skin_temperature/700290.0.0 to local cache[0m
[32m2026-07-15 16:40:37.952[0m | [34m[1mDEBUG   [0m | [36mearth2studio.data.utils[0m:[36m_make_local_details[0m:[36m1070[0m - [34m[1mCopying /gcp-public-data-arco-era5/ar/full_37-1h-0p25deg-chunk-1.zarr-v3/v_component_of_wind/700290.0.0.0 to local cache[0m
[32m2026-07-15 16:40:37.954[0m | [34m[1mDEBUG   [0m | [36mearth2studio.data.utils[0m:[36m_make_local_details[0m:[36m1070[0m - [34m[1mCopying /gcp-public-data-arco-era5/ar/full_37-1h-0p25deg-chunk-1.zarr-v3/2m_dewpoint_temperature/700290.0.0 to local cache[0m
[32m2026-07-15 16:40:37.956[0m | [34m[1mDEBUG   [0m | [36mearth2studio.data.utils[0m:[36m_make_local_details[0m:[36m1070[0m - [34m[1mCopying /gcp-public-data-arco-era5/ar/full_37-1h-0p25deg-chunk-1.zarr-v3/volumetric_soil_water_layer_2/700290.0.0 to local cache[0m
[32m2026-07-15 16:40:37.959[0m | [34m[1mDEBUG   [0m | [36mearth2studio.data.utils[0m:[36m_make_local_details[0m:[36m1070[0m - [34m[1mCopying /gcp-public-data-arco-era5/ar/full_37-1h-0p25deg-chunk-1.zarr-v3/volumetric_soil_water_layer_1/700290.0.0 to local cache[0m
[32m2026-07-15 16:40:37.962[0m | [34m[1mDEBUG   [0m | [36mearth2studio.data.utils[0m:[36m_make_local_details[0m:[36m1070[0m - [34m[1mCopying /gcp-public-data-arco-era5/ar/full_37-1h-0p25deg-chunk-1.zarr-v3/u_component_of_wind/700290.0.0.0 to local cache[0m
[32m2026-07-15 16:40:44.479[0m | [34m[1mDEBUG   [0m | [36mearth2studio.data.utils[0m:[36m_make_local_details[0m:[36m1070[0m - [34m[1mCopying /gcp-public-data-arco-era5/ar/full_37-1h-0p25deg-chunk-1.zarr-v3/soil_temperature_level_2/700296.0.0 to local cache[0m
[32m2026-07-15 16:40:44.481[0m | [34m[1mDEBUG   [0m | [36mearth2studio.data.utils[0m:[36m_make_local_details[0m:[36m1070[0m - [34m[1mCopying /gcp-public-data-arco-era5/ar/full_37-1h-0p25deg-chunk-1.zarr-v3/total_column_water/700296.0.0 to local cache[0m
[32m2026-07-15 16:40:44.483[0m | [34m[1mDEBUG   [0m | [36mearth2studio.data.utils[0m:[36m_make_local_details[0m:[36m1070[0m - [34m[1mCopying /gcp-public-data-arco-era5/ar/full_37-1h-0p25deg-chunk-1.zarr-v3/2m_temperature/700296.0.0 to local cache[0m
[32m2026-07-15 16:40:44.484[0m | [34m[1mDEBUG   [0m | [36mearth2studio.data.utils[0m:[36m_make_local_details[0m:[36m1070[0m - [34m[1mCopying /gcp-public-data-arco-era5/ar/full_37-1h-0p25deg-chunk-1.zarr-v3/10m_v_component_of_wind/700296.0.0 to local cache[0m
[32m2026-07-15 16:40:44.486[0m | [34m[1mDEBUG   [0m | [36mearth2studio.data.utils[0m:[36m_make_local_details[0m:[36m1070[0m - [34m[1mCopying /gcp-public-data-arco-era5/ar/full_37-1h-0p25deg-chunk-1.zarr-v3/2m_dewpoint_temperature/700296.0.0 to local cache[0m
[32m2026-07-15 16:40:44.491[0m | [34m[1mDEBUG   [0m | [36mearth2studio.data.utils[0m:[36m_make_local_details[0m:[36m1070[0m - [34m[1mCopying /gcp-public-data-arco-era5/ar/full_37-1h-0p25deg-chunk-1.zarr-v3/u_component_of_wind/700296.0.0.0 to local cache[0m
[32m2026-07-15 16:40:44.493[0m | [34m[1mDEBUG   [0m | [36mearth2studio.data.utils[0m:[36m_make_local_details[0m:[36m1070[0m - [34m[1mCopying /gcp-public-data-arco-era5/ar/full_37-1h-0p25deg-chunk-1.zarr-v3/volumetric_soil_water_layer_2/700296.0.0 to local cache[0m
[32m2026-07-15 16:40:44.495[0m | [34m[1mDEBUG   [0m | [36mearth2studio.data.utils[0m:[36m_make_local_details[0m:[36m1070[0m - [34m[1mCopying /gcp-public-data-arco-era5/ar/full_37-1h-0p25deg-chunk-1.zarr-v3/soil_temperature_level_1/700296.0.0 to local cache[0m
[32m2026-07-15 16:40:44.501[0m | [34m[1mDEBUG   [0m | [36mearth2studio.data.utils[0m:[36m_make_local_details[0m:[36m1070[0m - [34m[1mCopying /gcp-public-data-arco-era5/ar/full_37-1h-0p25deg-chunk-1.zarr-v3/vertical_velocity/700296.0.0.0 to local cache[0m
[32m2026-07-15 16:40:44.561[0m | [34m[1mDEBUG   [0m | [36mearth2studio.data.utils[0m:[36m_make_local_details[0m:[36m1070[0m - [34m[1mCopying /gcp-public-data-arco-era5/ar/full_37-1h-0p25deg-chunk-1.zarr-v3/surface_pressure/700296.0.0 to local cache[0m
[32m2026-07-15 16:40:44.562[0m | [34m[1mDEBUG   [0m | [36mearth2studio.data.utils[0m:[36m_make_local_details[0m:[36m1070[0m - [34m[1mCopying /gcp-public-data-arco-era5/ar/full_37-1h-0p25deg-chunk-1.zarr-v3/geopotential/700296.0.0.0 to local cache[0m
[32m2026-07-15 16:40:44.565[0m | [34m[1mDEBUG   [0m | [36mearth2studio.data.utils[0m:[36m_make_local_details[0m:[36m1070[0m - [34m[1mCopying /gcp-public-data-arco-era5/ar/full_37-1h-0p25deg-chunk-1.zarr-v3/skin_temperature/700296.0.0 to local cache[0m
[32m2026-07-15 16:40:44.567[0m | [34m[1mDEBUG   [0m | [36mearth2studio.data.utils[0m:[36m_make_local_details[0m:[36m1070[0m - [34m[1mCopying /gcp-public-data-arco-era5/ar/full_37-1h-0p25deg-chunk-1.zarr-v3/10m_u_component_of_wind/700296.0.0 to local cache[0m
[32m2026-07-15 16:40:44.571[0m | [34m[1mDEBUG   [0m | [36mearth2studio.data.utils[0m:[36m_make_local_details[0m:[36m1070[0m - [34m[1mCopying /gcp-public-data-arco-era5/ar/full_37-1h-0p25deg-chunk-1.zarr-v3/v_component_of_wind/700296.0.0.0 to local cache[0m
[32m2026-07-15 16:40:44.571[0m | [34m[1mDEBUG   [0m | [36mearth2studio.data.utils[0m:[36m_make_local_details[0m:[36m1070[0m - [34m[1mCopying /gcp-public-data-arco-era5/ar/full_37-1h-0p25deg-chunk-1.zarr-v3/temperature/700296.0.0.0 to local cache[0m
[32m2026-07-15 16:40:44.577[0m | [34m[1mDEBUG   [0m | [36mearth2studio.data.utils[0m:[36m_make_local_details[0m:[36m1070[0m - [34m[1mCopying /gcp-public-data-arco-era5/ar/full_37-1h-0p25deg-chunk-1.zarr-v3/specific_humidity/700296.0.0.0 to local cache[0m
[32m2026-07-15 16:40:44.583[0m | [34m[1mDEBUG   [0m | [36mearth2studio.data.utils[0m:[36m_make_local_details[0m:[36m1070[0m - [34m[1mCopying /gcp-public-data-arco-era5/ar/full_37-1h-0p25deg-chunk-1.zarr-v3/mean_sea_level_pressure/700296.0.0 to local cache[0m
[32m2026-07-15 16:40:44.590[0m | [34m[1mDEBUG   [0m | [36mearth2studio.data.utils[0m:[36m_make_local_details[0m:[36m1070[0m - [34m[1mCopying /gcp-public-data-arco-era5/ar/full_37-1h-0p25deg-chunk-1.zarr-v3/volumetric_soil_water_layer_1/700296.0.0 to local cache[0m
target_step 3: sum=-2.7620e-02
Saved /cluster/projects/nn12107k/robin/earth2studio/aifs_attributions_vestlandet/aifs_ig_attributions_vestlandet_init1979-11-22T00_target1979-11-23T00.nc
Cleaned up temporary input data cache: /cluster/projects/nn12107k/robin/e2s_data_cache_virwy6y1
Init: 1979-11-22 06:00:00 -> target valid time 1979-11-23 00:00:00 (3 steps, target_step=2)
[32m2026-07-15 16:42:10.357[0m | [34m[1mDEBUG   [0m | [36mearth2studio.data.utils[0m:[36m_make_local_details[0m:[36m1070[0m - [34m[1mCopying /gcp-public-data-arco-era5/ar/full_37-1h-0p25deg-chunk-1.zarr-v3/.zattrs to local cache[0m
[32m2026-07-15 16:42:11.240[0m | [34m[1mDEBUG   [0m | [36mearth2studio.data.utils[0m:[36m_make_local_details[0m:[36m1070[0m - [34m[1mCopying /gcp-public-data-arco-era5/ar/full_37-1h-0p25deg-chunk-1.zarr-v3/.zgroup to local cache[0m
[32m2026-07-15 16:42:11.309[0m | [34m[1mDEBUG   [0m | [36mearth2studio.data.utils[0m:[36m_make_local_details[0m:[36m1070[0m - [34m[1mCopying /gcp-public-data-arco-era5/ar/full_37-1h-0p25deg-chunk-1.zarr-v3/.zmetadata to local cache[0m
[32m2026-07-15 16:42:11.624[0m | [34m[1mDEBUG   [0m | [36mearth2studio.data.utils[0m:[36m_make_local_details[0m:[36m1070[0m - [34m[1mCopying /gcp-public-data-arco-era5/ar/full_37-1h-0p25deg-chunk-1.zarr-v3/level/0 to local cache[0m
[32m2026-07-15 16:42:11.902[0m | [34m[1mDEBUG   [0m | [36mearth2studio.data.utils[0m:[36m_make_local_details[0m:[36m1070[0m - [34m[1mCopying /gcp-public-data-arco-era5/ar/model-level-1h-0p25deg.zarr-v1/.zattrs to local cache[0m
[32m2026-07-15 16:42:12.218[0m | [34m[1mDEBUG   [0m | [36mearth2studio.data.utils[0m:[36m_make_local_details[0m:[36m1070[0m - [34m[1mCopying /gcp-public-data-arco-era5/ar/model-level-1h-0p25deg.zarr-v1/.zmetadata to local cache[0m
[32m2026-07-15 16:42:12.219[0m | [34m[1mDEBUG   [0m | [36mearth2studio.data.utils[0m:[36m_make_local_details[0m:[36m1070[0m - [34m[1mCopying /gcp-public-data-arco-era5/ar/model-level-1h-0p25deg.zarr-v1/.zgroup to local cache[0m
[32m2026-07-15 16:42:12.528[0m | [34m[1mDEBUG   [0m | [36mearth2studio.data.utils[0m:[36m_make_local_details[0m:[36m1070[0m - [34m[1mCopying /gcp-public-data-arco-era5/ar/model-level-1h-0p25deg.zarr-v1/hybrid/0 to local cache[0m
[32m2026-07-15 16:42:12.753[0m | [34m[1mDEBUG   [0m | [36mearth2studio.data.utils[0m:[36m_make_local_details[0m:[36m1070[0m - [34m[1mCopying /gcp-public-data-arco-era5/ar/full_37-1h-0p25deg-chunk-1.zarr-v3/skin_temperature/700296.0.0 to local cache[0m
[32m2026-07-15 16:42:12.754[0m | [34m[1mDEBUG   [0m | [36mearth2studio.data.utils[0m:[36m_make_local_details[0m:[36m1070[0m - [34m[1mCopying /gcp-public-data-arco-era5/ar/full_37-1h-0p25deg-chunk-1.zarr-v3/soil_temperature_level_1/700296.0.0 to local cache[0m
[32m2026-07-15 16:42:12.833[0m | [34m[1mDEBUG   [0m | [36mearth2studio.data.utils[0m:[36m_make_local_details[0m:[36m1070[0m - [34m[1mCopying /gcp-public-data-arco-era5/ar/full_37-1h-0p25deg-chunk-1.zarr-v3/specific_humidity/700296.0.0.0 to local cache[0m
[32m2026-07-15 16:42:12.836[0m | [34m[1mDEBUG   [0m | [36mearth2studio.data.utils[0m:[36m_make_local_details[0m:[36m1070[0m - [34m[1mCopying /gcp-public-data-arco-era5/ar/full_37-1h-0p25deg-chunk-1.zarr-v3/surface_pressure/700296.0.0 to local cache[0m
[32m2026-07-15 16:42:12.838[0m | [34m[1mDEBUG   [0m | [36mearth2studio.data.utils[0m:[36m_make_local_details[0m:[36m1070[0m - [34m[1mCopying /gcp-public-data-arco-era5/ar/full_37-1h-0p25deg-chunk-1.zarr-v3/volumetric_soil_water_layer_1/700296.0.0 to local cache[0m
[32m2026-07-15 16:42:12.839[0m | [34m[1mDEBUG   [0m | [36mearth2studio.data.utils[0m:[36m_make_local_details[0m:[36m1070[0m - [34m[1mCopying /gcp-public-data-arco-era5/ar/full_37-1h-0p25deg-chunk-1.zarr-v3/geopotential/700296.0.0.0 to local cache[0m
[32m2026-07-15 16:42:12.840[0m | [34m[1mDEBUG   [0m | [36mearth2studio.data.utils[0m:[36m_make_local_details[0m:[36m1070[0m - [34m[1mCopying /gcp-public-data-arco-era5/ar/full_37-1h-0p25deg-chunk-1.zarr-v3/vertical_velocity/700296.0.0.0 to local cache[0m
[32m2026-07-15 16:42:12.846[0m | [34m[1mDEBUG   [0m | [36mearth2studio.data.utils[0m:[36m_make_local_details[0m:[36m1070[0m - [34m[1mCopying /gcp-public-data-arco-era5/ar/full_37-1h-0p25deg-chunk-1.zarr-v3/temperature/700296.0.0.0 to local cache[0m
[32m2026-07-15 16:42:12.849[0m | [34m[1mDEBUG   [0m | [36mearth2studio.data.utils[0m:[36m_make_local_details[0m:[36m1070[0m - [34m[1mCopying /gcp-public-data-arco-era5/ar/full_37-1h-0p25deg-chunk-1.zarr-v3/2m_dewpoint_temperature/700296.0.0 to local cache[0m
[32m2026-07-15 16:42:12.853[0m | [34m[1mDEBUG   [0m | [36mearth2studio.data.utils[0m:[36m_make_local_details[0m:[36m1070[0m - [34m[1mCopying /gcp-public-data-arco-era5/ar/full_37-1h-0p25deg-chunk-1.zarr-v3/mean_sea_level_pressure/700296.0.0 to local cache[0m
[32m2026-07-15 16:42:12.854[0m | [34m[1mDEBUG   [0m | [36mearth2studio.data.utils[0m:[36m_make_local_details[0m:[36m1070[0m - [34m[1mCopying /gcp-public-data-arco-era5/ar/full_37-1h-0p25deg-chunk-1.zarr-v3/v_component_of_wind/700296.0.0.0 to local cache[0m
[32m2026-07-15 16:42:12.857[0m | [34m[1mDEBUG   [0m | [36mearth2studio.data.utils[0m:[36m_make_local_details[0m:[36m1070[0m - [34m[1mCopying /gcp-public-data-arco-era5/ar/full_37-1h-0p25deg-chunk-1.zarr-v3/u_component_of_wind/700296.0.0.0 to local cache[0m
[32m2026-07-15 16:42:12.860[0m | [34m[1mDEBUG   [0m | [36mearth2studio.data.utils[0m:[36m_make_local_details[0m:[36m1070[0m - [34m[1mCopying /gcp-public-data-arco-era5/ar/full_37-1h-0p25deg-chunk-1.zarr-v3/2m_temperature/700296.0.0 to local cache[0m
[32m2026-07-15 16:42:12.861[0m | [34m[1mDEBUG   [0m | [36mearth2studio.data.utils[0m:[36m_make_local_details[0m:[36m1070[0m - [34m[1mCopying /gcp-public-data-arco-era5/ar/full_37-1h-0p25deg-chunk-1.zarr-v3/volumetric_soil_water_layer_2/700296.0.0 to local cache[0m
[32m2026-07-15 16:42:12.862[0m | [34m[1mDEBUG   [0m | [36mearth2studio.data.utils[0m:[36m_make_local_details[0m:[36m1070[0m - [34m[1mCopying /gcp-public-data-arco-era5/ar/full_37-1h-0p25deg-chunk-1.zarr-v3/total_column_water/700296.0.0 to local cache[0m
[32m2026-07-15 16:42:12.863[0m | [34m[1mDEBUG   [0m | [36mearth2studio.data.utils[0m:[36m_make_local_details[0m:[36m1070[0m - [34m[1mCopying /gcp-public-data-arco-era5/ar/full_37-1h-0p25deg-chunk-1.zarr-v3/soil_temperature_level_2/700296.0.0 to local cache[0m
[32m2026-07-15 16:42:12.866[0m | [34m[1mDEBUG   [0m | [36mearth2studio.data.utils[0m:[36m_make_local_details[0m:[36m1070[0m - [34m[1mCopying /gcp-public-data-arco-era5/ar/full_37-1h-0p25deg-chunk-1.zarr-v3/10m_v_component_of_wind/700296.0.0 to local cache[0m
[32m2026-07-15 16:42:12.955[0m | [34m[1mDEBUG   [0m | [36mearth2studio.data.utils[0m:[36m_make_local_details[0m:[36m1070[0m - [34m[1mCopying /gcp-public-data-arco-era5/ar/full_37-1h-0p25deg-chunk-1.zarr-v3/10m_u_component_of_wind/700296.0.0 to local cache[0m
[32m2026-07-15 16:42:19.964[0m | [34m[1mDEBUG   [0m | [36mearth2studio.data.utils[0m:[36m_make_local_details[0m:[36m1070[0m - [34m[1mCopying /gcp-public-data-arco-era5/ar/full_37-1h-0p25deg-chunk-1.zarr-v3/temperature/700302.0.0.0 to local cache[0m
[32m2026-07-15 16:42:19.965[0m | [34m[1mDEBUG   [0m | [36mearth2studio.data.utils[0m:[36m_make_local_details[0m:[36m1070[0m - [34m[1mCopying /gcp-public-data-arco-era5/ar/full_37-1h-0p25deg-chunk-1.zarr-v3/skin_temperature/700302.0.0 to local cache[0m
[32m2026-07-15 16:42:19.966[0m | [34m[1mDEBUG   [0m | [36mearth2studio.data.utils[0m:[36m_make_local_details[0m:[36m1070[0m - [34m[1mCopying /gcp-public-data-arco-era5/ar/full_37-1h-0p25deg-chunk-1.zarr-v3/volumetric_soil_water_layer_1/700302.0.0 to local cache[0m
[32m2026-07-15 16:42:19.968[0m | [34m[1mDEBUG   [0m | [36mearth2studio.data.utils[0m:[36m_make_local_details[0m:[36m1070[0m - [34m[1mCopying /gcp-public-data-arco-era5/ar/full_37-1h-0p25deg-chunk-1.zarr-v3/soil_temperature_level_1/700302.0.0 to local cache[0m
[32m2026-07-15 16:42:19.969[0m | [34m[1mDEBUG   [0m | [36mearth2studio.data.utils[0m:[36m_make_local_details[0m:[36m1070[0m - [34m[1mCopying /gcp-public-data-arco-era5/ar/full_37-1h-0p25deg-chunk-1.zarr-v3/2m_dewpoint_temperature/700302.0.0 to local cache[0m
[32m2026-07-15 16:42:19.971[0m | [34m[1mDEBUG   [0m | [36mearth2studio.data.utils[0m:[36m_make_local_details[0m:[36m1070[0m - [34m[1mCopying /gcp-public-data-arco-era5/ar/full_37-1h-0p25deg-chunk-1.zarr-v3/u_component_of_wind/700302.0.0.0 to local cache[0m
[32m2026-07-15 16:42:19.977[0m | [34m[1mDEBUG   [0m | [36mearth2studio.data.utils[0m:[36m_make_local_details[0m:[36m1070[0m - [34m[1mCopying /gcp-public-data-arco-era5/ar/full_37-1h-0p25deg-chunk-1.zarr-v3/surface_pressure/700302.0.0 to local cache[0m
[32m2026-07-15 16:42:19.984[0m | [34m[1mDEBUG   [0m | [36mearth2studio.data.utils[0m:[36m_make_local_details[0m:[36m1070[0m - [34m[1mCopying /gcp-public-data-arco-era5/ar/full_37-1h-0p25deg-chunk-1.zarr-v3/10m_v_component_of_wind/700302.0.0 to local cache[0m
[32m2026-07-15 16:42:19.985[0m | [34m[1mDEBUG   [0m | [36mearth2studio.data.utils[0m:[36m_make_local_details[0m:[36m1070[0m - [34m[1mCopying /gcp-public-data-arco-era5/ar/full_37-1h-0p25deg-chunk-1.zarr-v3/v_component_of_wind/700302.0.0.0 to local cache[0m
[32m2026-07-15 16:42:20.047[0m | [34m[1mDEBUG   [0m | [36mearth2studio.data.utils[0m:[36m_make_local_details[0m:[36m1070[0m - [34m[1mCopying /gcp-public-data-arco-era5/ar/full_37-1h-0p25deg-chunk-1.zarr-v3/10m_u_component_of_wind/700302.0.0 to local cache[0m
[32m2026-07-15 16:42:20.057[0m | [34m[1mDEBUG   [0m | [36mearth2studio.data.utils[0m:[36m_make_local_details[0m:[36m1070[0m - [34m[1mCopying /gcp-public-data-arco-era5/ar/full_37-1h-0p25deg-chunk-1.zarr-v3/geopotential/700302.0.0.0 to local cache[0m
[32m2026-07-15 16:42:20.058[0m | [34m[1mDEBUG   [0m | [36mearth2studio.data.utils[0m:[36m_make_local_details[0m:[36m1070[0m - [34m[1mCopying /gcp-public-data-arco-era5/ar/full_37-1h-0p25deg-chunk-1.zarr-v3/total_column_water/700302.0.0 to local cache[0m
[32m2026-07-15 16:42:20.059[0m | [34m[1mDEBUG   [0m | [36mearth2studio.data.utils[0m:[36m_make_local_details[0m:[36m1070[0m - [34m[1mCopying /gcp-public-data-arco-era5/ar/full_37-1h-0p25deg-chunk-1.zarr-v3/volumetric_soil_water_layer_2/700302.0.0 to local cache[0m
[32m2026-07-15 16:42:20.060[0m | [34m[1mDEBUG   [0m | [36mearth2studio.data.utils[0m:[36m_make_local_details[0m:[36m1070[0m - [34m[1mCopying /gcp-public-data-arco-era5/ar/full_37-1h-0p25deg-chunk-1.zarr-v3/specific_humidity/700302.0.0.0 to local cache[0m
[32m2026-07-15 16:42:20.063[0m | [34m[1mDEBUG   [0m | [36mearth2studio.data.utils[0m:[36m_make_local_details[0m:[36m1070[0m - [34m[1mCopying /gcp-public-data-arco-era5/ar/full_37-1h-0p25deg-chunk-1.zarr-v3/2m_temperature/700302.0.0 to local cache[0m
[32m2026-07-15 16:42:20.106[0m | [34m[1mDEBUG   [0m | [36mearth2studio.data.utils[0m:[36m_make_local_details[0m:[36m1070[0m - [34m[1mCopying /gcp-public-data-arco-era5/ar/full_37-1h-0p25deg-chunk-1.zarr-v3/mean_sea_level_pressure/700302.0.0 to local cache[0m
[32m2026-07-15 16:42:20.131[0m | [34m[1mDEBUG   [0m | [36mearth2studio.data.utils[0m:[36m_make_local_details[0m:[36m1070[0m - [34m[1mCopying /gcp-public-data-arco-era5/ar/full_37-1h-0p25deg-chunk-1.zarr-v3/soil_temperature_level_2/700302.0.0 to local cache[0m
[32m2026-07-15 16:42:20.142[0m | [34m[1mDEBUG   [0m | [36mearth2studio.data.utils[0m:[36m_make_local_details[0m:[36m1070[0m - [34m[1mCopying /gcp-public-data-arco-era5/ar/full_37-1h-0p25deg-chunk-1.zarr-v3/vertical_velocity/700302.0.0.0 to local cache[0m
target_step 2: sum=-3.5020e-02
Saved /cluster/projects/nn12107k/robin/earth2studio/aifs_attributions_vestlandet/aifs_ig_attributions_vestlandet_init1979-11-22T06_target1979-11-23T00.nc
Cleaned up temporary input data cache: /cluster/projects/nn12107k/robin/e2s_data_cache_b74rxy71
Init: 1979-11-22 12:00:00 -> target valid time 1979-11-23 00:00:00 (2 steps, target_step=1)
[32m2026-07-15 16:43:28.492[0m | [34m[1mDEBUG   [0m | [36mearth2studio.data.utils[0m:[36m_make_local_details[0m:[36m1070[0m - [34m[1mCopying /gcp-public-data-arco-era5/ar/full_37-1h-0p25deg-chunk-1.zarr-v3/.zattrs to local cache[0m
[32m2026-07-15 16:43:29.672[0m | [34m[1mDEBUG   [0m | [36mearth2studio.data.utils[0m:[36m_make_local_details[0m:[36m1070[0m - [34m[1mCopying /gcp-public-data-arco-era5/ar/full_37-1h-0p25deg-chunk-1.zarr-v3/.zgroup to local cache[0m
[32m2026-07-15 16:43:29.887[0m | [34m[1mDEBUG   [0m | [36mearth2studio.data.utils[0m:[36m_make_local_details[0m:[36m1070[0m - [34m[1mCopying /gcp-public-data-arco-era5/ar/full_37-1h-0p25deg-chunk-1.zarr-v3/.zmetadata to local cache[0m
[32m2026-07-15 16:43:30.612[0m | [34m[1mDEBUG   [0m | [36mearth2studio.data.utils[0m:[36m_make_local_details[0m:[36m1070[0m - [34m[1mCopying /gcp-public-data-arco-era5/ar/full_37-1h-0p25deg-chunk-1.zarr-v3/level/0 to local cache[0m
[32m2026-07-15 16:43:30.882[0m | [34m[1mDEBUG   [0m | [36mearth2studio.data.utils[0m:[36m_make_local_details[0m:[36m1070[0m - [34m[1mCopying /gcp-public-data-arco-era5/ar/model-level-1h-0p25deg.zarr-v1/.zattrs to local cache[0m
[32m2026-07-15 16:43:31.815[0m | [34m[1mDEBUG   [0m | [36mearth2studio.data.utils[0m:[36m_make_local_details[0m:[36m1070[0m - [34m[1mCopying /gcp-public-data-arco-era5/ar/model-level-1h-0p25deg.zarr-v1/.zgroup to local cache[0m
[32m2026-07-15 16:43:32.050[0m | [34m[1mDEBUG   [0m | [36mearth2studio.data.utils[0m:[36m_make_local_details[0m:[36m1070[0m - [34m[1mCopying /gcp-public-data-arco-era5/ar/model-level-1h-0p25deg.zarr-v1/.zmetadata to local cache[0m
[32m2026-07-15 16:43:32.361[0m | [34m[1mDEBUG   [0m | [36mearth2studio.data.utils[0m:[36m_make_local_details[0m:[36m1070[0m - [34m[1mCopying /gcp-public-data-arco-era5/ar/model-level-1h-0p25deg.zarr-v1/hybrid/0 to local cache[0m
[32m2026-07-15 16:43:32.660[0m | [34m[1mDEBUG   [0m | [36mearth2studio.data.utils[0m:[36m_make_local_details[0m:[36m1070[0m - [34m[1mCopying /gcp-public-data-arco-era5/ar/full_37-1h-0p25deg-chunk-1.zarr-v3/mean_sea_level_pressure/700302.0.0 to local cache[0m
[32m2026-07-15 16:43:32.666[0m | [34m[1mDEBUG   [0m | [36mearth2studio.data.utils[0m:[36m_make_local_details[0m:[36m1070[0m - [34m[1mCopying /gcp-public-data-arco-era5/ar/full_37-1h-0p25deg-chunk-1.zarr-v3/u_component_of_wind/700302.0.0.0 to local cache[0m
[32m2026-07-15 16:43:32.672[0m | [34m[1mDEBUG   [0m | [36mearth2studio.data.utils[0m:[36m_make_local_details[0m:[36m1070[0m - [34m[1mCopying /gcp-public-data-arco-era5/ar/full_37-1h-0p25deg-chunk-1.zarr-v3/10m_u_component_of_wind/700302.0.0 to local cache[0m
[32m2026-07-15 16:43:32.675[0m | [34m[1mDEBUG   [0m | [36mearth2studio.data.utils[0m:[36m_make_local_details[0m:[36m1070[0m - [34m[1mCopying /gcp-public-data-arco-era5/ar/full_37-1h-0p25deg-chunk-1.zarr-v3/soil_temperature_level_1/700302.0.0 to local cache[0m
[32m2026-07-15 16:43:32.676[0m | [34m[1mDEBUG   [0m | [36mearth2studio.data.utils[0m:[36m_make_local_details[0m:[36m1070[0m - [34m[1mCopying /gcp-public-data-arco-era5/ar/full_37-1h-0p25deg-chunk-1.zarr-v3/specific_humidity/700302.0.0.0 to local cache[0m
[32m2026-07-15 16:43:32.689[0m | [34m[1mDEBUG   [0m | [36mearth2studio.data.utils[0m:[36m_make_local_details[0m:[36m1070[0m - [34m[1mCopying /gcp-public-data-arco-era5/ar/full_37-1h-0p25deg-chunk-1.zarr-v3/surface_pressure/700302.0.0 to local cache[0m
[32m2026-07-15 16:43:32.691[0m | [34m[1mDEBUG   [0m | [36mearth2studio.data.utils[0m:[36m_make_local_details[0m:[36m1070[0m - [34m[1mCopying /gcp-public-data-arco-era5/ar/full_37-1h-0p25deg-chunk-1.zarr-v3/10m_v_component_of_wind/700302.0.0 to local cache[0m
[32m2026-07-15 16:43:32.728[0m | [34m[1mDEBUG   [0m | [36mearth2studio.data.utils[0m:[36m_make_local_details[0m:[36m1070[0m - [34m[1mCopying /gcp-public-data-arco-era5/ar/full_37-1h-0p25deg-chunk-1.zarr-v3/geopotential/700302.0.0.0 to local cache[0m
[32m2026-07-15 16:43:32.731[0m | [34m[1mDEBUG   [0m | [36mearth2studio.data.utils[0m:[36m_make_local_details[0m:[36m1070[0m - [34m[1mCopying /gcp-public-data-arco-era5/ar/full_37-1h-0p25deg-chunk-1.zarr-v3/v_component_of_wind/700302.0.0.0 to local cache[0m
[32m2026-07-15 16:43:32.733[0m | [34m[1mDEBUG   [0m | [36mearth2studio.data.utils[0m:[36m_make_local_details[0m:[36m1070[0m - [34m[1mCopying /gcp-public-data-arco-era5/ar/full_37-1h-0p25deg-chunk-1.zarr-v3/soil_temperature_level_2/700302.0.0 to local cache[0m
[32m2026-07-15 16:43:32.765[0m | [34m[1mDEBUG   [0m | [36mearth2studio.data.utils[0m:[36m_make_local_details[0m:[36m1070[0m - [34m[1mCopying /gcp-public-data-arco-era5/ar/full_37-1h-0p25deg-chunk-1.zarr-v3/volumetric_soil_water_layer_1/700302.0.0 to local cache[0m
[32m2026-07-15 16:43:32.779[0m | [34m[1mDEBUG   [0m | [36mearth2studio.data.utils[0m:[36m_make_local_details[0m:[36m1070[0m - [34m[1mCopying /gcp-public-data-arco-era5/ar/full_37-1h-0p25deg-chunk-1.zarr-v3/2m_dewpoint_temperature/700302.0.0 to local cache[0m
[32m2026-07-15 16:43:32.782[0m | [34m[1mDEBUG   [0m | [36mearth2studio.data.utils[0m:[36m_make_local_details[0m:[36m1070[0m - [34m[1mCopying /gcp-public-data-arco-era5/ar/full_37-1h-0p25deg-chunk-1.zarr-v3/volumetric_soil_water_layer_2/700302.0.0 to local cache[0m
[32m2026-07-15 16:43:32.809[0m | [34m[1mDEBUG   [0m | [36mearth2studio.data.utils[0m:[36m_make_local_details[0m:[36m1070[0m - [34m[1mCopying /gcp-public-data-arco-era5/ar/full_37-1h-0p25deg-chunk-1.zarr-v3/total_column_water/700302.0.0 to local cache[0m
[32m2026-07-15 16:43:32.934[0m | [34m[1mDEBUG   [0m | [36mearth2studio.data.utils[0m:[36m_make_local_details[0m:[36m1070[0m - [34m[1mCopying /gcp-public-data-arco-era5/ar/full_37-1h-0p25deg-chunk-1.zarr-v3/vertical_velocity/700302.0.0.0 to local cache[0m
[32m2026-07-15 16:43:32.940[0m | [34m[1mDEBUG   [0m | [36mearth2studio.data.utils[0m:[36m_make_local_details[0m:[36m1070[0m - [34m[1mCopying /gcp-public-data-arco-era5/ar/full_37-1h-0p25deg-chunk-1.zarr-v3/skin_temperature/700302.0.0 to local cache[0m
[32m2026-07-15 16:43:32.977[0m | [34m[1mDEBUG   [0m | [36mearth2studio.data.utils[0m:[36m_make_local_details[0m:[36m1070[0m - [34m[1mCopying /gcp-public-data-arco-era5/ar/full_37-1h-0p25deg-chunk-1.zarr-v3/2m_temperature/700302.0.0 to local cache[0m
[32m2026-07-15 16:43:33.043[0m | [34m[1mDEBUG   [0m | [36mearth2studio.data.utils[0m:[36m_make_local_details[0m:[36m1070[0m - [34m[1mCopying /gcp-public-data-arco-era5/ar/full_37-1h-0p25deg-chunk-1.zarr-v3/temperature/700302.0.0.0 to local cache[0m
[32m2026-07-15 16:43:38.851[0m | [34m[1mDEBUG   [0m | [36mearth2studio.data.utils[0m:[36m_make_local_details[0m:[36m1070[0m - [34m[1mCopying /gcp-public-data-arco-era5/ar/full_37-1h-0p25deg-chunk-1.zarr-v3/skin_temperature/700308.0.0 to local cache[0m
[32m2026-07-15 16:43:38.858[0m | [34m[1mDEBUG   [0m | [36mearth2studio.data.utils[0m:[36m_make_local_details[0m:[36m1070[0m - [34m[1mCopying /gcp-public-data-arco-era5/ar/full_37-1h-0p25deg-chunk-1.zarr-v3/v_component_of_wind/700308.0.0.0 to local cache[0m
[32m2026-07-15 16:43:38.861[0m | [34m[1mDEBUG   [0m | [36mearth2studio.data.utils[0m:[36m_make_local_details[0m:[36m1070[0m - [34m[1mCopying /gcp-public-data-arco-era5/ar/full_37-1h-0p25deg-chunk-1.zarr-v3/10m_v_component_of_wind/700308.0.0 to local cache[0m
[32m2026-07-15 16:43:38.862[0m | [34m[1mDEBUG   [0m | [36mearth2studio.data.utils[0m:[36m_make_local_details[0m:[36m1070[0m - [34m[1mCopying /gcp-public-data-arco-era5/ar/full_37-1h-0p25deg-chunk-1.zarr-v3/soil_temperature_level_2/700308.0.0 to local cache[0m
[32m2026-07-15 16:43:38.873[0m | [34m[1mDEBUG   [0m | [36mearth2studio.data.utils[0m:[36m_make_local_details[0m:[36m1070[0m - [34m[1mCopying /gcp-public-data-arco-era5/ar/full_37-1h-0p25deg-chunk-1.zarr-v3/u_component_of_wind/700308.0.0.0 to local cache[0m
[32m2026-07-15 16:43:38.936[0m | [34m[1mDEBUG   [0m | [36mearth2studio.data.utils[0m:[36m_make_local_details[0m:[36m1070[0m - [34m[1mCopying /gcp-public-data-arco-era5/ar/full_37-1h-0p25deg-chunk-1.zarr-v3/volumetric_soil_water_layer_1/700308.0.0 to local cache[0m
[32m2026-07-15 16:43:38.942[0m | [34m[1mDEBUG   [0m | [36mearth2studio.data.utils[0m:[36m_make_local_details[0m:[36m1070[0m - [34m[1mCopying /gcp-public-data-arco-era5/ar/full_37-1h-0p25deg-chunk-1.zarr-v3/specific_humidity/700308.0.0.0 to local cache[0m
[32m2026-07-15 16:43:38.943[0m | [34m[1mDEBUG   [0m | [36mearth2studio.data.utils[0m:[36m_make_local_details[0m:[36m1070[0m - [34m[1mCopying /gcp-public-data-arco-era5/ar/full_37-1h-0p25deg-chunk-1.zarr-v3/temperature/700308.0.0.0 to local cache[0m
[32m2026-07-15 16:43:38.947[0m | [34m[1mDEBUG   [0m | [36mearth2studio.data.utils[0m:[36m_make_local_details[0m:[36m1070[0m - [34m[1mCopying /gcp-public-data-arco-era5/ar/full_37-1h-0p25deg-chunk-1.zarr-v3/vertical_velocity/700308.0.0.0 to local cache[0m
[32m2026-07-15 16:43:38.949[0m | [34m[1mDEBUG   [0m | [36mearth2studio.data.utils[0m:[36m_make_local_details[0m:[36m1070[0m - [34m[1mCopying /gcp-public-data-arco-era5/ar/full_37-1h-0p25deg-chunk-1.zarr-v3/2m_temperature/700308.0.0 to local cache[0m
[32m2026-07-15 16:43:38.951[0m | [34m[1mDEBUG   [0m | [36mearth2studio.data.utils[0m:[36m_make_local_details[0m:[36m1070[0m - [34m[1mCopying /gcp-public-data-arco-era5/ar/full_37-1h-0p25deg-chunk-1.zarr-v3/10m_u_component_of_wind/700308.0.0 to local cache[0m
[32m2026-07-15 16:43:38.951[0m | [34m[1mDEBUG   [0m | [36mearth2studio.data.utils[0m:[36m_make_local_details[0m:[36m1070[0m - [34m[1mCopying /gcp-public-data-arco-era5/ar/full_37-1h-0p25deg-chunk-1.zarr-v3/2m_dewpoint_temperature/700308.0.0 to local cache[0m
[32m2026-07-15 16:43:38.953[0m | [34m[1mDEBUG   [0m | [36mearth2studio.data.utils[0m:[36m_make_local_details[0m:[36m1070[0m - [34m[1mCopying /gcp-public-data-arco-era5/ar/full_37-1h-0p25deg-chunk-1.zarr-v3/soil_temperature_level_1/700308.0.0 to local cache[0m
[32m2026-07-15 16:43:39.038[0m | [34m[1mDEBUG   [0m | [36mearth2studio.data.utils[0m:[36m_make_local_details[0m:[36m1070[0m - [34m[1mCopying /gcp-public-data-arco-era5/ar/full_37-1h-0p25deg-chunk-1.zarr-v3/total_column_water/700308.0.0 to local cache[0m
[32m2026-07-15 16:43:39.040[0m | [34m[1mDEBUG   [0m | [36mearth2studio.data.utils[0m:[36m_make_local_details[0m:[36m1070[0m - [34m[1mCopying /gcp-public-data-arco-era5/ar/full_37-1h-0p25deg-chunk-1.zarr-v3/volumetric_soil_water_layer_2/700308.0.0 to local cache[0m
[32m2026-07-15 16:43:39.182[0m | [34m[1mDEBUG   [0m | [36mearth2studio.data.utils[0m:[36m_make_local_details[0m:[36m1070[0m - [34m[1mCopying /gcp-public-data-arco-era5/ar/full_37-1h-0p25deg-chunk-1.zarr-v3/surface_pressure/700308.0.0 to local cache[0m
[32m2026-07-15 16:43:39.233[0m | [34m[1mDEBUG   [0m | [36mearth2studio.data.utils[0m:[36m_make_local_details[0m:[36m1070[0m - [34m[1mCopying /gcp-public-data-arco-era5/ar/full_37-1h-0p25deg-chunk-1.zarr-v3/geopotential/700308.0.0.0 to local cache[0m
[32m2026-07-15 16:43:39.332[0m | [34m[1mDEBUG   [0m | [36mearth2studio.data.utils[0m:[36m_make_local_details[0m:[36m1070[0m - [34m[1mCopying /gcp-public-data-arco-era5/ar/full_37-1h-0p25deg-chunk-1.zarr-v3/mean_sea_level_pressure/700308.0.0 to local cache[0m
target_step 1: sum=-2.9270e-02
Saved /cluster/projects/nn12107k/robin/earth2studio/aifs_attributions_vestlandet/aifs_ig_attributions_vestlandet_init1979-11-22T12_target1979-11-23T00.nc
Cleaned up temporary input data cache: /cluster/projects/nn12107k/robin/e2s_data_cache_97s2roja
Init: 1979-11-22 18:00:00 -> target valid time 1979-11-23 00:00:00 (1 steps, target_step=0)
[32m2026-07-15 16:44:27.242[0m | [34m[1mDEBUG   [0m | [36mearth2studio.data.utils[0m:[36m_make_local_details[0m:[36m1070[0m - [34m[1mCopying /gcp-public-data-arco-era5/ar/full_37-1h-0p25deg-chunk-1.zarr-v3/.zattrs to local cache[0m
[32m2026-07-15 16:44:28.175[0m | [34m[1mDEBUG   [0m | [36mearth2studio.data.utils[0m:[36m_make_local_details[0m:[36m1070[0m - [34m[1mCopying /gcp-public-data-arco-era5/ar/full_37-1h-0p25deg-chunk-1.zarr-v3/.zgroup to local cache[0m
[32m2026-07-15 16:44:28.329[0m | [34m[1mDEBUG   [0m | [36mearth2studio.data.utils[0m:[36m_make_local_details[0m:[36m1070[0m - [34m[1mCopying /gcp-public-data-arco-era5/ar/full_37-1h-0p25deg-chunk-1.zarr-v3/.zmetadata to local cache[0m
[32m2026-07-15 16:44:28.640[0m | [34m[1mDEBUG   [0m | [36mearth2studio.data.utils[0m:[36m_make_local_details[0m:[36m1070[0m - [34m[1mCopying /gcp-public-data-arco-era5/ar/full_37-1h-0p25deg-chunk-1.zarr-v3/level/0 to local cache[0m
[32m2026-07-15 16:44:28.911[0m | [34m[1mDEBUG   [0m | [36mearth2studio.data.utils[0m:[36m_make_local_details[0m:[36m1070[0m - [34m[1mCopying /gcp-public-data-arco-era5/ar/model-level-1h-0p25deg.zarr-v1/.zattrs to local cache[0m
[32m2026-07-15 16:44:29.329[0m | [34m[1mDEBUG   [0m | [36mearth2studio.data.utils[0m:[36m_make_local_details[0m:[36m1070[0m - [34m[1mCopying /gcp-public-data-arco-era5/ar/model-level-1h-0p25deg.zarr-v1/.zgroup to local cache[0m
[32m2026-07-15 16:44:29.374[0m | [34m[1mDEBUG   [0m | [36mearth2studio.data.utils[0m:[36m_make_local_details[0m:[36m1070[0m - [34m[1mCopying /gcp-public-data-arco-era5/ar/model-level-1h-0p25deg.zarr-v1/.zmetadata to local cache[0m
[32m2026-07-15 16:44:29.656[0m | [34m[1mDEBUG   [0m | [36mearth2studio.data.utils[0m:[36m_make_local_details[0m:[36m1070[0m - [34m[1mCopying /gcp-public-data-arco-era5/ar/model-level-1h-0p25deg.zarr-v1/hybrid/0 to local cache[0m
[32m2026-07-15 16:44:29.866[0m | [34m[1mDEBUG   [0m | [36mearth2studio.data.utils[0m:[36m_make_local_details[0m:[36m1070[0m - [34m[1mCopying /gcp-public-data-arco-era5/ar/full_37-1h-0p25deg-chunk-1.zarr-v3/10m_v_component_of_wind/700308.0.0 to local cache[0m
[32m2026-07-15 16:44:29.911[0m | [34m[1mDEBUG   [0m | [36mearth2studio.data.utils[0m:[36m_make_local_details[0m:[36m1070[0m - [34m[1mCopying /gcp-public-data-arco-era5/ar/full_37-1h-0p25deg-chunk-1.zarr-v3/soil_temperature_level_2/700308.0.0 to local cache[0m
[32m2026-07-15 16:44:29.950[0m | [34m[1mDEBUG   [0m | [36mearth2studio.data.utils[0m:[36m_make_local_details[0m:[36m1070[0m - [34m[1mCopying /gcp-public-data-arco-era5/ar/full_37-1h-0p25deg-chunk-1.zarr-v3/volumetric_soil_water_layer_2/700308.0.0 to local cache[0m
[32m2026-07-15 16:44:29.952[0m | [34m[1mDEBUG   [0m | [36mearth2studio.data.utils[0m:[36m_make_local_details[0m:[36m1070[0m - [34m[1mCopying /gcp-public-data-arco-era5/ar/full_37-1h-0p25deg-chunk-1.zarr-v3/soil_temperature_level_1/700308.0.0 to local cache[0m
[32m2026-07-15 16:44:29.969[0m | [34m[1mDEBUG   [0m | [36mearth2studio.data.utils[0m:[36m_make_local_details[0m:[36m1070[0m - [34m[1mCopying /gcp-public-data-arco-era5/ar/full_37-1h-0p25deg-chunk-1.zarr-v3/2m_temperature/700308.0.0 to local cache[0m
[32m2026-07-15 16:44:29.970[0m | [34m[1mDEBUG   [0m | [36mearth2studio.data.utils[0m:[36m_make_local_details[0m:[36m1070[0m - [34m[1mCopying /gcp-public-data-arco-era5/ar/full_37-1h-0p25deg-chunk-1.zarr-v3/u_component_of_wind/700308.0.0.0 to local cache[0m
[32m2026-07-15 16:44:29.971[0m | [34m[1mDEBUG   [0m | [36mearth2studio.data.utils[0m:[36m_make_local_details[0m:[36m1070[0m - [34m[1mCopying /gcp-public-data-arco-era5/ar/full_37-1h-0p25deg-chunk-1.zarr-v3/mean_sea_level_pressure/700308.0.0 to local cache[0m
[32m2026-07-15 16:44:29.973[0m | [34m[1mDEBUG   [0m | [36mearth2studio.data.utils[0m:[36m_make_local_details[0m:[36m1070[0m - [34m[1mCopying /gcp-public-data-arco-era5/ar/full_37-1h-0p25deg-chunk-1.zarr-v3/geopotential/700308.0.0.0 to local cache[0m
[32m2026-07-15 16:44:29.977[0m | [34m[1mDEBUG   [0m | [36mearth2studio.data.utils[0m:[36m_make_local_details[0m:[36m1070[0m - [34m[1mCopying /gcp-public-data-arco-era5/ar/full_37-1h-0p25deg-chunk-1.zarr-v3/temperature/700308.0.0.0 to local cache[0m
[32m2026-07-15 16:44:29.978[0m | [34m[1mDEBUG   [0m | [36mearth2studio.data.utils[0m:[36m_make_local_details[0m:[36m1070[0m - [34m[1mCopying /gcp-public-data-arco-era5/ar/full_37-1h-0p25deg-chunk-1.zarr-v3/vertical_velocity/700308.0.0.0 to local cache[0m
[32m2026-07-15 16:44:29.980[0m | [34m[1mDEBUG   [0m | [36mearth2studio.data.utils[0m:[36m_make_local_details[0m:[36m1070[0m - [34m[1mCopying /gcp-public-data-arco-era5/ar/full_37-1h-0p25deg-chunk-1.zarr-v3/surface_pressure/700308.0.0 to local cache[0m
[32m2026-07-15 16:44:29.981[0m | [34m[1mDEBUG   [0m | [36mearth2studio.data.utils[0m:[36m_make_local_details[0m:[36m1070[0m - [34m[1mCopying /gcp-public-data-arco-era5/ar/full_37-1h-0p25deg-chunk-1.zarr-v3/v_component_of_wind/700308.0.0.0 to local cache[0m
[32m2026-07-15 16:44:29.984[0m | [34m[1mDEBUG   [0m | [36mearth2studio.data.utils[0m:[36m_make_local_details[0m:[36m1070[0m - [34m[1mCopying /gcp-public-data-arco-era5/ar/full_37-1h-0p25deg-chunk-1.zarr-v3/specific_humidity/700308.0.0.0 to local cache[0m
[32m2026-07-15 16:44:29.984[0m | [34m[1mDEBUG   [0m | [36mearth2studio.data.utils[0m:[36m_make_local_details[0m:[36m1070[0m - [34m[1mCopying /gcp-public-data-arco-era5/ar/full_37-1h-0p25deg-chunk-1.zarr-v3/skin_temperature/700308.0.0 to local cache[0m
[32m2026-07-15 16:44:29.986[0m | [34m[1mDEBUG   [0m | [36mearth2studio.data.utils[0m:[36m_make_local_details[0m:[36m1070[0m - [34m[1mCopying /gcp-public-data-arco-era5/ar/full_37-1h-0p25deg-chunk-1.zarr-v3/10m_u_component_of_wind/700308.0.0 to local cache[0m
[32m2026-07-15 16:44:29.990[0m | [34m[1mDEBUG   [0m | [36mearth2studio.data.utils[0m:[36m_make_local_details[0m:[36m1070[0m - [34m[1mCopying /gcp-public-data-arco-era5/ar/full_37-1h-0p25deg-chunk-1.zarr-v3/total_column_water/700308.0.0 to local cache[0m
[32m2026-07-15 16:44:30.003[0m | [34m[1mDEBUG   [0m | [36mearth2studio.data.utils[0m:[36m_make_local_details[0m:[36m1070[0m - [34m[1mCopying /gcp-public-data-arco-era5/ar/full_37-1h-0p25deg-chunk-1.zarr-v3/2m_dewpoint_temperature/700308.0.0 to local cache[0m
[32m2026-07-15 16:44:30.017[0m | [34m[1mDEBUG   [0m | [36mearth2studio.data.utils[0m:[36m_make_local_details[0m:[36m1070[0m - [34m[1mCopying /gcp-public-data-arco-era5/ar/full_37-1h-0p25deg-chunk-1.zarr-v3/volumetric_soil_water_layer_1/700308.0.0 to local cache[0m
[32m2026-07-15 16:44:36.091[0m | [34m[1mDEBUG   [0m | [36mearth2studio.data.utils[0m:[36m_make_local_details[0m:[36m1070[0m - [34m[1mCopying /gcp-public-data-arco-era5/ar/full_37-1h-0p25deg-chunk-1.zarr-v3/2m_temperature/700314.0.0 to local cache[0m
[32m2026-07-15 16:44:36.093[0m | [34m[1mDEBUG   [0m | [36mearth2studio.data.utils[0m:[36m_make_local_details[0m:[36m1070[0m - [34m[1mCopying /gcp-public-data-arco-era5/ar/full_37-1h-0p25deg-chunk-1.zarr-v3/v_component_of_wind/700314.0.0.0 to local cache[0m
[32m2026-07-15 16:44:36.095[0m | [34m[1mDEBUG   [0m | [36mearth2studio.data.utils[0m:[36m_make_local_details[0m:[36m1070[0m - [34m[1mCopying /gcp-public-data-arco-era5/ar/full_37-1h-0p25deg-chunk-1.zarr-v3/10m_u_component_of_wind/700314.0.0 to local cache[0m
[32m2026-07-15 16:44:36.102[0m | [34m[1mDEBUG   [0m | [36mearth2studio.data.utils[0m:[36m_make_local_details[0m:[36m1070[0m - [34m[1mCopying /gcp-public-data-arco-era5/ar/full_37-1h-0p25deg-chunk-1.zarr-v3/u_component_of_wind/700314.0.0.0 to local cache[0m
[32m2026-07-15 16:44:36.106[0m | [34m[1mDEBUG   [0m | [36mearth2studio.data.utils[0m:[36m_make_local_details[0m:[36m1070[0m - [34m[1mCopying /gcp-public-data-arco-era5/ar/full_37-1h-0p25deg-chunk-1.zarr-v3/specific_humidity/700314.0.0.0 to local cache[0m
[32m2026-07-15 16:44:36.111[0m | [34m[1mDEBUG   [0m | [36mearth2studio.data.utils[0m:[36m_make_local_details[0m:[36m1070[0m - [34m[1mCopying /gcp-public-data-arco-era5/ar/full_37-1h-0p25deg-chunk-1.zarr-v3/volumetric_soil_water_layer_2/700314.0.0 to local cache[0m
[32m2026-07-15 16:44:36.123[0m | [34m[1mDEBUG   [0m | [36mearth2studio.data.utils[0m:[36m_make_local_details[0m:[36m1070[0m - [34m[1mCopying /gcp-public-data-arco-era5/ar/full_37-1h-0p25deg-chunk-1.zarr-v3/temperature/700314.0.0.0 to local cache[0m
[32m2026-07-15 16:44:36.124[0m | [34m[1mDEBUG   [0m | [36mearth2studio.data.utils[0m:[36m_make_local_details[0m:[36m1070[0m - [34m[1mCopying /gcp-public-data-arco-era5/ar/full_37-1h-0p25deg-chunk-1.zarr-v3/soil_temperature_level_1/700314.0.0 to local cache[0m
[32m2026-07-15 16:44:36.172[0m | [34m[1mDEBUG   [0m | [36mearth2studio.data.utils[0m:[36m_make_local_details[0m:[36m1070[0m - [34m[1mCopying /gcp-public-data-arco-era5/ar/full_37-1h-0p25deg-chunk-1.zarr-v3/soil_temperature_level_2/700314.0.0 to local cache[0m
[32m2026-07-15 16:44:36.174[0m | [34m[1mDEBUG   [0m | [36mearth2studio.data.utils[0m:[36m_make_local_details[0m:[36m1070[0m - [34m[1mCopying /gcp-public-data-arco-era5/ar/full_37-1h-0p25deg-chunk-1.zarr-v3/volumetric_soil_water_layer_1/700314.0.0 to local cache[0m
[32m2026-07-15 16:44:36.176[0m | [34m[1mDEBUG   [0m | [36mearth2studio.data.utils[0m:[36m_make_local_details[0m:[36m1070[0m - [34m[1mCopying /gcp-public-data-arco-era5/ar/full_37-1h-0p25deg-chunk-1.zarr-v3/vertical_velocity/700314.0.0.0 to local cache[0m
[32m2026-07-15 16:44:36.182[0m | [34m[1mDEBUG   [0m | [36mearth2studio.data.utils[0m:[36m_make_local_details[0m:[36m1070[0m - [34m[1mCopying /gcp-public-data-arco-era5/ar/full_37-1h-0p25deg-chunk-1.zarr-v3/mean_sea_level_pressure/700314.0.0 to local cache[0m
[32m2026-07-15 16:44:36.183[0m | [34m[1mDEBUG   [0m | [36mearth2studio.data.utils[0m:[36m_make_local_details[0m:[36m1070[0m - [34m[1mCopying /gcp-public-data-arco-era5/ar/full_37-1h-0p25deg-chunk-1.zarr-v3/2m_dewpoint_temperature/700314.0.0 to local cache[0m
[32m2026-07-15 16:44:36.188[0m | [34m[1mDEBUG   [0m | [36mearth2studio.data.utils[0m:[36m_make_local_details[0m:[36m1070[0m - [34m[1mCopying /gcp-public-data-arco-era5/ar/full_37-1h-0p25deg-chunk-1.zarr-v3/geopotential/700314.0.0.0 to local cache[0m
[32m2026-07-15 16:44:36.193[0m | [34m[1mDEBUG   [0m | [36mearth2studio.data.utils[0m:[36m_make_local_details[0m:[36m1070[0m - [34m[1mCopying /gcp-public-data-arco-era5/ar/full_37-1h-0p25deg-chunk-1.zarr-v3/surface_pressure/700314.0.0 to local cache[0m
[32m2026-07-15 16:44:36.195[0m | [34m[1mDEBUG   [0m | [36mearth2studio.data.utils[0m:[36m_make_local_details[0m:[36m1070[0m - [34m[1mCopying /gcp-public-data-arco-era5/ar/full_37-1h-0p25deg-chunk-1.zarr-v3/skin_temperature/700314.0.0 to local cache[0m
[32m2026-07-15 16:44:36.223[0m | [34m[1mDEBUG   [0m | [36mearth2studio.data.utils[0m:[36m_make_local_details[0m:[36m1070[0m - [34m[1mCopying /gcp-public-data-arco-era5/ar/full_37-1h-0p25deg-chunk-1.zarr-v3/total_column_water/700314.0.0 to local cache[0m
[32m2026-07-15 16:44:36.270[0m | [34m[1mDEBUG   [0m | [36mearth2studio.data.utils[0m:[36m_make_local_details[0m:[36m1070[0m - [34m[1mCopying /gcp-public-data-arco-era5/ar/full_37-1h-0p25deg-chunk-1.zarr-v3/10m_v_component_of_wind/700314.0.0 to local cache[0m
target_step 0: sum=-2.0949e-02
Saved /cluster/projects/nn12107k/robin/earth2studio/aifs_attributions_vestlandet/aifs_ig_attributions_vestlandet_init1979-11-22T18_target1979-11-23T00.nc
Cleaned up temporary input data cache: /cluster/projects/nn12107k/robin/e2s_data_cache_epfsdqdo

Job 1586746 consumed 0.0 billing hours and 3.0 GPU hours from project nn12107k.

Submitted 2026-07-15T13:45:20; waited 0.0 seconds in the queue after becoming eligible to run.

Requested wallclock time: 4.0 hours
Elapsed wallclock time:   3.0 hours

Job exited normally.

Task and CPU statistics:
ID             CPUs  Tasks  CPU util                Start  Elapsed  Exit status
1586746           1            0.0 %  2026-07-15T13:45:20    3.0 h  0
1586746.batch     1      1    92.7 %  2026-07-15T13:45:20    3.0 h  0

Used CPU time:   2.8 CPU hours
Unused CPU time: 13.1 CPU minutes

Memory statistics, in GiB:
ID              Alloc   Usage
1586746         128.0        
1586746.batch   128.0    22.1

Job 1586746 completed at Wed Jul 15 16:45:09 CEST 2026
