Starting job 1617600 on gpu-1-111 on Olivia at Mon Jul 20 09:23:28 CEST 2026

Init: 2005-09-08 00:00:00 -> target valid time 2005-09-14 06:00:00 (25 steps, target_step=24)
[32m2026-07-20 09:24:11.845[0m | [34m[1mDEBUG   [0m | [36mearth2studio.data.utils[0m:[36m_make_local_details[0m:[36m1070[0m - [34m[1mCopying /gcp-public-data-arco-era5/ar/full_37-1h-0p25deg-chunk-1.zarr-v3/.zattrs to local cache[0m
[32m2026-07-20 09:24:12.808[0m | [34m[1mDEBUG   [0m | [36mearth2studio.data.utils[0m:[36m_make_local_details[0m:[36m1070[0m - [34m[1mCopying /gcp-public-data-arco-era5/ar/full_37-1h-0p25deg-chunk-1.zarr-v3/.zgroup to local cache[0m
[32m2026-07-20 09:24:12.875[0m | [34m[1mDEBUG   [0m | [36mearth2studio.data.utils[0m:[36m_make_local_details[0m:[36m1070[0m - [34m[1mCopying /gcp-public-data-arco-era5/ar/full_37-1h-0p25deg-chunk-1.zarr-v3/.zmetadata to local cache[0m
[32m2026-07-20 09:24:13.183[0m | [34m[1mDEBUG   [0m | [36mearth2studio.data.utils[0m:[36m_make_local_details[0m:[36m1070[0m - [34m[1mCopying /gcp-public-data-arco-era5/ar/full_37-1h-0p25deg-chunk-1.zarr-v3/level/0 to local cache[0m
[32m2026-07-20 09:24:13.454[0m | [34m[1mDEBUG   [0m | [36mearth2studio.data.utils[0m:[36m_make_local_details[0m:[36m1070[0m - [34m[1mCopying /gcp-public-data-arco-era5/ar/model-level-1h-0p25deg.zarr-v1/.zattrs to local cache[0m
[32m2026-07-20 09:24:13.762[0m | [34m[1mDEBUG   [0m | [36mearth2studio.data.utils[0m:[36m_make_local_details[0m:[36m1070[0m - [34m[1mCopying /gcp-public-data-arco-era5/ar/model-level-1h-0p25deg.zarr-v1/.zmetadata to local cache[0m
[32m2026-07-20 09:24:13.764[0m | [34m[1mDEBUG   [0m | [36mearth2studio.data.utils[0m:[36m_make_local_details[0m:[36m1070[0m - [34m[1mCopying /gcp-public-data-arco-era5/ar/model-level-1h-0p25deg.zarr-v1/.zgroup to local cache[0m
[32m2026-07-20 09:24:14.115[0m | [34m[1mDEBUG   [0m | [36mearth2studio.data.utils[0m:[36m_make_local_details[0m:[36m1070[0m - [34m[1mCopying /gcp-public-data-arco-era5/ar/model-level-1h-0p25deg.zarr-v1/hybrid/0 to local cache[0m
[32m2026-07-20 09:24:14.323[0m | [34m[1mDEBUG   [0m | [36mearth2studio.data.utils[0m:[36m_make_local_details[0m:[36m1070[0m - [34m[1mCopying /gcp-public-data-arco-era5/ar/full_37-1h-0p25deg-chunk-1.zarr-v3/2m_temperature/926418.0.0 to local cache[0m
[32m2026-07-20 09:24:14.354[0m | [34m[1mDEBUG   [0m | [36mearth2studio.data.utils[0m:[36m_make_local_details[0m:[36m1070[0m - [34m[1mCopying /gcp-public-data-arco-era5/ar/full_37-1h-0p25deg-chunk-1.zarr-v3/soil_temperature_level_1/926418.0.0 to local cache[0m
[32m2026-07-20 09:24:14.488[0m | [34m[1mDEBUG   [0m | [36mearth2studio.data.utils[0m:[36m_make_local_details[0m:[36m1070[0m - [34m[1mCopying /gcp-public-data-arco-era5/ar/full_37-1h-0p25deg-chunk-1.zarr-v3/vertical_velocity/926418.0.0.0 to local cache[0m
[32m2026-07-20 09:24:14.489[0m | [34m[1mDEBUG   [0m | [36mearth2studio.data.utils[0m:[36m_make_local_details[0m:[36m1070[0m - [34m[1mCopying /gcp-public-data-arco-era5/ar/full_37-1h-0p25deg-chunk-1.zarr-v3/soil_temperature_level_2/926418.0.0 to local cache[0m
[32m2026-07-20 09:24:14.495[0m | [34m[1mDEBUG   [0m | [36mearth2studio.data.utils[0m:[36m_make_local_details[0m:[36m1070[0m - [34m[1mCopying /gcp-public-data-arco-era5/ar/full_37-1h-0p25deg-chunk-1.zarr-v3/surface_pressure/926418.0.0 to local cache[0m
[32m2026-07-20 09:24:14.502[0m | [34m[1mDEBUG   [0m | [36mearth2studio.data.utils[0m:[36m_make_local_details[0m:[36m1070[0m - [34m[1mCopying /gcp-public-data-arco-era5/ar/full_37-1h-0p25deg-chunk-1.zarr-v3/v_component_of_wind/926418.0.0.0 to local cache[0m
[32m2026-07-20 09:24:14.507[0m | [34m[1mDEBUG   [0m | [36mearth2studio.data.utils[0m:[36m_make_local_details[0m:[36m1070[0m - [34m[1mCopying /gcp-public-data-arco-era5/ar/full_37-1h-0p25deg-chunk-1.zarr-v3/geopotential/926418.0.0.0 to local cache[0m
[32m2026-07-20 09:24:14.509[0m | [34m[1mDEBUG   [0m | [36mearth2studio.data.utils[0m:[36m_make_local_details[0m:[36m1070[0m - [34m[1mCopying /gcp-public-data-arco-era5/ar/full_37-1h-0p25deg-chunk-1.zarr-v3/total_column_water/926418.0.0 to local cache[0m
[32m2026-07-20 09:24:14.512[0m | [34m[1mDEBUG   [0m | [36mearth2studio.data.utils[0m:[36m_make_local_details[0m:[36m1070[0m - [34m[1mCopying /gcp-public-data-arco-era5/ar/full_37-1h-0p25deg-chunk-1.zarr-v3/volumetric_soil_water_layer_1/926418.0.0 to local cache[0m
[32m2026-07-20 09:24:14.513[0m | [34m[1mDEBUG   [0m | [36mearth2studio.data.utils[0m:[36m_make_local_details[0m:[36m1070[0m - [34m[1mCopying /gcp-public-data-arco-era5/ar/full_37-1h-0p25deg-chunk-1.zarr-v3/mean_sea_level_pressure/926418.0.0 to local cache[0m
[32m2026-07-20 09:24:14.514[0m | [34m[1mDEBUG   [0m | [36mearth2studio.data.utils[0m:[36m_make_local_details[0m:[36m1070[0m - [34m[1mCopying /gcp-public-data-arco-era5/ar/full_37-1h-0p25deg-chunk-1.zarr-v3/temperature/926418.0.0.0 to local cache[0m
[32m2026-07-20 09:24:14.522[0m | [34m[1mDEBUG   [0m | [36mearth2studio.data.utils[0m:[36m_make_local_details[0m:[36m1070[0m - [34m[1mCopying /gcp-public-data-arco-era5/ar/full_37-1h-0p25deg-chunk-1.zarr-v3/10m_u_component_of_wind/926418.0.0 to local cache[0m
[32m2026-07-20 09:24:14.524[0m | [34m[1mDEBUG   [0m | [36mearth2studio.data.utils[0m:[36m_make_local_details[0m:[36m1070[0m - [34m[1mCopying /gcp-public-data-arco-era5/ar/full_37-1h-0p25deg-chunk-1.zarr-v3/volumetric_soil_water_layer_2/926418.0.0 to local cache[0m
[32m2026-07-20 09:24:14.526[0m | [34m[1mDEBUG   [0m | [36mearth2studio.data.utils[0m:[36m_make_local_details[0m:[36m1070[0m - [34m[1mCopying /gcp-public-data-arco-era5/ar/full_37-1h-0p25deg-chunk-1.zarr-v3/u_component_of_wind/926418.0.0.0 to local cache[0m
[32m2026-07-20 09:24:14.529[0m | [34m[1mDEBUG   [0m | [36mearth2studio.data.utils[0m:[36m_make_local_details[0m:[36m1070[0m - [34m[1mCopying /gcp-public-data-arco-era5/ar/full_37-1h-0p25deg-chunk-1.zarr-v3/10m_v_component_of_wind/926418.0.0 to local cache[0m
[32m2026-07-20 09:24:14.537[0m | [34m[1mDEBUG   [0m | [36mearth2studio.data.utils[0m:[36m_make_local_details[0m:[36m1070[0m - [34m[1mCopying /gcp-public-data-arco-era5/ar/full_37-1h-0p25deg-chunk-1.zarr-v3/2m_dewpoint_temperature/926418.0.0 to local cache[0m
[32m2026-07-20 09:24:14.546[0m | [34m[1mDEBUG   [0m | [36mearth2studio.data.utils[0m:[36m_make_local_details[0m:[36m1070[0m - [34m[1mCopying /gcp-public-data-arco-era5/ar/full_37-1h-0p25deg-chunk-1.zarr-v3/specific_humidity/926418.0.0.0 to local cache[0m
[32m2026-07-20 09:24:14.548[0m | [34m[1mDEBUG   [0m | [36mearth2studio.data.utils[0m:[36m_make_local_details[0m:[36m1070[0m - [34m[1mCopying /gcp-public-data-arco-era5/ar/full_37-1h-0p25deg-chunk-1.zarr-v3/skin_temperature/926418.0.0 to local cache[0m
[32m2026-07-20 09:24:20.913[0m | [34m[1mDEBUG   [0m | [36mearth2studio.data.utils[0m:[36m_make_local_details[0m:[36m1070[0m - [34m[1mCopying /gcp-public-data-arco-era5/ar/full_37-1h-0p25deg-chunk-1.zarr-v3/2m_dewpoint_temperature/926424.0.0 to local cache[0m
[32m2026-07-20 09:24:20.915[0m | [34m[1mDEBUG   [0m | [36mearth2studio.data.utils[0m:[36m_make_local_details[0m:[36m1070[0m - [34m[1mCopying /gcp-public-data-arco-era5/ar/full_37-1h-0p25deg-chunk-1.zarr-v3/v_component_of_wind/926424.0.0.0 to local cache[0m
[32m2026-07-20 09:24:20.916[0m | [34m[1mDEBUG   [0m | [36mearth2studio.data.utils[0m:[36m_make_local_details[0m:[36m1070[0m - [34m[1mCopying /gcp-public-data-arco-era5/ar/full_37-1h-0p25deg-chunk-1.zarr-v3/2m_temperature/926424.0.0 to local cache[0m
[32m2026-07-20 09:24:20.917[0m | [34m[1mDEBUG   [0m | [36mearth2studio.data.utils[0m:[36m_make_local_details[0m:[36m1070[0m - [34m[1mCopying /gcp-public-data-arco-era5/ar/full_37-1h-0p25deg-chunk-1.zarr-v3/vertical_velocity/926424.0.0.0 to local cache[0m
[32m2026-07-20 09:24:20.917[0m | [34m[1mDEBUG   [0m | [36mearth2studio.data.utils[0m:[36m_make_local_details[0m:[36m1070[0m - [34m[1mCopying /gcp-public-data-arco-era5/ar/full_37-1h-0p25deg-chunk-1.zarr-v3/specific_humidity/926424.0.0.0 to local cache[0m
[32m2026-07-20 09:24:20.919[0m | [34m[1mDEBUG   [0m | [36mearth2studio.data.utils[0m:[36m_make_local_details[0m:[36m1070[0m - [34m[1mCopying /gcp-public-data-arco-era5/ar/full_37-1h-0p25deg-chunk-1.zarr-v3/u_component_of_wind/926424.0.0.0 to local cache[0m
[32m2026-07-20 09:24:20.934[0m | [34m[1mDEBUG   [0m | [36mearth2studio.data.utils[0m:[36m_make_local_details[0m:[36m1070[0m - [34m[1mCopying /gcp-public-data-arco-era5/ar/full_37-1h-0p25deg-chunk-1.zarr-v3/surface_pressure/926424.0.0 to local cache[0m
[32m2026-07-20 09:24:20.974[0m | [34m[1mDEBUG   [0m | [36mearth2studio.data.utils[0m:[36m_make_local_details[0m:[36m1070[0m - [34m[1mCopying /gcp-public-data-arco-era5/ar/full_37-1h-0p25deg-chunk-1.zarr-v3/volumetric_soil_water_layer_2/926424.0.0 to local cache[0m
[32m2026-07-20 09:24:20.998[0m | [34m[1mDEBUG   [0m | [36mearth2studio.data.utils[0m:[36m_make_local_details[0m:[36m1070[0m - [34m[1mCopying /gcp-public-data-arco-era5/ar/full_37-1h-0p25deg-chunk-1.zarr-v3/10m_v_component_of_wind/926424.0.0 to local cache[0m
[32m2026-07-20 09:24:21.003[0m | [34m[1mDEBUG   [0m | [36mearth2studio.data.utils[0m:[36m_make_local_details[0m:[36m1070[0m - [34m[1mCopying /gcp-public-data-arco-era5/ar/full_37-1h-0p25deg-chunk-1.zarr-v3/total_column_water/926424.0.0 to local cache[0m
[32m2026-07-20 09:24:21.004[0m | [34m[1mDEBUG   [0m | [36mearth2studio.data.utils[0m:[36m_make_local_details[0m:[36m1070[0m - [34m[1mCopying /gcp-public-data-arco-era5/ar/full_37-1h-0p25deg-chunk-1.zarr-v3/10m_u_component_of_wind/926424.0.0 to local cache[0m
[32m2026-07-20 09:24:21.008[0m | [34m[1mDEBUG   [0m | [36mearth2studio.data.utils[0m:[36m_make_local_details[0m:[36m1070[0m - [34m[1mCopying /gcp-public-data-arco-era5/ar/full_37-1h-0p25deg-chunk-1.zarr-v3/skin_temperature/926424.0.0 to local cache[0m
[32m2026-07-20 09:24:21.014[0m | [34m[1mDEBUG   [0m | [36mearth2studio.data.utils[0m:[36m_make_local_details[0m:[36m1070[0m - [34m[1mCopying /gcp-public-data-arco-era5/ar/full_37-1h-0p25deg-chunk-1.zarr-v3/volumetric_soil_water_layer_1/926424.0.0 to local cache[0m
[32m2026-07-20 09:24:21.015[0m | [34m[1mDEBUG   [0m | [36mearth2studio.data.utils[0m:[36m_make_local_details[0m:[36m1070[0m - [34m[1mCopying /gcp-public-data-arco-era5/ar/full_37-1h-0p25deg-chunk-1.zarr-v3/geopotential/926424.0.0.0 to local cache[0m
[32m2026-07-20 09:24:21.017[0m | [34m[1mDEBUG   [0m | [36mearth2studio.data.utils[0m:[36m_make_local_details[0m:[36m1070[0m - [34m[1mCopying /gcp-public-data-arco-era5/ar/full_37-1h-0p25deg-chunk-1.zarr-v3/soil_temperature_level_1/926424.0.0 to local cache[0m
[32m2026-07-20 09:24:21.032[0m | [34m[1mDEBUG   [0m | [36mearth2studio.data.utils[0m:[36m_make_local_details[0m:[36m1070[0m - [34m[1mCopying /gcp-public-data-arco-era5/ar/full_37-1h-0p25deg-chunk-1.zarr-v3/soil_temperature_level_2/926424.0.0 to local cache[0m
[32m2026-07-20 09:24:21.033[0m | [34m[1mDEBUG   [0m | [36mearth2studio.data.utils[0m:[36m_make_local_details[0m:[36m1070[0m - [34m[1mCopying /gcp-public-data-arco-era5/ar/full_37-1h-0p25deg-chunk-1.zarr-v3/mean_sea_level_pressure/926424.0.0 to local cache[0m
[32m2026-07-20 09:24:21.307[0m | [34m[1mDEBUG   [0m | [36mearth2studio.data.utils[0m:[36m_make_local_details[0m:[36m1070[0m - [34m[1mCopying /gcp-public-data-arco-era5/ar/full_37-1h-0p25deg-chunk-1.zarr-v3/temperature/926424.0.0.0 to local cache[0m
target_step 24: sum=-4.1494e-02
Saved /cluster/projects/nn12107k/robin/earth2studio/aifs_attributions_vestlandet/aifs_ig_attributions_vestlandet_init2005-09-08T00_target2005-09-14T06.nc
Cleaned up temporary input data cache: /cluster/projects/nn12107k/robin/e2s_data_cache_q7m3vsdh
Init: 2005-09-08 06:00:00 -> target valid time 2005-09-14 06:00:00 (24 steps, target_step=23)
[32m2026-07-20 09:32:26.738[0m | [34m[1mDEBUG   [0m | [36mearth2studio.data.utils[0m:[36m_make_local_details[0m:[36m1070[0m - [34m[1mCopying /gcp-public-data-arco-era5/ar/full_37-1h-0p25deg-chunk-1.zarr-v3/.zattrs to local cache[0m
[32m2026-07-20 09:32:28.282[0m | [34m[1mDEBUG   [0m | [36mearth2studio.data.utils[0m:[36m_make_local_details[0m:[36m1070[0m - [34m[1mCopying /gcp-public-data-arco-era5/ar/full_37-1h-0p25deg-chunk-1.zarr-v3/.zgroup to local cache[0m
[32m2026-07-20 09:32:28.346[0m | [34m[1mDEBUG   [0m | [36mearth2studio.data.utils[0m:[36m_make_local_details[0m:[36m1070[0m - [34m[1mCopying /gcp-public-data-arco-era5/ar/full_37-1h-0p25deg-chunk-1.zarr-v3/.zmetadata to local cache[0m
[32m2026-07-20 09:32:29.627[0m | [34m[1mDEBUG   [0m | [36mearth2studio.data.utils[0m:[36m_make_local_details[0m:[36m1070[0m - [34m[1mCopying /gcp-public-data-arco-era5/ar/full_37-1h-0p25deg-chunk-1.zarr-v3/level/0 to local cache[0m
[32m2026-07-20 09:32:30.053[0m | [34m[1mDEBUG   [0m | [36mearth2studio.data.utils[0m:[36m_make_local_details[0m:[36m1070[0m - [34m[1mCopying /gcp-public-data-arco-era5/ar/model-level-1h-0p25deg.zarr-v1/.zattrs to local cache[0m
[32m2026-07-20 09:32:30.865[0m | [34m[1mDEBUG   [0m | [36mearth2studio.data.utils[0m:[36m_make_local_details[0m:[36m1070[0m - [34m[1mCopying /gcp-public-data-arco-era5/ar/model-level-1h-0p25deg.zarr-v1/.zgroup to local cache[0m
[32m2026-07-20 09:32:31.096[0m | [34m[1mDEBUG   [0m | [36mearth2studio.data.utils[0m:[36m_make_local_details[0m:[36m1070[0m - [34m[1mCopying /gcp-public-data-arco-era5/ar/model-level-1h-0p25deg.zarr-v1/.zmetadata to local cache[0m
[32m2026-07-20 09:32:32.178[0m | [34m[1mDEBUG   [0m | [36mearth2studio.data.utils[0m:[36m_make_local_details[0m:[36m1070[0m - [34m[1mCopying /gcp-public-data-arco-era5/ar/model-level-1h-0p25deg.zarr-v1/hybrid/0 to local cache[0m
[32m2026-07-20 09:32:32.587[0m | [34m[1mDEBUG   [0m | [36mearth2studio.data.utils[0m:[36m_make_local_details[0m:[36m1070[0m - [34m[1mCopying /gcp-public-data-arco-era5/ar/full_37-1h-0p25deg-chunk-1.zarr-v3/10m_v_component_of_wind/926424.0.0 to local cache[0m
[32m2026-07-20 09:32:32.613[0m | [34m[1mDEBUG   [0m | [36mearth2studio.data.utils[0m:[36m_make_local_details[0m:[36m1070[0m - [34m[1mCopying /gcp-public-data-arco-era5/ar/full_37-1h-0p25deg-chunk-1.zarr-v3/skin_temperature/926424.0.0 to local cache[0m
[32m2026-07-20 09:32:32.622[0m | [34m[1mDEBUG   [0m | [36mearth2studio.data.utils[0m:[36m_make_local_details[0m:[36m1070[0m - [34m[1mCopying /gcp-public-data-arco-era5/ar/full_37-1h-0p25deg-chunk-1.zarr-v3/total_column_water/926424.0.0 to local cache[0m
[32m2026-07-20 09:32:32.642[0m | [34m[1mDEBUG   [0m | [36mearth2studio.data.utils[0m:[36m_make_local_details[0m:[36m1070[0m - [34m[1mCopying /gcp-public-data-arco-era5/ar/full_37-1h-0p25deg-chunk-1.zarr-v3/volumetric_soil_water_layer_2/926424.0.0 to local cache[0m
[32m2026-07-20 09:32:32.644[0m | [34m[1mDEBUG   [0m | [36mearth2studio.data.utils[0m:[36m_make_local_details[0m:[36m1070[0m - [34m[1mCopying /gcp-public-data-arco-era5/ar/full_37-1h-0p25deg-chunk-1.zarr-v3/mean_sea_level_pressure/926424.0.0 to local cache[0m
[32m2026-07-20 09:32:32.648[0m | [34m[1mDEBUG   [0m | [36mearth2studio.data.utils[0m:[36m_make_local_details[0m:[36m1070[0m - [34m[1mCopying /gcp-public-data-arco-era5/ar/full_37-1h-0p25deg-chunk-1.zarr-v3/2m_temperature/926424.0.0 to local cache[0m
[32m2026-07-20 09:32:32.652[0m | [34m[1mDEBUG   [0m | [36mearth2studio.data.utils[0m:[36m_make_local_details[0m:[36m1070[0m - [34m[1mCopying /gcp-public-data-arco-era5/ar/full_37-1h-0p25deg-chunk-1.zarr-v3/u_component_of_wind/926424.0.0.0 to local cache[0m
[32m2026-07-20 09:32:32.660[0m | [34m[1mDEBUG   [0m | [36mearth2studio.data.utils[0m:[36m_make_local_details[0m:[36m1070[0m - [34m[1mCopying /gcp-public-data-arco-era5/ar/full_37-1h-0p25deg-chunk-1.zarr-v3/vertical_velocity/926424.0.0.0 to local cache[0m
[32m2026-07-20 09:32:32.661[0m | [34m[1mDEBUG   [0m | [36mearth2studio.data.utils[0m:[36m_make_local_details[0m:[36m1070[0m - [34m[1mCopying /gcp-public-data-arco-era5/ar/full_37-1h-0p25deg-chunk-1.zarr-v3/specific_humidity/926424.0.0.0 to local cache[0m
[32m2026-07-20 09:32:32.662[0m | [34m[1mDEBUG   [0m | [36mearth2studio.data.utils[0m:[36m_make_local_details[0m:[36m1070[0m - [34m[1mCopying /gcp-public-data-arco-era5/ar/full_37-1h-0p25deg-chunk-1.zarr-v3/geopotential/926424.0.0.0 to local cache[0m
[32m2026-07-20 09:32:32.663[0m | [34m[1mDEBUG   [0m | [36mearth2studio.data.utils[0m:[36m_make_local_details[0m:[36m1070[0m - [34m[1mCopying /gcp-public-data-arco-era5/ar/full_37-1h-0p25deg-chunk-1.zarr-v3/2m_dewpoint_temperature/926424.0.0 to local cache[0m
[32m2026-07-20 09:32:32.673[0m | [34m[1mDEBUG   [0m | [36mearth2studio.data.utils[0m:[36m_make_local_details[0m:[36m1070[0m - [34m[1mCopying /gcp-public-data-arco-era5/ar/full_37-1h-0p25deg-chunk-1.zarr-v3/soil_temperature_level_2/926424.0.0 to local cache[0m
[32m2026-07-20 09:32:32.674[0m | [34m[1mDEBUG   [0m | [36mearth2studio.data.utils[0m:[36m_make_local_details[0m:[36m1070[0m - [34m[1mCopying /gcp-public-data-arco-era5/ar/full_37-1h-0p25deg-chunk-1.zarr-v3/surface_pressure/926424.0.0 to local cache[0m
[32m2026-07-20 09:32:32.708[0m | [34m[1mDEBUG   [0m | [36mearth2studio.data.utils[0m:[36m_make_local_details[0m:[36m1070[0m - [34m[1mCopying /gcp-public-data-arco-era5/ar/full_37-1h-0p25deg-chunk-1.zarr-v3/10m_u_component_of_wind/926424.0.0 to local cache[0m
[32m2026-07-20 09:32:32.709[0m | [34m[1mDEBUG   [0m | [36mearth2studio.data.utils[0m:[36m_make_local_details[0m:[36m1070[0m - [34m[1mCopying /gcp-public-data-arco-era5/ar/full_37-1h-0p25deg-chunk-1.zarr-v3/volumetric_soil_water_layer_1/926424.0.0 to local cache[0m
[32m2026-07-20 09:32:32.767[0m | [34m[1mDEBUG   [0m | [36mearth2studio.data.utils[0m:[36m_make_local_details[0m:[36m1070[0m - [34m[1mCopying /gcp-public-data-arco-era5/ar/full_37-1h-0p25deg-chunk-1.zarr-v3/v_component_of_wind/926424.0.0.0 to local cache[0m
[32m2026-07-20 09:32:32.775[0m | [34m[1mDEBUG   [0m | [36mearth2studio.data.utils[0m:[36m_make_local_details[0m:[36m1070[0m - [34m[1mCopying /gcp-public-data-arco-era5/ar/full_37-1h-0p25deg-chunk-1.zarr-v3/soil_temperature_level_1/926424.0.0 to local cache[0m
[32m2026-07-20 09:32:32.915[0m | [34m[1mDEBUG   [0m | [36mearth2studio.data.utils[0m:[36m_make_local_details[0m:[36m1070[0m - [34m[1mCopying /gcp-public-data-arco-era5/ar/full_37-1h-0p25deg-chunk-1.zarr-v3/temperature/926424.0.0.0 to local cache[0m
[32m2026-07-20 09:32:39.332[0m | [34m[1mDEBUG   [0m | [36mearth2studio.data.utils[0m:[36m_make_local_details[0m:[36m1070[0m - [34m[1mCopying /gcp-public-data-arco-era5/ar/full_37-1h-0p25deg-chunk-1.zarr-v3/volumetric_soil_water_layer_1/926430.0.0 to local cache[0m
[32m2026-07-20 09:32:39.334[0m | [34m[1mDEBUG   [0m | [36mearth2studio.data.utils[0m:[36m_make_local_details[0m:[36m1070[0m - [34m[1mCopying /gcp-public-data-arco-era5/ar/full_37-1h-0p25deg-chunk-1.zarr-v3/skin_temperature/926430.0.0 to local cache[0m
[32m2026-07-20 09:32:39.335[0m | [34m[1mDEBUG   [0m | [36mearth2studio.data.utils[0m:[36m_make_local_details[0m:[36m1070[0m - [34m[1mCopying /gcp-public-data-arco-era5/ar/full_37-1h-0p25deg-chunk-1.zarr-v3/v_component_of_wind/926430.0.0.0 to local cache[0m
[32m2026-07-20 09:32:39.336[0m | [34m[1mDEBUG   [0m | [36mearth2studio.data.utils[0m:[36m_make_local_details[0m:[36m1070[0m - [34m[1mCopying /gcp-public-data-arco-era5/ar/full_37-1h-0p25deg-chunk-1.zarr-v3/total_column_water/926430.0.0 to local cache[0m
[32m2026-07-20 09:32:39.338[0m | [34m[1mDEBUG   [0m | [36mearth2studio.data.utils[0m:[36m_make_local_details[0m:[36m1070[0m - [34m[1mCopying /gcp-public-data-arco-era5/ar/full_37-1h-0p25deg-chunk-1.zarr-v3/10m_u_component_of_wind/926430.0.0 to local cache[0m
[32m2026-07-20 09:32:39.339[0m | [34m[1mDEBUG   [0m | [36mearth2studio.data.utils[0m:[36m_make_local_details[0m:[36m1070[0m - [34m[1mCopying /gcp-public-data-arco-era5/ar/full_37-1h-0p25deg-chunk-1.zarr-v3/2m_temperature/926430.0.0 to local cache[0m
[32m2026-07-20 09:32:39.351[0m | [34m[1mDEBUG   [0m | [36mearth2studio.data.utils[0m:[36m_make_local_details[0m:[36m1070[0m - [34m[1mCopying /gcp-public-data-arco-era5/ar/full_37-1h-0p25deg-chunk-1.zarr-v3/mean_sea_level_pressure/926430.0.0 to local cache[0m
[32m2026-07-20 09:32:39.353[0m | [34m[1mDEBUG   [0m | [36mearth2studio.data.utils[0m:[36m_make_local_details[0m:[36m1070[0m - [34m[1mCopying /gcp-public-data-arco-era5/ar/full_37-1h-0p25deg-chunk-1.zarr-v3/10m_v_component_of_wind/926430.0.0 to local cache[0m
[32m2026-07-20 09:32:39.360[0m | [34m[1mDEBUG   [0m | [36mearth2studio.data.utils[0m:[36m_make_local_details[0m:[36m1070[0m - [34m[1mCopying /gcp-public-data-arco-era5/ar/full_37-1h-0p25deg-chunk-1.zarr-v3/vertical_velocity/926430.0.0.0 to local cache[0m
[32m2026-07-20 09:32:39.402[0m | [34m[1mDEBUG   [0m | [36mearth2studio.data.utils[0m:[36m_make_local_details[0m:[36m1070[0m - [34m[1mCopying /gcp-public-data-arco-era5/ar/full_37-1h-0p25deg-chunk-1.zarr-v3/soil_temperature_level_1/926430.0.0 to local cache[0m
[32m2026-07-20 09:32:39.407[0m | [34m[1mDEBUG   [0m | [36mearth2studio.data.utils[0m:[36m_make_local_details[0m:[36m1070[0m - [34m[1mCopying /gcp-public-data-arco-era5/ar/full_37-1h-0p25deg-chunk-1.zarr-v3/geopotential/926430.0.0.0 to local cache[0m
[32m2026-07-20 09:32:39.410[0m | [34m[1mDEBUG   [0m | [36mearth2studio.data.utils[0m:[36m_make_local_details[0m:[36m1070[0m - [34m[1mCopying /gcp-public-data-arco-era5/ar/full_37-1h-0p25deg-chunk-1.zarr-v3/volumetric_soil_water_layer_2/926430.0.0 to local cache[0m
[32m2026-07-20 09:32:39.415[0m | [34m[1mDEBUG   [0m | [36mearth2studio.data.utils[0m:[36m_make_local_details[0m:[36m1070[0m - [34m[1mCopying /gcp-public-data-arco-era5/ar/full_37-1h-0p25deg-chunk-1.zarr-v3/specific_humidity/926430.0.0.0 to local cache[0m
[32m2026-07-20 09:32:39.420[0m | [34m[1mDEBUG   [0m | [36mearth2studio.data.utils[0m:[36m_make_local_details[0m:[36m1070[0m - [34m[1mCopying /gcp-public-data-arco-era5/ar/full_37-1h-0p25deg-chunk-1.zarr-v3/2m_dewpoint_temperature/926430.0.0 to local cache[0m
[32m2026-07-20 09:32:39.424[0m | [34m[1mDEBUG   [0m | [36mearth2studio.data.utils[0m:[36m_make_local_details[0m:[36m1070[0m - [34m[1mCopying /gcp-public-data-arco-era5/ar/full_37-1h-0p25deg-chunk-1.zarr-v3/soil_temperature_level_2/926430.0.0 to local cache[0m
[32m2026-07-20 09:32:39.439[0m | [34m[1mDEBUG   [0m | [36mearth2studio.data.utils[0m:[36m_make_local_details[0m:[36m1070[0m - [34m[1mCopying /gcp-public-data-arco-era5/ar/full_37-1h-0p25deg-chunk-1.zarr-v3/u_component_of_wind/926430.0.0.0 to local cache[0m
[32m2026-07-20 09:32:40.053[0m | [34m[1mDEBUG   [0m | [36mearth2studio.data.utils[0m:[36m_make_local_details[0m:[36m1070[0m - [34m[1mCopying /gcp-public-data-arco-era5/ar/full_37-1h-0p25deg-chunk-1.zarr-v3/surface_pressure/926430.0.0 to local cache[0m
[32m2026-07-20 09:32:40.068[0m | [34m[1mDEBUG   [0m | [36mearth2studio.data.utils[0m:[36m_make_local_details[0m:[36m1070[0m - [34m[1mCopying /gcp-public-data-arco-era5/ar/full_37-1h-0p25deg-chunk-1.zarr-v3/temperature/926430.0.0.0 to local cache[0m
target_step 23: sum=9.8581e-02
Saved /cluster/projects/nn12107k/robin/earth2studio/aifs_attributions_vestlandet/aifs_ig_attributions_vestlandet_init2005-09-08T06_target2005-09-14T06.nc
Cleaned up temporary input data cache: /cluster/projects/nn12107k/robin/e2s_data_cache_c80scwgz
Init: 2005-09-08 12:00:00 -> target valid time 2005-09-14 06:00:00 (23 steps, target_step=22)
[32m2026-07-20 09:40:26.983[0m | [34m[1mDEBUG   [0m | [36mearth2studio.data.utils[0m:[36m_make_local_details[0m:[36m1070[0m - [34m[1mCopying /gcp-public-data-arco-era5/ar/full_37-1h-0p25deg-chunk-1.zarr-v3/.zattrs to local cache[0m
[32m2026-07-20 09:40:27.983[0m | [34m[1mDEBUG   [0m | [36mearth2studio.data.utils[0m:[36m_make_local_details[0m:[36m1070[0m - [34m[1mCopying /gcp-public-data-arco-era5/ar/full_37-1h-0p25deg-chunk-1.zarr-v3/.zgroup to local cache[0m
[32m2026-07-20 09:40:28.064[0m | [34m[1mDEBUG   [0m | [36mearth2studio.data.utils[0m:[36m_make_local_details[0m:[36m1070[0m - [34m[1mCopying /gcp-public-data-arco-era5/ar/full_37-1h-0p25deg-chunk-1.zarr-v3/.zmetadata to local cache[0m
[32m2026-07-20 09:40:28.380[0m | [34m[1mDEBUG   [0m | [36mearth2studio.data.utils[0m:[36m_make_local_details[0m:[36m1070[0m - [34m[1mCopying /gcp-public-data-arco-era5/ar/full_37-1h-0p25deg-chunk-1.zarr-v3/level/0 to local cache[0m
[32m2026-07-20 09:40:28.647[0m | [34m[1mDEBUG   [0m | [36mearth2studio.data.utils[0m:[36m_make_local_details[0m:[36m1070[0m - [34m[1mCopying /gcp-public-data-arco-era5/ar/model-level-1h-0p25deg.zarr-v1/.zattrs to local cache[0m
[32m2026-07-20 09:40:28.956[0m | [34m[1mDEBUG   [0m | [36mearth2studio.data.utils[0m:[36m_make_local_details[0m:[36m1070[0m - [34m[1mCopying /gcp-public-data-arco-era5/ar/model-level-1h-0p25deg.zarr-v1/.zgroup to local cache[0m
[32m2026-07-20 09:40:28.957[0m | [34m[1mDEBUG   [0m | [36mearth2studio.data.utils[0m:[36m_make_local_details[0m:[36m1070[0m - [34m[1mCopying /gcp-public-data-arco-era5/ar/model-level-1h-0p25deg.zarr-v1/.zmetadata to local cache[0m
[32m2026-07-20 09:40:29.351[0m | [34m[1mDEBUG   [0m | [36mearth2studio.data.utils[0m:[36m_make_local_details[0m:[36m1070[0m - [34m[1mCopying /gcp-public-data-arco-era5/ar/model-level-1h-0p25deg.zarr-v1/hybrid/0 to local cache[0m
[32m2026-07-20 09:40:29.562[0m | [34m[1mDEBUG   [0m | [36mearth2studio.data.utils[0m:[36m_make_local_details[0m:[36m1070[0m - [34m[1mCopying /gcp-public-data-arco-era5/ar/full_37-1h-0p25deg-chunk-1.zarr-v3/vertical_velocity/926430.0.0.0 to local cache[0m
[32m2026-07-20 09:40:29.651[0m | [34m[1mDEBUG   [0m | [36mearth2studio.data.utils[0m:[36m_make_local_details[0m:[36m1070[0m - [34m[1mCopying /gcp-public-data-arco-era5/ar/full_37-1h-0p25deg-chunk-1.zarr-v3/volumetric_soil_water_layer_2/926430.0.0 to local cache[0m
[32m2026-07-20 09:40:29.654[0m | [34m[1mDEBUG   [0m | [36mearth2studio.data.utils[0m:[36m_make_local_details[0m:[36m1070[0m - [34m[1mCopying /gcp-public-data-arco-era5/ar/full_37-1h-0p25deg-chunk-1.zarr-v3/u_component_of_wind/926430.0.0.0 to local cache[0m
[32m2026-07-20 09:40:29.655[0m | [34m[1mDEBUG   [0m | [36mearth2studio.data.utils[0m:[36m_make_local_details[0m:[36m1070[0m - [34m[1mCopying /gcp-public-data-arco-era5/ar/full_37-1h-0p25deg-chunk-1.zarr-v3/v_component_of_wind/926430.0.0.0 to local cache[0m
[32m2026-07-20 09:40:29.657[0m | [34m[1mDEBUG   [0m | [36mearth2studio.data.utils[0m:[36m_make_local_details[0m:[36m1070[0m - [34m[1mCopying /gcp-public-data-arco-era5/ar/full_37-1h-0p25deg-chunk-1.zarr-v3/2m_temperature/926430.0.0 to local cache[0m
[32m2026-07-20 09:40:29.657[0m | [34m[1mDEBUG   [0m | [36mearth2studio.data.utils[0m:[36m_make_local_details[0m:[36m1070[0m - [34m[1mCopying /gcp-public-data-arco-era5/ar/full_37-1h-0p25deg-chunk-1.zarr-v3/surface_pressure/926430.0.0 to local cache[0m
[32m2026-07-20 09:40:29.658[0m | [34m[1mDEBUG   [0m | [36mearth2studio.data.utils[0m:[36m_make_local_details[0m:[36m1070[0m - [34m[1mCopying /gcp-public-data-arco-era5/ar/full_37-1h-0p25deg-chunk-1.zarr-v3/soil_temperature_level_2/926430.0.0 to local cache[0m
[32m2026-07-20 09:40:29.661[0m | [34m[1mDEBUG   [0m | [36mearth2studio.data.utils[0m:[36m_make_local_details[0m:[36m1070[0m - [34m[1mCopying /gcp-public-data-arco-era5/ar/full_37-1h-0p25deg-chunk-1.zarr-v3/volumetric_soil_water_layer_1/926430.0.0 to local cache[0m
[32m2026-07-20 09:40:29.663[0m | [34m[1mDEBUG   [0m | [36mearth2studio.data.utils[0m:[36m_make_local_details[0m:[36m1070[0m - [34m[1mCopying /gcp-public-data-arco-era5/ar/full_37-1h-0p25deg-chunk-1.zarr-v3/soil_temperature_level_1/926430.0.0 to local cache[0m
[32m2026-07-20 09:40:29.665[0m | [34m[1mDEBUG   [0m | [36mearth2studio.data.utils[0m:[36m_make_local_details[0m:[36m1070[0m - [34m[1mCopying /gcp-public-data-arco-era5/ar/full_37-1h-0p25deg-chunk-1.zarr-v3/mean_sea_level_pressure/926430.0.0 to local cache[0m
[32m2026-07-20 09:40:29.667[0m | [34m[1mDEBUG   [0m | [36mearth2studio.data.utils[0m:[36m_make_local_details[0m:[36m1070[0m - [34m[1mCopying /gcp-public-data-arco-era5/ar/full_37-1h-0p25deg-chunk-1.zarr-v3/10m_v_component_of_wind/926430.0.0 to local cache[0m
[32m2026-07-20 09:40:29.670[0m | [34m[1mDEBUG   [0m | [36mearth2studio.data.utils[0m:[36m_make_local_details[0m:[36m1070[0m - [34m[1mCopying /gcp-public-data-arco-era5/ar/full_37-1h-0p25deg-chunk-1.zarr-v3/specific_humidity/926430.0.0.0 to local cache[0m
[32m2026-07-20 09:40:29.672[0m | [34m[1mDEBUG   [0m | [36mearth2studio.data.utils[0m:[36m_make_local_details[0m:[36m1070[0m - [34m[1mCopying /gcp-public-data-arco-era5/ar/full_37-1h-0p25deg-chunk-1.zarr-v3/skin_temperature/926430.0.0 to local cache[0m
[32m2026-07-20 09:40:29.672[0m | [34m[1mDEBUG   [0m | [36mearth2studio.data.utils[0m:[36m_make_local_details[0m:[36m1070[0m - [34m[1mCopying /gcp-public-data-arco-era5/ar/full_37-1h-0p25deg-chunk-1.zarr-v3/10m_u_component_of_wind/926430.0.0 to local cache[0m
[32m2026-07-20 09:40:29.673[0m | [34m[1mDEBUG   [0m | [36mearth2studio.data.utils[0m:[36m_make_local_details[0m:[36m1070[0m - [34m[1mCopying /gcp-public-data-arco-era5/ar/full_37-1h-0p25deg-chunk-1.zarr-v3/total_column_water/926430.0.0 to local cache[0m
[32m2026-07-20 09:40:29.675[0m | [34m[1mDEBUG   [0m | [36mearth2studio.data.utils[0m:[36m_make_local_details[0m:[36m1070[0m - [34m[1mCopying /gcp-public-data-arco-era5/ar/full_37-1h-0p25deg-chunk-1.zarr-v3/geopotential/926430.0.0.0 to local cache[0m
[32m2026-07-20 09:40:29.678[0m | [34m[1mDEBUG   [0m | [36mearth2studio.data.utils[0m:[36m_make_local_details[0m:[36m1070[0m - [34m[1mCopying /gcp-public-data-arco-era5/ar/full_37-1h-0p25deg-chunk-1.zarr-v3/2m_dewpoint_temperature/926430.0.0 to local cache[0m
[32m2026-07-20 09:40:29.701[0m | [34m[1mDEBUG   [0m | [36mearth2studio.data.utils[0m:[36m_make_local_details[0m:[36m1070[0m - [34m[1mCopying /gcp-public-data-arco-era5/ar/full_37-1h-0p25deg-chunk-1.zarr-v3/temperature/926430.0.0.0 to local cache[0m
[32m2026-07-20 09:40:35.643[0m | [34m[1mDEBUG   [0m | [36mearth2studio.data.utils[0m:[36m_make_local_details[0m:[36m1070[0m - [34m[1mCopying /gcp-public-data-arco-era5/ar/full_37-1h-0p25deg-chunk-1.zarr-v3/vertical_velocity/926436.0.0.0 to local cache[0m
[32m2026-07-20 09:40:35.644[0m | [34m[1mDEBUG   [0m | [36mearth2studio.data.utils[0m:[36m_make_local_details[0m:[36m1070[0m - [34m[1mCopying /gcp-public-data-arco-era5/ar/full_37-1h-0p25deg-chunk-1.zarr-v3/skin_temperature/926436.0.0 to local cache[0m
[32m2026-07-20 09:40:35.645[0m | [34m[1mDEBUG   [0m | [36mearth2studio.data.utils[0m:[36m_make_local_details[0m:[36m1070[0m - [34m[1mCopying /gcp-public-data-arco-era5/ar/full_37-1h-0p25deg-chunk-1.zarr-v3/specific_humidity/926436.0.0.0 to local cache[0m
[32m2026-07-20 09:40:35.647[0m | [34m[1mDEBUG   [0m | [36mearth2studio.data.utils[0m:[36m_make_local_details[0m:[36m1070[0m - [34m[1mCopying /gcp-public-data-arco-era5/ar/full_37-1h-0p25deg-chunk-1.zarr-v3/surface_pressure/926436.0.0 to local cache[0m
[32m2026-07-20 09:40:35.647[0m | [34m[1mDEBUG   [0m | [36mearth2studio.data.utils[0m:[36m_make_local_details[0m:[36m1070[0m - [34m[1mCopying /gcp-public-data-arco-era5/ar/full_37-1h-0p25deg-chunk-1.zarr-v3/total_column_water/926436.0.0 to local cache[0m
[32m2026-07-20 09:40:35.648[0m | [34m[1mDEBUG   [0m | [36mearth2studio.data.utils[0m:[36m_make_local_details[0m:[36m1070[0m - [34m[1mCopying /gcp-public-data-arco-era5/ar/full_37-1h-0p25deg-chunk-1.zarr-v3/2m_temperature/926436.0.0 to local cache[0m
[32m2026-07-20 09:40:35.649[0m | [34m[1mDEBUG   [0m | [36mearth2studio.data.utils[0m:[36m_make_local_details[0m:[36m1070[0m - [34m[1mCopying /gcp-public-data-arco-era5/ar/full_37-1h-0p25deg-chunk-1.zarr-v3/10m_u_component_of_wind/926436.0.0 to local cache[0m
[32m2026-07-20 09:40:35.651[0m | [34m[1mDEBUG   [0m | [36mearth2studio.data.utils[0m:[36m_make_local_details[0m:[36m1070[0m - [34m[1mCopying /gcp-public-data-arco-era5/ar/full_37-1h-0p25deg-chunk-1.zarr-v3/2m_dewpoint_temperature/926436.0.0 to local cache[0m
[32m2026-07-20 09:40:35.654[0m | [34m[1mDEBUG   [0m | [36mearth2studio.data.utils[0m:[36m_make_local_details[0m:[36m1070[0m - [34m[1mCopying /gcp-public-data-arco-era5/ar/full_37-1h-0p25deg-chunk-1.zarr-v3/soil_temperature_level_2/926436.0.0 to local cache[0m
[32m2026-07-20 09:40:35.731[0m | [34m[1mDEBUG   [0m | [36mearth2studio.data.utils[0m:[36m_make_local_details[0m:[36m1070[0m - [34m[1mCopying /gcp-public-data-arco-era5/ar/full_37-1h-0p25deg-chunk-1.zarr-v3/mean_sea_level_pressure/926436.0.0 to local cache[0m
[32m2026-07-20 09:40:35.733[0m | [34m[1mDEBUG   [0m | [36mearth2studio.data.utils[0m:[36m_make_local_details[0m:[36m1070[0m - [34m[1mCopying /gcp-public-data-arco-era5/ar/full_37-1h-0p25deg-chunk-1.zarr-v3/soil_temperature_level_1/926436.0.0 to local cache[0m
[32m2026-07-20 09:40:35.736[0m | [34m[1mDEBUG   [0m | [36mearth2studio.data.utils[0m:[36m_make_local_details[0m:[36m1070[0m - [34m[1mCopying /gcp-public-data-arco-era5/ar/full_37-1h-0p25deg-chunk-1.zarr-v3/u_component_of_wind/926436.0.0.0 to local cache[0m
[32m2026-07-20 09:40:35.738[0m | [34m[1mDEBUG   [0m | [36mearth2studio.data.utils[0m:[36m_make_local_details[0m:[36m1070[0m - [34m[1mCopying /gcp-public-data-arco-era5/ar/full_37-1h-0p25deg-chunk-1.zarr-v3/temperature/926436.0.0.0 to local cache[0m
[32m2026-07-20 09:40:35.742[0m | [34m[1mDEBUG   [0m | [36mearth2studio.data.utils[0m:[36m_make_local_details[0m:[36m1070[0m - [34m[1mCopying /gcp-public-data-arco-era5/ar/full_37-1h-0p25deg-chunk-1.zarr-v3/geopotential/926436.0.0.0 to local cache[0m
[32m2026-07-20 09:40:35.743[0m | [34m[1mDEBUG   [0m | [36mearth2studio.data.utils[0m:[36m_make_local_details[0m:[36m1070[0m - [34m[1mCopying /gcp-public-data-arco-era5/ar/full_37-1h-0p25deg-chunk-1.zarr-v3/v_component_of_wind/926436.0.0.0 to local cache[0m
[32m2026-07-20 09:40:35.757[0m | [34m[1mDEBUG   [0m | [36mearth2studio.data.utils[0m:[36m_make_local_details[0m:[36m1070[0m - [34m[1mCopying /gcp-public-data-arco-era5/ar/full_37-1h-0p25deg-chunk-1.zarr-v3/10m_v_component_of_wind/926436.0.0 to local cache[0m
[32m2026-07-20 09:40:35.828[0m | [34m[1mDEBUG   [0m | [36mearth2studio.data.utils[0m:[36m_make_local_details[0m:[36m1070[0m - [34m[1mCopying /gcp-public-data-arco-era5/ar/full_37-1h-0p25deg-chunk-1.zarr-v3/volumetric_soil_water_layer_2/926436.0.0 to local cache[0m
[32m2026-07-20 09:40:35.829[0m | [34m[1mDEBUG   [0m | [36mearth2studio.data.utils[0m:[36m_make_local_details[0m:[36m1070[0m - [34m[1mCopying /gcp-public-data-arco-era5/ar/full_37-1h-0p25deg-chunk-1.zarr-v3/volumetric_soil_water_layer_1/926436.0.0 to local cache[0m
target_step 22: sum=1.0201e-01
Saved /cluster/projects/nn12107k/robin/earth2studio/aifs_attributions_vestlandet/aifs_ig_attributions_vestlandet_init2005-09-08T12_target2005-09-14T06.nc
Cleaned up temporary input data cache: /cluster/projects/nn12107k/robin/e2s_data_cache_wf597w0p
Init: 2005-09-08 18:00:00 -> target valid time 2005-09-14 06:00:00 (22 steps, target_step=21)
[32m2026-07-20 09:48:02.356[0m | [34m[1mDEBUG   [0m | [36mearth2studio.data.utils[0m:[36m_make_local_details[0m:[36m1070[0m - [34m[1mCopying /gcp-public-data-arco-era5/ar/full_37-1h-0p25deg-chunk-1.zarr-v3/.zattrs to local cache[0m
[32m2026-07-20 09:48:03.242[0m | [34m[1mDEBUG   [0m | [36mearth2studio.data.utils[0m:[36m_make_local_details[0m:[36m1070[0m - [34m[1mCopying /gcp-public-data-arco-era5/ar/full_37-1h-0p25deg-chunk-1.zarr-v3/.zgroup to local cache[0m
[32m2026-07-20 09:48:03.314[0m | [34m[1mDEBUG   [0m | [36mearth2studio.data.utils[0m:[36m_make_local_details[0m:[36m1070[0m - [34m[1mCopying /gcp-public-data-arco-era5/ar/full_37-1h-0p25deg-chunk-1.zarr-v3/.zmetadata to local cache[0m
[32m2026-07-20 09:48:03.629[0m | [34m[1mDEBUG   [0m | [36mearth2studio.data.utils[0m:[36m_make_local_details[0m:[36m1070[0m - [34m[1mCopying /gcp-public-data-arco-era5/ar/full_37-1h-0p25deg-chunk-1.zarr-v3/level/0 to local cache[0m
[32m2026-07-20 09:48:03.904[0m | [34m[1mDEBUG   [0m | [36mearth2studio.data.utils[0m:[36m_make_local_details[0m:[36m1070[0m - [34m[1mCopying /gcp-public-data-arco-era5/ar/model-level-1h-0p25deg.zarr-v1/.zattrs to local cache[0m
[32m2026-07-20 09:48:04.320[0m | [34m[1mDEBUG   [0m | [36mearth2studio.data.utils[0m:[36m_make_local_details[0m:[36m1070[0m - [34m[1mCopying /gcp-public-data-arco-era5/ar/model-level-1h-0p25deg.zarr-v1/.zmetadata to local cache[0m
[32m2026-07-20 09:48:04.328[0m | [34m[1mDEBUG   [0m | [36mearth2studio.data.utils[0m:[36m_make_local_details[0m:[36m1070[0m - [34m[1mCopying /gcp-public-data-arco-era5/ar/model-level-1h-0p25deg.zarr-v1/.zgroup to local cache[0m
[32m2026-07-20 09:48:04.640[0m | [34m[1mDEBUG   [0m | [36mearth2studio.data.utils[0m:[36m_make_local_details[0m:[36m1070[0m - [34m[1mCopying /gcp-public-data-arco-era5/ar/model-level-1h-0p25deg.zarr-v1/hybrid/0 to local cache[0m
[32m2026-07-20 09:48:04.853[0m | [34m[1mDEBUG   [0m | [36mearth2studio.data.utils[0m:[36m_make_local_details[0m:[36m1070[0m - [34m[1mCopying /gcp-public-data-arco-era5/ar/full_37-1h-0p25deg-chunk-1.zarr-v3/skin_temperature/926436.0.0 to local cache[0m
[32m2026-07-20 09:48:04.857[0m | [34m[1mDEBUG   [0m | [36mearth2studio.data.utils[0m:[36m_make_local_details[0m:[36m1070[0m - [34m[1mCopying /gcp-public-data-arco-era5/ar/full_37-1h-0p25deg-chunk-1.zarr-v3/volumetric_soil_water_layer_2/926436.0.0 to local cache[0m
[32m2026-07-20 09:48:04.941[0m | [34m[1mDEBUG   [0m | [36mearth2studio.data.utils[0m:[36m_make_local_details[0m:[36m1070[0m - [34m[1mCopying /gcp-public-data-arco-era5/ar/full_37-1h-0p25deg-chunk-1.zarr-v3/vertical_velocity/926436.0.0.0 to local cache[0m
[32m2026-07-20 09:48:04.941[0m | [34m[1mDEBUG   [0m | [36mearth2studio.data.utils[0m:[36m_make_local_details[0m:[36m1070[0m - [34m[1mCopying /gcp-public-data-arco-era5/ar/full_37-1h-0p25deg-chunk-1.zarr-v3/geopotential/926436.0.0.0 to local cache[0m
[32m2026-07-20 09:48:04.943[0m | [34m[1mDEBUG   [0m | [36mearth2studio.data.utils[0m:[36m_make_local_details[0m:[36m1070[0m - [34m[1mCopying /gcp-public-data-arco-era5/ar/full_37-1h-0p25deg-chunk-1.zarr-v3/2m_temperature/926436.0.0 to local cache[0m
[32m2026-07-20 09:48:04.962[0m | [34m[1mDEBUG   [0m | [36mearth2studio.data.utils[0m:[36m_make_local_details[0m:[36m1070[0m - [34m[1mCopying /gcp-public-data-arco-era5/ar/full_37-1h-0p25deg-chunk-1.zarr-v3/u_component_of_wind/926436.0.0.0 to local cache[0m
[32m2026-07-20 09:48:04.963[0m | [34m[1mDEBUG   [0m | [36mearth2studio.data.utils[0m:[36m_make_local_details[0m:[36m1070[0m - [34m[1mCopying /gcp-public-data-arco-era5/ar/full_37-1h-0p25deg-chunk-1.zarr-v3/surface_pressure/926436.0.0 to local cache[0m
[32m2026-07-20 09:48:04.964[0m | [34m[1mDEBUG   [0m | [36mearth2studio.data.utils[0m:[36m_make_local_details[0m:[36m1070[0m - [34m[1mCopying /gcp-public-data-arco-era5/ar/full_37-1h-0p25deg-chunk-1.zarr-v3/temperature/926436.0.0.0 to local cache[0m
[32m2026-07-20 09:48:04.965[0m | [34m[1mDEBUG   [0m | [36mearth2studio.data.utils[0m:[36m_make_local_details[0m:[36m1070[0m - [34m[1mCopying /gcp-public-data-arco-era5/ar/full_37-1h-0p25deg-chunk-1.zarr-v3/total_column_water/926436.0.0 to local cache[0m
[32m2026-07-20 09:48:04.967[0m | [34m[1mDEBUG   [0m | [36mearth2studio.data.utils[0m:[36m_make_local_details[0m:[36m1070[0m - [34m[1mCopying /gcp-public-data-arco-era5/ar/full_37-1h-0p25deg-chunk-1.zarr-v3/10m_u_component_of_wind/926436.0.0 to local cache[0m
[32m2026-07-20 09:48:04.968[0m | [34m[1mDEBUG   [0m | [36mearth2studio.data.utils[0m:[36m_make_local_details[0m:[36m1070[0m - [34m[1mCopying /gcp-public-data-arco-era5/ar/full_37-1h-0p25deg-chunk-1.zarr-v3/soil_temperature_level_1/926436.0.0 to local cache[0m
[32m2026-07-20 09:48:04.968[0m | [34m[1mDEBUG   [0m | [36mearth2studio.data.utils[0m:[36m_make_local_details[0m:[36m1070[0m - [34m[1mCopying /gcp-public-data-arco-era5/ar/full_37-1h-0p25deg-chunk-1.zarr-v3/2m_dewpoint_temperature/926436.0.0 to local cache[0m
[32m2026-07-20 09:48:04.970[0m | [34m[1mDEBUG   [0m | [36mearth2studio.data.utils[0m:[36m_make_local_details[0m:[36m1070[0m - [34m[1mCopying /gcp-public-data-arco-era5/ar/full_37-1h-0p25deg-chunk-1.zarr-v3/soil_temperature_level_2/926436.0.0 to local cache[0m
[32m2026-07-20 09:48:04.973[0m | [34m[1mDEBUG   [0m | [36mearth2studio.data.utils[0m:[36m_make_local_details[0m:[36m1070[0m - [34m[1mCopying /gcp-public-data-arco-era5/ar/full_37-1h-0p25deg-chunk-1.zarr-v3/10m_v_component_of_wind/926436.0.0 to local cache[0m
[32m2026-07-20 09:48:04.974[0m | [34m[1mDEBUG   [0m | [36mearth2studio.data.utils[0m:[36m_make_local_details[0m:[36m1070[0m - [34m[1mCopying /gcp-public-data-arco-era5/ar/full_37-1h-0p25deg-chunk-1.zarr-v3/volumetric_soil_water_layer_1/926436.0.0 to local cache[0m
[32m2026-07-20 09:48:04.983[0m | [34m[1mDEBUG   [0m | [36mearth2studio.data.utils[0m:[36m_make_local_details[0m:[36m1070[0m - [34m[1mCopying /gcp-public-data-arco-era5/ar/full_37-1h-0p25deg-chunk-1.zarr-v3/specific_humidity/926436.0.0.0 to local cache[0m
[32m2026-07-20 09:48:04.992[0m | [34m[1mDEBUG   [0m | [36mearth2studio.data.utils[0m:[36m_make_local_details[0m:[36m1070[0m - [34m[1mCopying /gcp-public-data-arco-era5/ar/full_37-1h-0p25deg-chunk-1.zarr-v3/v_component_of_wind/926436.0.0.0 to local cache[0m
[32m2026-07-20 09:48:05.097[0m | [34m[1mDEBUG   [0m | [36mearth2studio.data.utils[0m:[36m_make_local_details[0m:[36m1070[0m - [34m[1mCopying /gcp-public-data-arco-era5/ar/full_37-1h-0p25deg-chunk-1.zarr-v3/mean_sea_level_pressure/926436.0.0 to local cache[0m
[32m2026-07-20 09:48:09.875[0m | [34m[1mDEBUG   [0m | [36mearth2studio.data.utils[0m:[36m_make_local_details[0m:[36m1070[0m - [34m[1mCopying /gcp-public-data-arco-era5/ar/full_37-1h-0p25deg-chunk-1.zarr-v3/skin_temperature/926442.0.0 to local cache[0m
[32m2026-07-20 09:48:09.877[0m | [34m[1mDEBUG   [0m | [36mearth2studio.data.utils[0m:[36m_make_local_details[0m:[36m1070[0m - [34m[1mCopying /gcp-public-data-arco-era5/ar/full_37-1h-0p25deg-chunk-1.zarr-v3/geopotential/926442.0.0.0 to local cache[0m
[32m2026-07-20 09:48:09.878[0m | [34m[1mDEBUG   [0m | [36mearth2studio.data.utils[0m:[36m_make_local_details[0m:[36m1070[0m - [34m[1mCopying /gcp-public-data-arco-era5/ar/full_37-1h-0p25deg-chunk-1.zarr-v3/2m_temperature/926442.0.0 to local cache[0m
[32m2026-07-20 09:48:09.879[0m | [34m[1mDEBUG   [0m | [36mearth2studio.data.utils[0m:[36m_make_local_details[0m:[36m1070[0m - [34m[1mCopying /gcp-public-data-arco-era5/ar/full_37-1h-0p25deg-chunk-1.zarr-v3/surface_pressure/926442.0.0 to local cache[0m
[32m2026-07-20 09:48:09.880[0m | [34m[1mDEBUG   [0m | [36mearth2studio.data.utils[0m:[36m_make_local_details[0m:[36m1070[0m - [34m[1mCopying /gcp-public-data-arco-era5/ar/full_37-1h-0p25deg-chunk-1.zarr-v3/volumetric_soil_water_layer_1/926442.0.0 to local cache[0m
[32m2026-07-20 09:48:09.882[0m | [34m[1mDEBUG   [0m | [36mearth2studio.data.utils[0m:[36m_make_local_details[0m:[36m1070[0m - [34m[1mCopying /gcp-public-data-arco-era5/ar/full_37-1h-0p25deg-chunk-1.zarr-v3/soil_temperature_level_2/926442.0.0 to local cache[0m
[32m2026-07-20 09:48:09.883[0m | [34m[1mDEBUG   [0m | [36mearth2studio.data.utils[0m:[36m_make_local_details[0m:[36m1070[0m - [34m[1mCopying /gcp-public-data-arco-era5/ar/full_37-1h-0p25deg-chunk-1.zarr-v3/10m_v_component_of_wind/926442.0.0 to local cache[0m
[32m2026-07-20 09:48:09.884[0m | [34m[1mDEBUG   [0m | [36mearth2studio.data.utils[0m:[36m_make_local_details[0m:[36m1070[0m - [34m[1mCopying /gcp-public-data-arco-era5/ar/full_37-1h-0p25deg-chunk-1.zarr-v3/soil_temperature_level_1/926442.0.0 to local cache[0m
[32m2026-07-20 09:48:09.899[0m | [34m[1mDEBUG   [0m | [36mearth2studio.data.utils[0m:[36m_make_local_details[0m:[36m1070[0m - [34m[1mCopying /gcp-public-data-arco-era5/ar/full_37-1h-0p25deg-chunk-1.zarr-v3/vertical_velocity/926442.0.0.0 to local cache[0m
[32m2026-07-20 09:48:09.964[0m | [34m[1mDEBUG   [0m | [36mearth2studio.data.utils[0m:[36m_make_local_details[0m:[36m1070[0m - [34m[1mCopying /gcp-public-data-arco-era5/ar/full_37-1h-0p25deg-chunk-1.zarr-v3/u_component_of_wind/926442.0.0.0 to local cache[0m
[32m2026-07-20 09:48:09.971[0m | [34m[1mDEBUG   [0m | [36mearth2studio.data.utils[0m:[36m_make_local_details[0m:[36m1070[0m - [34m[1mCopying /gcp-public-data-arco-era5/ar/full_37-1h-0p25deg-chunk-1.zarr-v3/10m_u_component_of_wind/926442.0.0 to local cache[0m
[32m2026-07-20 09:48:09.974[0m | [34m[1mDEBUG   [0m | [36mearth2studio.data.utils[0m:[36m_make_local_details[0m:[36m1070[0m - [34m[1mCopying /gcp-public-data-arco-era5/ar/full_37-1h-0p25deg-chunk-1.zarr-v3/v_component_of_wind/926442.0.0.0 to local cache[0m
[32m2026-07-20 09:48:09.975[0m | [34m[1mDEBUG   [0m | [36mearth2studio.data.utils[0m:[36m_make_local_details[0m:[36m1070[0m - [34m[1mCopying /gcp-public-data-arco-era5/ar/full_37-1h-0p25deg-chunk-1.zarr-v3/total_column_water/926442.0.0 to local cache[0m
[32m2026-07-20 09:48:09.977[0m | [34m[1mDEBUG   [0m | [36mearth2studio.data.utils[0m:[36m_make_local_details[0m:[36m1070[0m - [34m[1mCopying /gcp-public-data-arco-era5/ar/full_37-1h-0p25deg-chunk-1.zarr-v3/temperature/926442.0.0.0 to local cache[0m
[32m2026-07-20 09:48:09.981[0m | [34m[1mDEBUG   [0m | [36mearth2studio.data.utils[0m:[36m_make_local_details[0m:[36m1070[0m - [34m[1mCopying /gcp-public-data-arco-era5/ar/full_37-1h-0p25deg-chunk-1.zarr-v3/specific_humidity/926442.0.0.0 to local cache[0m
[32m2026-07-20 09:48:09.982[0m | [34m[1mDEBUG   [0m | [36mearth2studio.data.utils[0m:[36m_make_local_details[0m:[36m1070[0m - [34m[1mCopying /gcp-public-data-arco-era5/ar/full_37-1h-0p25deg-chunk-1.zarr-v3/volumetric_soil_water_layer_2/926442.0.0 to local cache[0m
[32m2026-07-20 09:48:10.012[0m | [34m[1mDEBUG   [0m | [36mearth2studio.data.utils[0m:[36m_make_local_details[0m:[36m1070[0m - [34m[1mCopying /gcp-public-data-arco-era5/ar/full_37-1h-0p25deg-chunk-1.zarr-v3/2m_dewpoint_temperature/926442.0.0 to local cache[0m
[32m2026-07-20 09:48:10.016[0m | [34m[1mDEBUG   [0m | [36mearth2studio.data.utils[0m:[36m_make_local_details[0m:[36m1070[0m - [34m[1mCopying /gcp-public-data-arco-era5/ar/full_37-1h-0p25deg-chunk-1.zarr-v3/mean_sea_level_pressure/926442.0.0 to local cache[0m
target_step 21: sum=-4.7910e-02
Saved /cluster/projects/nn12107k/robin/earth2studio/aifs_attributions_vestlandet/aifs_ig_attributions_vestlandet_init2005-09-08T18_target2005-09-14T06.nc
Cleaned up temporary input data cache: /cluster/projects/nn12107k/robin/e2s_data_cache_mecf69r8
Init: 2005-09-09 00:00:00 -> target valid time 2005-09-14 06:00:00 (21 steps, target_step=20)
[32m2026-07-20 09:55:17.816[0m | [34m[1mDEBUG   [0m | [36mearth2studio.data.utils[0m:[36m_make_local_details[0m:[36m1070[0m - [34m[1mCopying /gcp-public-data-arco-era5/ar/full_37-1h-0p25deg-chunk-1.zarr-v3/.zattrs to local cache[0m
[32m2026-07-20 09:55:18.711[0m | [34m[1mDEBUG   [0m | [36mearth2studio.data.utils[0m:[36m_make_local_details[0m:[36m1070[0m - [34m[1mCopying /gcp-public-data-arco-era5/ar/full_37-1h-0p25deg-chunk-1.zarr-v3/.zgroup to local cache[0m
[32m2026-07-20 09:55:18.791[0m | [34m[1mDEBUG   [0m | [36mearth2studio.data.utils[0m:[36m_make_local_details[0m:[36m1070[0m - [34m[1mCopying /gcp-public-data-arco-era5/ar/full_37-1h-0p25deg-chunk-1.zarr-v3/.zmetadata to local cache[0m
[32m2026-07-20 09:55:19.096[0m | [34m[1mDEBUG   [0m | [36mearth2studio.data.utils[0m:[36m_make_local_details[0m:[36m1070[0m - [34m[1mCopying /gcp-public-data-arco-era5/ar/full_37-1h-0p25deg-chunk-1.zarr-v3/level/0 to local cache[0m
[32m2026-07-20 09:55:19.363[0m | [34m[1mDEBUG   [0m | [36mearth2studio.data.utils[0m:[36m_make_local_details[0m:[36m1070[0m - [34m[1mCopying /gcp-public-data-arco-era5/ar/model-level-1h-0p25deg.zarr-v1/.zattrs to local cache[0m
[32m2026-07-20 09:55:19.700[0m | [34m[1mDEBUG   [0m | [36mearth2studio.data.utils[0m:[36m_make_local_details[0m:[36m1070[0m - [34m[1mCopying /gcp-public-data-arco-era5/ar/model-level-1h-0p25deg.zarr-v1/.zgroup to local cache[0m
[32m2026-07-20 09:55:19.759[0m | [34m[1mDEBUG   [0m | [36mearth2studio.data.utils[0m:[36m_make_local_details[0m:[36m1070[0m - [34m[1mCopying /gcp-public-data-arco-era5/ar/model-level-1h-0p25deg.zarr-v1/.zmetadata to local cache[0m
[32m2026-07-20 09:55:20.026[0m | [34m[1mDEBUG   [0m | [36mearth2studio.data.utils[0m:[36m_make_local_details[0m:[36m1070[0m - [34m[1mCopying /gcp-public-data-arco-era5/ar/model-level-1h-0p25deg.zarr-v1/hybrid/0 to local cache[0m
[32m2026-07-20 09:55:20.237[0m | [34m[1mDEBUG   [0m | [36mearth2studio.data.utils[0m:[36m_make_local_details[0m:[36m1070[0m - [34m[1mCopying /gcp-public-data-arco-era5/ar/full_37-1h-0p25deg-chunk-1.zarr-v3/specific_humidity/926442.0.0.0 to local cache[0m
[32m2026-07-20 09:55:20.242[0m | [34m[1mDEBUG   [0m | [36mearth2studio.data.utils[0m:[36m_make_local_details[0m:[36m1070[0m - [34m[1mCopying /gcp-public-data-arco-era5/ar/full_37-1h-0p25deg-chunk-1.zarr-v3/v_component_of_wind/926442.0.0.0 to local cache[0m
[32m2026-07-20 09:55:20.315[0m | [34m[1mDEBUG   [0m | [36mearth2studio.data.utils[0m:[36m_make_local_details[0m:[36m1070[0m - [34m[1mCopying /gcp-public-data-arco-era5/ar/full_37-1h-0p25deg-chunk-1.zarr-v3/volumetric_soil_water_layer_2/926442.0.0 to local cache[0m
[32m2026-07-20 09:55:20.322[0m | [34m[1mDEBUG   [0m | [36mearth2studio.data.utils[0m:[36m_make_local_details[0m:[36m1070[0m - [34m[1mCopying /gcp-public-data-arco-era5/ar/full_37-1h-0p25deg-chunk-1.zarr-v3/surface_pressure/926442.0.0 to local cache[0m
[32m2026-07-20 09:55:20.341[0m | [34m[1mDEBUG   [0m | [36mearth2studio.data.utils[0m:[36m_make_local_details[0m:[36m1070[0m - [34m[1mCopying /gcp-public-data-arco-era5/ar/full_37-1h-0p25deg-chunk-1.zarr-v3/u_component_of_wind/926442.0.0.0 to local cache[0m
[32m2026-07-20 09:55:20.342[0m | [34m[1mDEBUG   [0m | [36mearth2studio.data.utils[0m:[36m_make_local_details[0m:[36m1070[0m - [34m[1mCopying /gcp-public-data-arco-era5/ar/full_37-1h-0p25deg-chunk-1.zarr-v3/geopotential/926442.0.0.0 to local cache[0m
[32m2026-07-20 09:55:20.344[0m | [34m[1mDEBUG   [0m | [36mearth2studio.data.utils[0m:[36m_make_local_details[0m:[36m1070[0m - [34m[1mCopying /gcp-public-data-arco-era5/ar/full_37-1h-0p25deg-chunk-1.zarr-v3/soil_temperature_level_2/926442.0.0 to local cache[0m
[32m2026-07-20 09:55:20.344[0m | [34m[1mDEBUG   [0m | [36mearth2studio.data.utils[0m:[36m_make_local_details[0m:[36m1070[0m - [34m[1mCopying /gcp-public-data-arco-era5/ar/full_37-1h-0p25deg-chunk-1.zarr-v3/volumetric_soil_water_layer_1/926442.0.0 to local cache[0m
[32m2026-07-20 09:55:20.346[0m | [34m[1mDEBUG   [0m | [36mearth2studio.data.utils[0m:[36m_make_local_details[0m:[36m1070[0m - [34m[1mCopying /gcp-public-data-arco-era5/ar/full_37-1h-0p25deg-chunk-1.zarr-v3/total_column_water/926442.0.0 to local cache[0m
[32m2026-07-20 09:55:20.347[0m | [34m[1mDEBUG   [0m | [36mearth2studio.data.utils[0m:[36m_make_local_details[0m:[36m1070[0m - [34m[1mCopying /gcp-public-data-arco-era5/ar/full_37-1h-0p25deg-chunk-1.zarr-v3/2m_temperature/926442.0.0 to local cache[0m
[32m2026-07-20 09:55:20.348[0m | [34m[1mDEBUG   [0m | [36mearth2studio.data.utils[0m:[36m_make_local_details[0m:[36m1070[0m - [34m[1mCopying /gcp-public-data-arco-era5/ar/full_37-1h-0p25deg-chunk-1.zarr-v3/mean_sea_level_pressure/926442.0.0 to local cache[0m
[32m2026-07-20 09:55:20.350[0m | [34m[1mDEBUG   [0m | [36mearth2studio.data.utils[0m:[36m_make_local_details[0m:[36m1070[0m - [34m[1mCopying /gcp-public-data-arco-era5/ar/full_37-1h-0p25deg-chunk-1.zarr-v3/temperature/926442.0.0.0 to local cache[0m
[32m2026-07-20 09:55:20.351[0m | [34m[1mDEBUG   [0m | [36mearth2studio.data.utils[0m:[36m_make_local_details[0m:[36m1070[0m - [34m[1mCopying /gcp-public-data-arco-era5/ar/full_37-1h-0p25deg-chunk-1.zarr-v3/10m_u_component_of_wind/926442.0.0 to local cache[0m
[32m2026-07-20 09:55:20.353[0m | [34m[1mDEBUG   [0m | [36mearth2studio.data.utils[0m:[36m_make_local_details[0m:[36m1070[0m - [34m[1mCopying /gcp-public-data-arco-era5/ar/full_37-1h-0p25deg-chunk-1.zarr-v3/vertical_velocity/926442.0.0.0 to local cache[0m
[32m2026-07-20 09:55:20.354[0m | [34m[1mDEBUG   [0m | [36mearth2studio.data.utils[0m:[36m_make_local_details[0m:[36m1070[0m - [34m[1mCopying /gcp-public-data-arco-era5/ar/full_37-1h-0p25deg-chunk-1.zarr-v3/10m_v_component_of_wind/926442.0.0 to local cache[0m
[32m2026-07-20 09:55:20.356[0m | [34m[1mDEBUG   [0m | [36mearth2studio.data.utils[0m:[36m_make_local_details[0m:[36m1070[0m - [34m[1mCopying /gcp-public-data-arco-era5/ar/full_37-1h-0p25deg-chunk-1.zarr-v3/skin_temperature/926442.0.0 to local cache[0m
[32m2026-07-20 09:55:20.365[0m | [34m[1mDEBUG   [0m | [36mearth2studio.data.utils[0m:[36m_make_local_details[0m:[36m1070[0m - [34m[1mCopying /gcp-public-data-arco-era5/ar/full_37-1h-0p25deg-chunk-1.zarr-v3/soil_temperature_level_1/926442.0.0 to local cache[0m
[32m2026-07-20 09:55:20.469[0m | [34m[1mDEBUG   [0m | [36mearth2studio.data.utils[0m:[36m_make_local_details[0m:[36m1070[0m - [34m[1mCopying /gcp-public-data-arco-era5/ar/full_37-1h-0p25deg-chunk-1.zarr-v3/2m_dewpoint_temperature/926442.0.0 to local cache[0m
[32m2026-07-20 09:55:25.799[0m | [34m[1mDEBUG   [0m | [36mearth2studio.data.utils[0m:[36m_make_local_details[0m:[36m1070[0m - [34m[1mCopying /gcp-public-data-arco-era5/ar/full_37-1h-0p25deg-chunk-1.zarr-v3/10m_u_component_of_wind/926448.0.0 to local cache[0m
[32m2026-07-20 09:55:25.800[0m | [34m[1mDEBUG   [0m | [36mearth2studio.data.utils[0m:[36m_make_local_details[0m:[36m1070[0m - [34m[1mCopying /gcp-public-data-arco-era5/ar/full_37-1h-0p25deg-chunk-1.zarr-v3/v_component_of_wind/926448.0.0.0 to local cache[0m
[32m2026-07-20 09:55:25.801[0m | [34m[1mDEBUG   [0m | [36mearth2studio.data.utils[0m:[36m_make_local_details[0m:[36m1070[0m - [34m[1mCopying /gcp-public-data-arco-era5/ar/full_37-1h-0p25deg-chunk-1.zarr-v3/volumetric_soil_water_layer_1/926448.0.0 to local cache[0m
[32m2026-07-20 09:55:25.803[0m | [34m[1mDEBUG   [0m | [36mearth2studio.data.utils[0m:[36m_make_local_details[0m:[36m1070[0m - [34m[1mCopying /gcp-public-data-arco-era5/ar/full_37-1h-0p25deg-chunk-1.zarr-v3/mean_sea_level_pressure/926448.0.0 to local cache[0m
[32m2026-07-20 09:55:25.804[0m | [34m[1mDEBUG   [0m | [36mearth2studio.data.utils[0m:[36m_make_local_details[0m:[36m1070[0m - [34m[1mCopying /gcp-public-data-arco-era5/ar/full_37-1h-0p25deg-chunk-1.zarr-v3/volumetric_soil_water_layer_2/926448.0.0 to local cache[0m
[32m2026-07-20 09:55:25.805[0m | [34m[1mDEBUG   [0m | [36mearth2studio.data.utils[0m:[36m_make_local_details[0m:[36m1070[0m - [34m[1mCopying /gcp-public-data-arco-era5/ar/full_37-1h-0p25deg-chunk-1.zarr-v3/vertical_velocity/926448.0.0.0 to local cache[0m
[32m2026-07-20 09:55:25.806[0m | [34m[1mDEBUG   [0m | [36mearth2studio.data.utils[0m:[36m_make_local_details[0m:[36m1070[0m - [34m[1mCopying /gcp-public-data-arco-era5/ar/full_37-1h-0p25deg-chunk-1.zarr-v3/geopotential/926448.0.0.0 to local cache[0m
[32m2026-07-20 09:55:25.809[0m | [34m[1mDEBUG   [0m | [36mearth2studio.data.utils[0m:[36m_make_local_details[0m:[36m1070[0m - [34m[1mCopying /gcp-public-data-arco-era5/ar/full_37-1h-0p25deg-chunk-1.zarr-v3/temperature/926448.0.0.0 to local cache[0m
[32m2026-07-20 09:55:25.810[0m | [34m[1mDEBUG   [0m | [36mearth2studio.data.utils[0m:[36m_make_local_details[0m:[36m1070[0m - [34m[1mCopying /gcp-public-data-arco-era5/ar/full_37-1h-0p25deg-chunk-1.zarr-v3/total_column_water/926448.0.0 to local cache[0m
[32m2026-07-20 09:55:25.883[0m | [34m[1mDEBUG   [0m | [36mearth2studio.data.utils[0m:[36m_make_local_details[0m:[36m1070[0m - [34m[1mCopying /gcp-public-data-arco-era5/ar/full_37-1h-0p25deg-chunk-1.zarr-v3/2m_dewpoint_temperature/926448.0.0 to local cache[0m
[32m2026-07-20 09:55:25.888[0m | [34m[1mDEBUG   [0m | [36mearth2studio.data.utils[0m:[36m_make_local_details[0m:[36m1070[0m - [34m[1mCopying /gcp-public-data-arco-era5/ar/full_37-1h-0p25deg-chunk-1.zarr-v3/u_component_of_wind/926448.0.0.0 to local cache[0m
[32m2026-07-20 09:55:25.889[0m | [34m[1mDEBUG   [0m | [36mearth2studio.data.utils[0m:[36m_make_local_details[0m:[36m1070[0m - [34m[1mCopying /gcp-public-data-arco-era5/ar/full_37-1h-0p25deg-chunk-1.zarr-v3/surface_pressure/926448.0.0 to local cache[0m
[32m2026-07-20 09:55:25.893[0m | [34m[1mDEBUG   [0m | [36mearth2studio.data.utils[0m:[36m_make_local_details[0m:[36m1070[0m - [34m[1mCopying /gcp-public-data-arco-era5/ar/full_37-1h-0p25deg-chunk-1.zarr-v3/soil_temperature_level_1/926448.0.0 to local cache[0m
[32m2026-07-20 09:55:25.894[0m | [34m[1mDEBUG   [0m | [36mearth2studio.data.utils[0m:[36m_make_local_details[0m:[36m1070[0m - [34m[1mCopying /gcp-public-data-arco-era5/ar/full_37-1h-0p25deg-chunk-1.zarr-v3/soil_temperature_level_2/926448.0.0 to local cache[0m
[32m2026-07-20 09:55:25.898[0m | [34m[1mDEBUG   [0m | [36mearth2studio.data.utils[0m:[36m_make_local_details[0m:[36m1070[0m - [34m[1mCopying /gcp-public-data-arco-era5/ar/full_37-1h-0p25deg-chunk-1.zarr-v3/10m_v_component_of_wind/926448.0.0 to local cache[0m
[32m2026-07-20 09:55:25.899[0m | [34m[1mDEBUG   [0m | [36mearth2studio.data.utils[0m:[36m_make_local_details[0m:[36m1070[0m - [34m[1mCopying /gcp-public-data-arco-era5/ar/full_37-1h-0p25deg-chunk-1.zarr-v3/skin_temperature/926448.0.0 to local cache[0m
[32m2026-07-20 09:55:25.931[0m | [34m[1mDEBUG   [0m | [36mearth2studio.data.utils[0m:[36m_make_local_details[0m:[36m1070[0m - [34m[1mCopying /gcp-public-data-arco-era5/ar/full_37-1h-0p25deg-chunk-1.zarr-v3/specific_humidity/926448.0.0.0 to local cache[0m
[32m2026-07-20 09:55:26.162[0m | [34m[1mDEBUG   [0m | [36mearth2studio.data.utils[0m:[36m_make_local_details[0m:[36m1070[0m - [34m[1mCopying /gcp-public-data-arco-era5/ar/full_37-1h-0p25deg-chunk-1.zarr-v3/2m_temperature/926448.0.0 to local cache[0m
target_step 20: sum=-9.4262e-03
Saved /cluster/projects/nn12107k/robin/earth2studio/aifs_attributions_vestlandet/aifs_ig_attributions_vestlandet_init2005-09-09T00_target2005-09-14T06.nc
Cleaned up temporary input data cache: /cluster/projects/nn12107k/robin/e2s_data_cache_n2ez_xg6
Init: 2005-09-09 06:00:00 -> target valid time 2005-09-14 06:00:00 (20 steps, target_step=19)
[32m2026-07-20 10:02:21.121[0m | [34m[1mDEBUG   [0m | [36mearth2studio.data.utils[0m:[36m_make_local_details[0m:[36m1070[0m - [34m[1mCopying /gcp-public-data-arco-era5/ar/full_37-1h-0p25deg-chunk-1.zarr-v3/.zattrs to local cache[0m
[32m2026-07-20 10:02:22.025[0m | [34m[1mDEBUG   [0m | [36mearth2studio.data.utils[0m:[36m_make_local_details[0m:[36m1070[0m - [34m[1mCopying /gcp-public-data-arco-era5/ar/full_37-1h-0p25deg-chunk-1.zarr-v3/.zgroup to local cache[0m
[32m2026-07-20 10:02:22.108[0m | [34m[1mDEBUG   [0m | [36mearth2studio.data.utils[0m:[36m_make_local_details[0m:[36m1070[0m - [34m[1mCopying /gcp-public-data-arco-era5/ar/full_37-1h-0p25deg-chunk-1.zarr-v3/.zmetadata to local cache[0m
[32m2026-07-20 10:02:22.414[0m | [34m[1mDEBUG   [0m | [36mearth2studio.data.utils[0m:[36m_make_local_details[0m:[36m1070[0m - [34m[1mCopying /gcp-public-data-arco-era5/ar/full_37-1h-0p25deg-chunk-1.zarr-v3/level/0 to local cache[0m
[32m2026-07-20 10:02:22.699[0m | [34m[1mDEBUG   [0m | [36mearth2studio.data.utils[0m:[36m_make_local_details[0m:[36m1070[0m - [34m[1mCopying /gcp-public-data-arco-era5/ar/model-level-1h-0p25deg.zarr-v1/.zattrs to local cache[0m
[32m2026-07-20 10:02:23.133[0m | [34m[1mDEBUG   [0m | [36mearth2studio.data.utils[0m:[36m_make_local_details[0m:[36m1070[0m - [34m[1mCopying /gcp-public-data-arco-era5/ar/model-level-1h-0p25deg.zarr-v1/.zmetadata to local cache[0m
[32m2026-07-20 10:02:23.136[0m | [34m[1mDEBUG   [0m | [36mearth2studio.data.utils[0m:[36m_make_local_details[0m:[36m1070[0m - [34m[1mCopying /gcp-public-data-arco-era5/ar/model-level-1h-0p25deg.zarr-v1/.zgroup to local cache[0m
[32m2026-07-20 10:02:23.524[0m | [34m[1mDEBUG   [0m | [36mearth2studio.data.utils[0m:[36m_make_local_details[0m:[36m1070[0m - [34m[1mCopying /gcp-public-data-arco-era5/ar/model-level-1h-0p25deg.zarr-v1/hybrid/0 to local cache[0m
[32m2026-07-20 10:02:23.741[0m | [34m[1mDEBUG   [0m | [36mearth2studio.data.utils[0m:[36m_make_local_details[0m:[36m1070[0m - [34m[1mCopying /gcp-public-data-arco-era5/ar/full_37-1h-0p25deg-chunk-1.zarr-v3/geopotential/926448.0.0.0 to local cache[0m
[32m2026-07-20 10:02:23.751[0m | [34m[1mDEBUG   [0m | [36mearth2studio.data.utils[0m:[36m_make_local_details[0m:[36m1070[0m - [34m[1mCopying /gcp-public-data-arco-era5/ar/full_37-1h-0p25deg-chunk-1.zarr-v3/2m_dewpoint_temperature/926448.0.0 to local cache[0m
[32m2026-07-20 10:02:23.819[0m | [34m[1mDEBUG   [0m | [36mearth2studio.data.utils[0m:[36m_make_local_details[0m:[36m1070[0m - [34m[1mCopying /gcp-public-data-arco-era5/ar/full_37-1h-0p25deg-chunk-1.zarr-v3/total_column_water/926448.0.0 to local cache[0m
[32m2026-07-20 10:02:23.822[0m | [34m[1mDEBUG   [0m | [36mearth2studio.data.utils[0m:[36m_make_local_details[0m:[36m1070[0m - [34m[1mCopying /gcp-public-data-arco-era5/ar/full_37-1h-0p25deg-chunk-1.zarr-v3/10m_u_component_of_wind/926448.0.0 to local cache[0m
[32m2026-07-20 10:02:23.828[0m | [34m[1mDEBUG   [0m | [36mearth2studio.data.utils[0m:[36m_make_local_details[0m:[36m1070[0m - [34m[1mCopying /gcp-public-data-arco-era5/ar/full_37-1h-0p25deg-chunk-1.zarr-v3/soil_temperature_level_2/926448.0.0 to local cache[0m
[32m2026-07-20 10:02:23.846[0m | [34m[1mDEBUG   [0m | [36mearth2studio.data.utils[0m:[36m_make_local_details[0m:[36m1070[0m - [34m[1mCopying /gcp-public-data-arco-era5/ar/full_37-1h-0p25deg-chunk-1.zarr-v3/mean_sea_level_pressure/926448.0.0 to local cache[0m
[32m2026-07-20 10:02:23.848[0m | [34m[1mDEBUG   [0m | [36mearth2studio.data.utils[0m:[36m_make_local_details[0m:[36m1070[0m - [34m[1mCopying /gcp-public-data-arco-era5/ar/full_37-1h-0p25deg-chunk-1.zarr-v3/v_component_of_wind/926448.0.0.0 to local cache[0m
[32m2026-07-20 10:02:23.848[0m | [34m[1mDEBUG   [0m | [36mearth2studio.data.utils[0m:[36m_make_local_details[0m:[36m1070[0m - [34m[1mCopying /gcp-public-data-arco-era5/ar/full_37-1h-0p25deg-chunk-1.zarr-v3/vertical_velocity/926448.0.0.0 to local cache[0m
[32m2026-07-20 10:02:23.850[0m | [34m[1mDEBUG   [0m | [36mearth2studio.data.utils[0m:[36m_make_local_details[0m:[36m1070[0m - [34m[1mCopying /gcp-public-data-arco-era5/ar/full_37-1h-0p25deg-chunk-1.zarr-v3/surface_pressure/926448.0.0 to local cache[0m
[32m2026-07-20 10:02:23.851[0m | [34m[1mDEBUG   [0m | [36mearth2studio.data.utils[0m:[36m_make_local_details[0m:[36m1070[0m - [34m[1mCopying /gcp-public-data-arco-era5/ar/full_37-1h-0p25deg-chunk-1.zarr-v3/soil_temperature_level_1/926448.0.0 to local cache[0m
[32m2026-07-20 10:02:23.852[0m | [34m[1mDEBUG   [0m | [36mearth2studio.data.utils[0m:[36m_make_local_details[0m:[36m1070[0m - [34m[1mCopying /gcp-public-data-arco-era5/ar/full_37-1h-0p25deg-chunk-1.zarr-v3/skin_temperature/926448.0.0 to local cache[0m
[32m2026-07-20 10:02:23.852[0m | [34m[1mDEBUG   [0m | [36mearth2studio.data.utils[0m:[36m_make_local_details[0m:[36m1070[0m - [34m[1mCopying /gcp-public-data-arco-era5/ar/full_37-1h-0p25deg-chunk-1.zarr-v3/volumetric_soil_water_layer_2/926448.0.0 to local cache[0m
[32m2026-07-20 10:02:23.855[0m | [34m[1mDEBUG   [0m | [36mearth2studio.data.utils[0m:[36m_make_local_details[0m:[36m1070[0m - [34m[1mCopying /gcp-public-data-arco-era5/ar/full_37-1h-0p25deg-chunk-1.zarr-v3/10m_v_component_of_wind/926448.0.0 to local cache[0m
[32m2026-07-20 10:02:23.856[0m | [34m[1mDEBUG   [0m | [36mearth2studio.data.utils[0m:[36m_make_local_details[0m:[36m1070[0m - [34m[1mCopying /gcp-public-data-arco-era5/ar/full_37-1h-0p25deg-chunk-1.zarr-v3/temperature/926448.0.0.0 to local cache[0m
[32m2026-07-20 10:02:23.857[0m | [34m[1mDEBUG   [0m | [36mearth2studio.data.utils[0m:[36m_make_local_details[0m:[36m1070[0m - [34m[1mCopying /gcp-public-data-arco-era5/ar/full_37-1h-0p25deg-chunk-1.zarr-v3/volumetric_soil_water_layer_1/926448.0.0 to local cache[0m
[32m2026-07-20 10:02:23.860[0m | [34m[1mDEBUG   [0m | [36mearth2studio.data.utils[0m:[36m_make_local_details[0m:[36m1070[0m - [34m[1mCopying /gcp-public-data-arco-era5/ar/full_37-1h-0p25deg-chunk-1.zarr-v3/2m_temperature/926448.0.0 to local cache[0m
[32m2026-07-20 10:02:23.863[0m | [34m[1mDEBUG   [0m | [36mearth2studio.data.utils[0m:[36m_make_local_details[0m:[36m1070[0m - [34m[1mCopying /gcp-public-data-arco-era5/ar/full_37-1h-0p25deg-chunk-1.zarr-v3/u_component_of_wind/926448.0.0.0 to local cache[0m
[32m2026-07-20 10:02:23.902[0m | [34m[1mDEBUG   [0m | [36mearth2studio.data.utils[0m:[36m_make_local_details[0m:[36m1070[0m - [34m[1mCopying /gcp-public-data-arco-era5/ar/full_37-1h-0p25deg-chunk-1.zarr-v3/specific_humidity/926448.0.0.0 to local cache[0m
[32m2026-07-20 10:02:30.327[0m | [34m[1mDEBUG   [0m | [36mearth2studio.data.utils[0m:[36m_make_local_details[0m:[36m1070[0m - [34m[1mCopying /gcp-public-data-arco-era5/ar/full_37-1h-0p25deg-chunk-1.zarr-v3/2m_temperature/926454.0.0 to local cache[0m
[32m2026-07-20 10:02:30.328[0m | [34m[1mDEBUG   [0m | [36mearth2studio.data.utils[0m:[36m_make_local_details[0m:[36m1070[0m - [34m[1mCopying /gcp-public-data-arco-era5/ar/full_37-1h-0p25deg-chunk-1.zarr-v3/soil_temperature_level_1/926454.0.0 to local cache[0m
[32m2026-07-20 10:02:30.331[0m | [34m[1mDEBUG   [0m | [36mearth2studio.data.utils[0m:[36m_make_local_details[0m:[36m1070[0m - [34m[1mCopying /gcp-public-data-arco-era5/ar/full_37-1h-0p25deg-chunk-1.zarr-v3/volumetric_soil_water_layer_1/926454.0.0 to local cache[0m
[32m2026-07-20 10:02:30.331[0m | [34m[1mDEBUG   [0m | [36mearth2studio.data.utils[0m:[36m_make_local_details[0m:[36m1070[0m - [34m[1mCopying /gcp-public-data-arco-era5/ar/full_37-1h-0p25deg-chunk-1.zarr-v3/total_column_water/926454.0.0 to local cache[0m
[32m2026-07-20 10:02:30.332[0m | [34m[1mDEBUG   [0m | [36mearth2studio.data.utils[0m:[36m_make_local_details[0m:[36m1070[0m - [34m[1mCopying /gcp-public-data-arco-era5/ar/full_37-1h-0p25deg-chunk-1.zarr-v3/temperature/926454.0.0.0 to local cache[0m
[32m2026-07-20 10:02:30.334[0m | [34m[1mDEBUG   [0m | [36mearth2studio.data.utils[0m:[36m_make_local_details[0m:[36m1070[0m - [34m[1mCopying /gcp-public-data-arco-era5/ar/full_37-1h-0p25deg-chunk-1.zarr-v3/v_component_of_wind/926454.0.0.0 to local cache[0m
[32m2026-07-20 10:02:30.335[0m | [34m[1mDEBUG   [0m | [36mearth2studio.data.utils[0m:[36m_make_local_details[0m:[36m1070[0m - [34m[1mCopying /gcp-public-data-arco-era5/ar/full_37-1h-0p25deg-chunk-1.zarr-v3/10m_u_component_of_wind/926454.0.0 to local cache[0m
[32m2026-07-20 10:02:30.337[0m | [34m[1mDEBUG   [0m | [36mearth2studio.data.utils[0m:[36m_make_local_details[0m:[36m1070[0m - [34m[1mCopying /gcp-public-data-arco-era5/ar/full_37-1h-0p25deg-chunk-1.zarr-v3/mean_sea_level_pressure/926454.0.0 to local cache[0m
[32m2026-07-20 10:02:30.338[0m | [34m[1mDEBUG   [0m | [36mearth2studio.data.utils[0m:[36m_make_local_details[0m:[36m1070[0m - [34m[1mCopying /gcp-public-data-arco-era5/ar/full_37-1h-0p25deg-chunk-1.zarr-v3/skin_temperature/926454.0.0 to local cache[0m
[32m2026-07-20 10:02:30.411[0m | [34m[1mDEBUG   [0m | [36mearth2studio.data.utils[0m:[36m_make_local_details[0m:[36m1070[0m - [34m[1mCopying /gcp-public-data-arco-era5/ar/full_37-1h-0p25deg-chunk-1.zarr-v3/2m_dewpoint_temperature/926454.0.0 to local cache[0m
[32m2026-07-20 10:02:30.414[0m | [34m[1mDEBUG   [0m | [36mearth2studio.data.utils[0m:[36m_make_local_details[0m:[36m1070[0m - [34m[1mCopying /gcp-public-data-arco-era5/ar/full_37-1h-0p25deg-chunk-1.zarr-v3/u_component_of_wind/926454.0.0.0 to local cache[0m
[32m2026-07-20 10:02:30.425[0m | [34m[1mDEBUG   [0m | [36mearth2studio.data.utils[0m:[36m_make_local_details[0m:[36m1070[0m - [34m[1mCopying /gcp-public-data-arco-era5/ar/full_37-1h-0p25deg-chunk-1.zarr-v3/volumetric_soil_water_layer_2/926454.0.0 to local cache[0m
[32m2026-07-20 10:02:30.426[0m | [34m[1mDEBUG   [0m | [36mearth2studio.data.utils[0m:[36m_make_local_details[0m:[36m1070[0m - [34m[1mCopying /gcp-public-data-arco-era5/ar/full_37-1h-0p25deg-chunk-1.zarr-v3/soil_temperature_level_2/926454.0.0 to local cache[0m
[32m2026-07-20 10:02:30.428[0m | [34m[1mDEBUG   [0m | [36mearth2studio.data.utils[0m:[36m_make_local_details[0m:[36m1070[0m - [34m[1mCopying /gcp-public-data-arco-era5/ar/full_37-1h-0p25deg-chunk-1.zarr-v3/vertical_velocity/926454.0.0.0 to local cache[0m
[32m2026-07-20 10:02:30.429[0m | [34m[1mDEBUG   [0m | [36mearth2studio.data.utils[0m:[36m_make_local_details[0m:[36m1070[0m - [34m[1mCopying /gcp-public-data-arco-era5/ar/full_37-1h-0p25deg-chunk-1.zarr-v3/10m_v_component_of_wind/926454.0.0 to local cache[0m
[32m2026-07-20 10:02:30.430[0m | [34m[1mDEBUG   [0m | [36mearth2studio.data.utils[0m:[36m_make_local_details[0m:[36m1070[0m - [34m[1mCopying /gcp-public-data-arco-era5/ar/full_37-1h-0p25deg-chunk-1.zarr-v3/specific_humidity/926454.0.0.0 to local cache[0m
[32m2026-07-20 10:02:30.431[0m | [34m[1mDEBUG   [0m | [36mearth2studio.data.utils[0m:[36m_make_local_details[0m:[36m1070[0m - [34m[1mCopying /gcp-public-data-arco-era5/ar/full_37-1h-0p25deg-chunk-1.zarr-v3/geopotential/926454.0.0.0 to local cache[0m
[32m2026-07-20 10:02:30.510[0m | [34m[1mDEBUG   [0m | [36mearth2studio.data.utils[0m:[36m_make_local_details[0m:[36m1070[0m - [34m[1mCopying /gcp-public-data-arco-era5/ar/full_37-1h-0p25deg-chunk-1.zarr-v3/surface_pressure/926454.0.0 to local cache[0m
target_step 19: sum=-4.4583e-02
Saved /cluster/projects/nn12107k/robin/earth2studio/aifs_attributions_vestlandet/aifs_ig_attributions_vestlandet_init2005-09-09T06_target2005-09-14T06.nc
Cleaned up temporary input data cache: /cluster/projects/nn12107k/robin/e2s_data_cache_g2l0vtd9
Init: 2005-09-09 12:00:00 -> target valid time 2005-09-14 06:00:00 (19 steps, target_step=18)
[32m2026-07-20 10:09:00.299[0m | [34m[1mDEBUG   [0m | [36mearth2studio.data.utils[0m:[36m_make_local_details[0m:[36m1070[0m - [34m[1mCopying /gcp-public-data-arco-era5/ar/full_37-1h-0p25deg-chunk-1.zarr-v3/.zattrs to local cache[0m
[32m2026-07-20 10:09:01.252[0m | [34m[1mDEBUG   [0m | [36mearth2studio.data.utils[0m:[36m_make_local_details[0m:[36m1070[0m - [34m[1mCopying /gcp-public-data-arco-era5/ar/full_37-1h-0p25deg-chunk-1.zarr-v3/.zgroup to local cache[0m
[32m2026-07-20 10:09:01.331[0m | [34m[1mDEBUG   [0m | [36mearth2studio.data.utils[0m:[36m_make_local_details[0m:[36m1070[0m - [34m[1mCopying /gcp-public-data-arco-era5/ar/full_37-1h-0p25deg-chunk-1.zarr-v3/.zmetadata to local cache[0m
[32m2026-07-20 10:09:01.635[0m | [34m[1mDEBUG   [0m | [36mearth2studio.data.utils[0m:[36m_make_local_details[0m:[36m1070[0m - [34m[1mCopying /gcp-public-data-arco-era5/ar/full_37-1h-0p25deg-chunk-1.zarr-v3/level/0 to local cache[0m
[32m2026-07-20 10:09:01.914[0m | [34m[1mDEBUG   [0m | [36mearth2studio.data.utils[0m:[36m_make_local_details[0m:[36m1070[0m - [34m[1mCopying /gcp-public-data-arco-era5/ar/model-level-1h-0p25deg.zarr-v1/.zattrs to local cache[0m
[32m2026-07-20 10:09:02.192[0m | [34m[1mDEBUG   [0m | [36mearth2studio.data.utils[0m:[36m_make_local_details[0m:[36m1070[0m - [34m[1mCopying /gcp-public-data-arco-era5/ar/model-level-1h-0p25deg.zarr-v1/.zgroup to local cache[0m
[32m2026-07-20 10:09:02.193[0m | [34m[1mDEBUG   [0m | [36mearth2studio.data.utils[0m:[36m_make_local_details[0m:[36m1070[0m - [34m[1mCopying /gcp-public-data-arco-era5/ar/model-level-1h-0p25deg.zarr-v1/.zmetadata to local cache[0m
[32m2026-07-20 10:09:02.516[0m | [34m[1mDEBUG   [0m | [36mearth2studio.data.utils[0m:[36m_make_local_details[0m:[36m1070[0m - [34m[1mCopying /gcp-public-data-arco-era5/ar/model-level-1h-0p25deg.zarr-v1/hybrid/0 to local cache[0m
[32m2026-07-20 10:09:02.730[0m | [34m[1mDEBUG   [0m | [36mearth2studio.data.utils[0m:[36m_make_local_details[0m:[36m1070[0m - [34m[1mCopying /gcp-public-data-arco-era5/ar/full_37-1h-0p25deg-chunk-1.zarr-v3/temperature/926454.0.0.0 to local cache[0m
[32m2026-07-20 10:09:02.732[0m | [34m[1mDEBUG   [0m | [36mearth2studio.data.utils[0m:[36m_make_local_details[0m:[36m1070[0m - [34m[1mCopying /gcp-public-data-arco-era5/ar/full_37-1h-0p25deg-chunk-1.zarr-v3/vertical_velocity/926454.0.0.0 to local cache[0m
[32m2026-07-20 10:09:02.813[0m | [34m[1mDEBUG   [0m | [36mearth2studio.data.utils[0m:[36m_make_local_details[0m:[36m1070[0m - [34m[1mCopying /gcp-public-data-arco-era5/ar/full_37-1h-0p25deg-chunk-1.zarr-v3/geopotential/926454.0.0.0 to local cache[0m
[32m2026-07-20 10:09:02.817[0m | [34m[1mDEBUG   [0m | [36mearth2studio.data.utils[0m:[36m_make_local_details[0m:[36m1070[0m - [34m[1mCopying /gcp-public-data-arco-era5/ar/full_37-1h-0p25deg-chunk-1.zarr-v3/soil_temperature_level_2/926454.0.0 to local cache[0m
[32m2026-07-20 10:09:02.837[0m | [34m[1mDEBUG   [0m | [36mearth2studio.data.utils[0m:[36m_make_local_details[0m:[36m1070[0m - [34m[1mCopying /gcp-public-data-arco-era5/ar/full_37-1h-0p25deg-chunk-1.zarr-v3/surface_pressure/926454.0.0 to local cache[0m
[32m2026-07-20 10:09:02.839[0m | [34m[1mDEBUG   [0m | [36mearth2studio.data.utils[0m:[36m_make_local_details[0m:[36m1070[0m - [34m[1mCopying /gcp-public-data-arco-era5/ar/full_37-1h-0p25deg-chunk-1.zarr-v3/u_component_of_wind/926454.0.0.0 to local cache[0m
[32m2026-07-20 10:09:02.840[0m | [34m[1mDEBUG   [0m | [36mearth2studio.data.utils[0m:[36m_make_local_details[0m:[36m1070[0m - [34m[1mCopying /gcp-public-data-arco-era5/ar/full_37-1h-0p25deg-chunk-1.zarr-v3/10m_u_component_of_wind/926454.0.0 to local cache[0m
[32m2026-07-20 10:09:02.841[0m | [34m[1mDEBUG   [0m | [36mearth2studio.data.utils[0m:[36m_make_local_details[0m:[36m1070[0m - [34m[1mCopying /gcp-public-data-arco-era5/ar/full_37-1h-0p25deg-chunk-1.zarr-v3/total_column_water/926454.0.0 to local cache[0m
[32m2026-07-20 10:09:02.842[0m | [34m[1mDEBUG   [0m | [36mearth2studio.data.utils[0m:[36m_make_local_details[0m:[36m1070[0m - [34m[1mCopying /gcp-public-data-arco-era5/ar/full_37-1h-0p25deg-chunk-1.zarr-v3/soil_temperature_level_1/926454.0.0 to local cache[0m
[32m2026-07-20 10:09:02.843[0m | [34m[1mDEBUG   [0m | [36mearth2studio.data.utils[0m:[36m_make_local_details[0m:[36m1070[0m - [34m[1mCopying /gcp-public-data-arco-era5/ar/full_37-1h-0p25deg-chunk-1.zarr-v3/skin_temperature/926454.0.0 to local cache[0m
[32m2026-07-20 10:09:02.845[0m | [34m[1mDEBUG   [0m | [36mearth2studio.data.utils[0m:[36m_make_local_details[0m:[36m1070[0m - [34m[1mCopying /gcp-public-data-arco-era5/ar/full_37-1h-0p25deg-chunk-1.zarr-v3/mean_sea_level_pressure/926454.0.0 to local cache[0m
[32m2026-07-20 10:09:02.846[0m | [34m[1mDEBUG   [0m | [36mearth2studio.data.utils[0m:[36m_make_local_details[0m:[36m1070[0m - [34m[1mCopying /gcp-public-data-arco-era5/ar/full_37-1h-0p25deg-chunk-1.zarr-v3/10m_v_component_of_wind/926454.0.0 to local cache[0m
[32m2026-07-20 10:09:02.847[0m | [34m[1mDEBUG   [0m | [36mearth2studio.data.utils[0m:[36m_make_local_details[0m:[36m1070[0m - [34m[1mCopying /gcp-public-data-arco-era5/ar/full_37-1h-0p25deg-chunk-1.zarr-v3/2m_dewpoint_temperature/926454.0.0 to local cache[0m
[32m2026-07-20 10:09:02.848[0m | [34m[1mDEBUG   [0m | [36mearth2studio.data.utils[0m:[36m_make_local_details[0m:[36m1070[0m - [34m[1mCopying /gcp-public-data-arco-era5/ar/full_37-1h-0p25deg-chunk-1.zarr-v3/volumetric_soil_water_layer_1/926454.0.0 to local cache[0m
[32m2026-07-20 10:09:02.849[0m | [34m[1mDEBUG   [0m | [36mearth2studio.data.utils[0m:[36m_make_local_details[0m:[36m1070[0m - [34m[1mCopying /gcp-public-data-arco-era5/ar/full_37-1h-0p25deg-chunk-1.zarr-v3/v_component_of_wind/926454.0.0.0 to local cache[0m
[32m2026-07-20 10:09:02.862[0m | [34m[1mDEBUG   [0m | [36mearth2studio.data.utils[0m:[36m_make_local_details[0m:[36m1070[0m - [34m[1mCopying /gcp-public-data-arco-era5/ar/full_37-1h-0p25deg-chunk-1.zarr-v3/volumetric_soil_water_layer_2/926454.0.0 to local cache[0m
[32m2026-07-20 10:09:02.864[0m | [34m[1mDEBUG   [0m | [36mearth2studio.data.utils[0m:[36m_make_local_details[0m:[36m1070[0m - [34m[1mCopying /gcp-public-data-arco-era5/ar/full_37-1h-0p25deg-chunk-1.zarr-v3/specific_humidity/926454.0.0.0 to local cache[0m
[32m2026-07-20 10:09:02.877[0m | [34m[1mDEBUG   [0m | [36mearth2studio.data.utils[0m:[36m_make_local_details[0m:[36m1070[0m - [34m[1mCopying /gcp-public-data-arco-era5/ar/full_37-1h-0p25deg-chunk-1.zarr-v3/2m_temperature/926454.0.0 to local cache[0m
[32m2026-07-20 10:09:08.529[0m | [34m[1mDEBUG   [0m | [36mearth2studio.data.utils[0m:[36m_make_local_details[0m:[36m1070[0m - [34m[1mCopying /gcp-public-data-arco-era5/ar/full_37-1h-0p25deg-chunk-1.zarr-v3/specific_humidity/926460.0.0.0 to local cache[0m
[32m2026-07-20 10:09:08.530[0m | [34m[1mDEBUG   [0m | [36mearth2studio.data.utils[0m:[36m_make_local_details[0m:[36m1070[0m - [34m[1mCopying /gcp-public-data-arco-era5/ar/full_37-1h-0p25deg-chunk-1.zarr-v3/volumetric_soil_water_layer_2/926460.0.0 to local cache[0m
[32m2026-07-20 10:09:08.531[0m | [34m[1mDEBUG   [0m | [36mearth2studio.data.utils[0m:[36m_make_local_details[0m:[36m1070[0m - [34m[1mCopying /gcp-public-data-arco-era5/ar/full_37-1h-0p25deg-chunk-1.zarr-v3/v_component_of_wind/926460.0.0.0 to local cache[0m
[32m2026-07-20 10:09:08.533[0m | [34m[1mDEBUG   [0m | [36mearth2studio.data.utils[0m:[36m_make_local_details[0m:[36m1070[0m - [34m[1mCopying /gcp-public-data-arco-era5/ar/full_37-1h-0p25deg-chunk-1.zarr-v3/10m_v_component_of_wind/926460.0.0 to local cache[0m
[32m2026-07-20 10:09:08.535[0m | [34m[1mDEBUG   [0m | [36mearth2studio.data.utils[0m:[36m_make_local_details[0m:[36m1070[0m - [34m[1mCopying /gcp-public-data-arco-era5/ar/full_37-1h-0p25deg-chunk-1.zarr-v3/surface_pressure/926460.0.0 to local cache[0m
[32m2026-07-20 10:09:08.536[0m | [34m[1mDEBUG   [0m | [36mearth2studio.data.utils[0m:[36m_make_local_details[0m:[36m1070[0m - [34m[1mCopying /gcp-public-data-arco-era5/ar/full_37-1h-0p25deg-chunk-1.zarr-v3/total_column_water/926460.0.0 to local cache[0m
[32m2026-07-20 10:09:08.537[0m | [34m[1mDEBUG   [0m | [36mearth2studio.data.utils[0m:[36m_make_local_details[0m:[36m1070[0m - [34m[1mCopying /gcp-public-data-arco-era5/ar/full_37-1h-0p25deg-chunk-1.zarr-v3/10m_u_component_of_wind/926460.0.0 to local cache[0m
[32m2026-07-20 10:09:08.538[0m | [34m[1mDEBUG   [0m | [36mearth2studio.data.utils[0m:[36m_make_local_details[0m:[36m1070[0m - [34m[1mCopying /gcp-public-data-arco-era5/ar/full_37-1h-0p25deg-chunk-1.zarr-v3/geopotential/926460.0.0.0 to local cache[0m
[32m2026-07-20 10:09:08.540[0m | [34m[1mDEBUG   [0m | [36mearth2studio.data.utils[0m:[36m_make_local_details[0m:[36m1070[0m - [34m[1mCopying /gcp-public-data-arco-era5/ar/full_37-1h-0p25deg-chunk-1.zarr-v3/mean_sea_level_pressure/926460.0.0 to local cache[0m
[32m2026-07-20 10:09:08.544[0m | [34m[1mDEBUG   [0m | [36mearth2studio.data.utils[0m:[36m_make_local_details[0m:[36m1070[0m - [34m[1mCopying /gcp-public-data-arco-era5/ar/full_37-1h-0p25deg-chunk-1.zarr-v3/soil_temperature_level_2/926460.0.0 to local cache[0m
[32m2026-07-20 10:09:08.613[0m | [34m[1mDEBUG   [0m | [36mearth2studio.data.utils[0m:[36m_make_local_details[0m:[36m1070[0m - [34m[1mCopying /gcp-public-data-arco-era5/ar/full_37-1h-0p25deg-chunk-1.zarr-v3/2m_temperature/926460.0.0 to local cache[0m
[32m2026-07-20 10:09:08.614[0m | [34m[1mDEBUG   [0m | [36mearth2studio.data.utils[0m:[36m_make_local_details[0m:[36m1070[0m - [34m[1mCopying /gcp-public-data-arco-era5/ar/full_37-1h-0p25deg-chunk-1.zarr-v3/temperature/926460.0.0.0 to local cache[0m
[32m2026-07-20 10:09:08.623[0m | [34m[1mDEBUG   [0m | [36mearth2studio.data.utils[0m:[36m_make_local_details[0m:[36m1070[0m - [34m[1mCopying /gcp-public-data-arco-era5/ar/full_37-1h-0p25deg-chunk-1.zarr-v3/vertical_velocity/926460.0.0.0 to local cache[0m
[32m2026-07-20 10:09:08.624[0m | [34m[1mDEBUG   [0m | [36mearth2studio.data.utils[0m:[36m_make_local_details[0m:[36m1070[0m - [34m[1mCopying /gcp-public-data-arco-era5/ar/full_37-1h-0p25deg-chunk-1.zarr-v3/2m_dewpoint_temperature/926460.0.0 to local cache[0m
[32m2026-07-20 10:09:08.625[0m | [34m[1mDEBUG   [0m | [36mearth2studio.data.utils[0m:[36m_make_local_details[0m:[36m1070[0m - [34m[1mCopying /gcp-public-data-arco-era5/ar/full_37-1h-0p25deg-chunk-1.zarr-v3/u_component_of_wind/926460.0.0.0 to local cache[0m
[32m2026-07-20 10:09:08.625[0m | [34m[1mDEBUG   [0m | [36mearth2studio.data.utils[0m:[36m_make_local_details[0m:[36m1070[0m - [34m[1mCopying /gcp-public-data-arco-era5/ar/full_37-1h-0p25deg-chunk-1.zarr-v3/soil_temperature_level_1/926460.0.0 to local cache[0m
[32m2026-07-20 10:09:08.628[0m | [34m[1mDEBUG   [0m | [36mearth2studio.data.utils[0m:[36m_make_local_details[0m:[36m1070[0m - [34m[1mCopying /gcp-public-data-arco-era5/ar/full_37-1h-0p25deg-chunk-1.zarr-v3/volumetric_soil_water_layer_1/926460.0.0 to local cache[0m
[32m2026-07-20 10:09:08.632[0m | [34m[1mDEBUG   [0m | [36mearth2studio.data.utils[0m:[36m_make_local_details[0m:[36m1070[0m - [34m[1mCopying /gcp-public-data-arco-era5/ar/full_37-1h-0p25deg-chunk-1.zarr-v3/skin_temperature/926460.0.0 to local cache[0m
target_step 18: sum=-3.4414e-03
Saved /cluster/projects/nn12107k/robin/earth2studio/aifs_attributions_vestlandet/aifs_ig_attributions_vestlandet_init2005-09-09T12_target2005-09-14T06.nc
Cleaned up temporary input data cache: /cluster/projects/nn12107k/robin/e2s_data_cache_wep82i_b
Init: 2005-09-09 18:00:00 -> target valid time 2005-09-14 06:00:00 (18 steps, target_step=17)
[32m2026-07-20 10:15:19.643[0m | [34m[1mDEBUG   [0m | [36mearth2studio.data.utils[0m:[36m_make_local_details[0m:[36m1070[0m - [34m[1mCopying /gcp-public-data-arco-era5/ar/full_37-1h-0p25deg-chunk-1.zarr-v3/.zattrs to local cache[0m
[32m2026-07-20 10:15:20.647[0m | [34m[1mDEBUG   [0m | [36mearth2studio.data.utils[0m:[36m_make_local_details[0m:[36m1070[0m - [34m[1mCopying /gcp-public-data-arco-era5/ar/full_37-1h-0p25deg-chunk-1.zarr-v3/.zgroup to local cache[0m
[32m2026-07-20 10:15:20.726[0m | [34m[1mDEBUG   [0m | [36mearth2studio.data.utils[0m:[36m_make_local_details[0m:[36m1070[0m - [34m[1mCopying /gcp-public-data-arco-era5/ar/full_37-1h-0p25deg-chunk-1.zarr-v3/.zmetadata to local cache[0m
[32m2026-07-20 10:15:21.030[0m | [34m[1mDEBUG   [0m | [36mearth2studio.data.utils[0m:[36m_make_local_details[0m:[36m1070[0m - [34m[1mCopying /gcp-public-data-arco-era5/ar/full_37-1h-0p25deg-chunk-1.zarr-v3/level/0 to local cache[0m
[32m2026-07-20 10:15:21.299[0m | [34m[1mDEBUG   [0m | [36mearth2studio.data.utils[0m:[36m_make_local_details[0m:[36m1070[0m - [34m[1mCopying /gcp-public-data-arco-era5/ar/model-level-1h-0p25deg.zarr-v1/.zattrs to local cache[0m
[32m2026-07-20 10:15:21.602[0m | [34m[1mDEBUG   [0m | [36mearth2studio.data.utils[0m:[36m_make_local_details[0m:[36m1070[0m - [34m[1mCopying /gcp-public-data-arco-era5/ar/model-level-1h-0p25deg.zarr-v1/.zmetadata to local cache[0m
[32m2026-07-20 10:15:21.648[0m | [34m[1mDEBUG   [0m | [36mearth2studio.data.utils[0m:[36m_make_local_details[0m:[36m1070[0m - [34m[1mCopying /gcp-public-data-arco-era5/ar/model-level-1h-0p25deg.zarr-v1/.zgroup to local cache[0m
[32m2026-07-20 10:15:22.108[0m | [34m[1mDEBUG   [0m | [36mearth2studio.data.utils[0m:[36m_make_local_details[0m:[36m1070[0m - [34m[1mCopying /gcp-public-data-arco-era5/ar/model-level-1h-0p25deg.zarr-v1/hybrid/0 to local cache[0m
[32m2026-07-20 10:15:22.318[0m | [34m[1mDEBUG   [0m | [36mearth2studio.data.utils[0m:[36m_make_local_details[0m:[36m1070[0m - [34m[1mCopying /gcp-public-data-arco-era5/ar/full_37-1h-0p25deg-chunk-1.zarr-v3/skin_temperature/926460.0.0 to local cache[0m
[32m2026-07-20 10:15:22.408[0m | [34m[1mDEBUG   [0m | [36mearth2studio.data.utils[0m:[36m_make_local_details[0m:[36m1070[0m - [34m[1mCopying /gcp-public-data-arco-era5/ar/full_37-1h-0p25deg-chunk-1.zarr-v3/10m_u_component_of_wind/926460.0.0 to local cache[0m
[32m2026-07-20 10:15:22.408[0m | [34m[1mDEBUG   [0m | [36mearth2studio.data.utils[0m:[36m_make_local_details[0m:[36m1070[0m - [34m[1mCopying /gcp-public-data-arco-era5/ar/full_37-1h-0p25deg-chunk-1.zarr-v3/volumetric_soil_water_layer_1/926460.0.0 to local cache[0m
[32m2026-07-20 10:15:22.410[0m | [34m[1mDEBUG   [0m | [36mearth2studio.data.utils[0m:[36m_make_local_details[0m:[36m1070[0m - [34m[1mCopying /gcp-public-data-arco-era5/ar/full_37-1h-0p25deg-chunk-1.zarr-v3/soil_temperature_level_2/926460.0.0 to local cache[0m
[32m2026-07-20 10:15:22.414[0m | [34m[1mDEBUG   [0m | [36mearth2studio.data.utils[0m:[36m_make_local_details[0m:[36m1070[0m - [34m[1mCopying /gcp-public-data-arco-era5/ar/full_37-1h-0p25deg-chunk-1.zarr-v3/10m_v_component_of_wind/926460.0.0 to local cache[0m
[32m2026-07-20 10:15:22.426[0m | [34m[1mDEBUG   [0m | [36mearth2studio.data.utils[0m:[36m_make_local_details[0m:[36m1070[0m - [34m[1mCopying /gcp-public-data-arco-era5/ar/full_37-1h-0p25deg-chunk-1.zarr-v3/soil_temperature_level_1/926460.0.0 to local cache[0m
[32m2026-07-20 10:15:22.428[0m | [34m[1mDEBUG   [0m | [36mearth2studio.data.utils[0m:[36m_make_local_details[0m:[36m1070[0m - [34m[1mCopying /gcp-public-data-arco-era5/ar/full_37-1h-0p25deg-chunk-1.zarr-v3/geopotential/926460.0.0.0 to local cache[0m
[32m2026-07-20 10:15:22.429[0m | [34m[1mDEBUG   [0m | [36mearth2studio.data.utils[0m:[36m_make_local_details[0m:[36m1070[0m - [34m[1mCopying /gcp-public-data-arco-era5/ar/full_37-1h-0p25deg-chunk-1.zarr-v3/total_column_water/926460.0.0 to local cache[0m
[32m2026-07-20 10:15:22.430[0m | [34m[1mDEBUG   [0m | [36mearth2studio.data.utils[0m:[36m_make_local_details[0m:[36m1070[0m - [34m[1mCopying /gcp-public-data-arco-era5/ar/full_37-1h-0p25deg-chunk-1.zarr-v3/mean_sea_level_pressure/926460.0.0 to local cache[0m
[32m2026-07-20 10:15:22.431[0m | [34m[1mDEBUG   [0m | [36mearth2studio.data.utils[0m:[36m_make_local_details[0m:[36m1070[0m - [34m[1mCopying /gcp-public-data-arco-era5/ar/full_37-1h-0p25deg-chunk-1.zarr-v3/2m_dewpoint_temperature/926460.0.0 to local cache[0m
[32m2026-07-20 10:15:22.432[0m | [34m[1mDEBUG   [0m | [36mearth2studio.data.utils[0m:[36m_make_local_details[0m:[36m1070[0m - [34m[1mCopying /gcp-public-data-arco-era5/ar/full_37-1h-0p25deg-chunk-1.zarr-v3/surface_pressure/926460.0.0 to local cache[0m
[32m2026-07-20 10:15:22.435[0m | [34m[1mDEBUG   [0m | [36mearth2studio.data.utils[0m:[36m_make_local_details[0m:[36m1070[0m - [34m[1mCopying /gcp-public-data-arco-era5/ar/full_37-1h-0p25deg-chunk-1.zarr-v3/vertical_velocity/926460.0.0.0 to local cache[0m
[32m2026-07-20 10:15:22.435[0m | [34m[1mDEBUG   [0m | [36mearth2studio.data.utils[0m:[36m_make_local_details[0m:[36m1070[0m - [34m[1mCopying /gcp-public-data-arco-era5/ar/full_37-1h-0p25deg-chunk-1.zarr-v3/specific_humidity/926460.0.0.0 to local cache[0m
[32m2026-07-20 10:15:22.436[0m | [34m[1mDEBUG   [0m | [36mearth2studio.data.utils[0m:[36m_make_local_details[0m:[36m1070[0m - [34m[1mCopying /gcp-public-data-arco-era5/ar/full_37-1h-0p25deg-chunk-1.zarr-v3/volumetric_soil_water_layer_2/926460.0.0 to local cache[0m
[32m2026-07-20 10:15:22.438[0m | [34m[1mDEBUG   [0m | [36mearth2studio.data.utils[0m:[36m_make_local_details[0m:[36m1070[0m - [34m[1mCopying /gcp-public-data-arco-era5/ar/full_37-1h-0p25deg-chunk-1.zarr-v3/2m_temperature/926460.0.0 to local cache[0m
[32m2026-07-20 10:15:22.439[0m | [34m[1mDEBUG   [0m | [36mearth2studio.data.utils[0m:[36m_make_local_details[0m:[36m1070[0m - [34m[1mCopying /gcp-public-data-arco-era5/ar/full_37-1h-0p25deg-chunk-1.zarr-v3/temperature/926460.0.0.0 to local cache[0m
[32m2026-07-20 10:15:22.441[0m | [34m[1mDEBUG   [0m | [36mearth2studio.data.utils[0m:[36m_make_local_details[0m:[36m1070[0m - [34m[1mCopying /gcp-public-data-arco-era5/ar/full_37-1h-0p25deg-chunk-1.zarr-v3/u_component_of_wind/926460.0.0.0 to local cache[0m
[32m2026-07-20 10:15:22.758[0m | [34m[1mDEBUG   [0m | [36mearth2studio.data.utils[0m:[36m_make_local_details[0m:[36m1070[0m - [34m[1mCopying /gcp-public-data-arco-era5/ar/full_37-1h-0p25deg-chunk-1.zarr-v3/v_component_of_wind/926460.0.0.0 to local cache[0m
[32m2026-07-20 10:15:28.305[0m | [34m[1mDEBUG   [0m | [36mearth2studio.data.utils[0m:[36m_make_local_details[0m:[36m1070[0m - [34m[1mCopying /gcp-public-data-arco-era5/ar/full_37-1h-0p25deg-chunk-1.zarr-v3/volumetric_soil_water_layer_1/926466.0.0 to local cache[0m
[32m2026-07-20 10:15:28.307[0m | [34m[1mDEBUG   [0m | [36mearth2studio.data.utils[0m:[36m_make_local_details[0m:[36m1070[0m - [34m[1mCopying /gcp-public-data-arco-era5/ar/full_37-1h-0p25deg-chunk-1.zarr-v3/volumetric_soil_water_layer_2/926466.0.0 to local cache[0m
[32m2026-07-20 10:15:28.308[0m | [34m[1mDEBUG   [0m | [36mearth2studio.data.utils[0m:[36m_make_local_details[0m:[36m1070[0m - [34m[1mCopying /gcp-public-data-arco-era5/ar/full_37-1h-0p25deg-chunk-1.zarr-v3/temperature/926466.0.0.0 to local cache[0m
[32m2026-07-20 10:15:28.309[0m | [34m[1mDEBUG   [0m | [36mearth2studio.data.utils[0m:[36m_make_local_details[0m:[36m1070[0m - [34m[1mCopying /gcp-public-data-arco-era5/ar/full_37-1h-0p25deg-chunk-1.zarr-v3/10m_v_component_of_wind/926466.0.0 to local cache[0m
[32m2026-07-20 10:15:28.310[0m | [34m[1mDEBUG   [0m | [36mearth2studio.data.utils[0m:[36m_make_local_details[0m:[36m1070[0m - [34m[1mCopying /gcp-public-data-arco-era5/ar/full_37-1h-0p25deg-chunk-1.zarr-v3/soil_temperature_level_1/926466.0.0 to local cache[0m
[32m2026-07-20 10:15:28.314[0m | [34m[1mDEBUG   [0m | [36mearth2studio.data.utils[0m:[36m_make_local_details[0m:[36m1070[0m - [34m[1mCopying /gcp-public-data-arco-era5/ar/full_37-1h-0p25deg-chunk-1.zarr-v3/geopotential/926466.0.0.0 to local cache[0m
[32m2026-07-20 10:15:28.316[0m | [34m[1mDEBUG   [0m | [36mearth2studio.data.utils[0m:[36m_make_local_details[0m:[36m1070[0m - [34m[1mCopying /gcp-public-data-arco-era5/ar/full_37-1h-0p25deg-chunk-1.zarr-v3/u_component_of_wind/926466.0.0.0 to local cache[0m
[32m2026-07-20 10:15:28.318[0m | [34m[1mDEBUG   [0m | [36mearth2studio.data.utils[0m:[36m_make_local_details[0m:[36m1070[0m - [34m[1mCopying /gcp-public-data-arco-era5/ar/full_37-1h-0p25deg-chunk-1.zarr-v3/soil_temperature_level_2/926466.0.0 to local cache[0m
[32m2026-07-20 10:15:28.319[0m | [34m[1mDEBUG   [0m | [36mearth2studio.data.utils[0m:[36m_make_local_details[0m:[36m1070[0m - [34m[1mCopying /gcp-public-data-arco-era5/ar/full_37-1h-0p25deg-chunk-1.zarr-v3/vertical_velocity/926466.0.0.0 to local cache[0m
[32m2026-07-20 10:15:28.392[0m | [34m[1mDEBUG   [0m | [36mearth2studio.data.utils[0m:[36m_make_local_details[0m:[36m1070[0m - [34m[1mCopying /gcp-public-data-arco-era5/ar/full_37-1h-0p25deg-chunk-1.zarr-v3/surface_pressure/926466.0.0 to local cache[0m
[32m2026-07-20 10:15:28.396[0m | [34m[1mDEBUG   [0m | [36mearth2studio.data.utils[0m:[36m_make_local_details[0m:[36m1070[0m - [34m[1mCopying /gcp-public-data-arco-era5/ar/full_37-1h-0p25deg-chunk-1.zarr-v3/specific_humidity/926466.0.0.0 to local cache[0m
[32m2026-07-20 10:15:28.399[0m | [34m[1mDEBUG   [0m | [36mearth2studio.data.utils[0m:[36m_make_local_details[0m:[36m1070[0m - [34m[1mCopying /gcp-public-data-arco-era5/ar/full_37-1h-0p25deg-chunk-1.zarr-v3/total_column_water/926466.0.0 to local cache[0m
[32m2026-07-20 10:15:28.405[0m | [34m[1mDEBUG   [0m | [36mearth2studio.data.utils[0m:[36m_make_local_details[0m:[36m1070[0m - [34m[1mCopying /gcp-public-data-arco-era5/ar/full_37-1h-0p25deg-chunk-1.zarr-v3/10m_u_component_of_wind/926466.0.0 to local cache[0m
[32m2026-07-20 10:15:28.406[0m | [34m[1mDEBUG   [0m | [36mearth2studio.data.utils[0m:[36m_make_local_details[0m:[36m1070[0m - [34m[1mCopying /gcp-public-data-arco-era5/ar/full_37-1h-0p25deg-chunk-1.zarr-v3/2m_dewpoint_temperature/926466.0.0 to local cache[0m
[32m2026-07-20 10:15:28.407[0m | [34m[1mDEBUG   [0m | [36mearth2studio.data.utils[0m:[36m_make_local_details[0m:[36m1070[0m - [34m[1mCopying /gcp-public-data-arco-era5/ar/full_37-1h-0p25deg-chunk-1.zarr-v3/skin_temperature/926466.0.0 to local cache[0m
[32m2026-07-20 10:15:28.407[0m | [34m[1mDEBUG   [0m | [36mearth2studio.data.utils[0m:[36m_make_local_details[0m:[36m1070[0m - [34m[1mCopying /gcp-public-data-arco-era5/ar/full_37-1h-0p25deg-chunk-1.zarr-v3/v_component_of_wind/926466.0.0.0 to local cache[0m
[32m2026-07-20 10:15:28.408[0m | [34m[1mDEBUG   [0m | [36mearth2studio.data.utils[0m:[36m_make_local_details[0m:[36m1070[0m - [34m[1mCopying /gcp-public-data-arco-era5/ar/full_37-1h-0p25deg-chunk-1.zarr-v3/mean_sea_level_pressure/926466.0.0 to local cache[0m
[32m2026-07-20 10:15:28.414[0m | [34m[1mDEBUG   [0m | [36mearth2studio.data.utils[0m:[36m_make_local_details[0m:[36m1070[0m - [34m[1mCopying /gcp-public-data-arco-era5/ar/full_37-1h-0p25deg-chunk-1.zarr-v3/2m_temperature/926466.0.0 to local cache[0m
target_step 17: sum=-2.8162e-02
Saved /cluster/projects/nn12107k/robin/earth2studio/aifs_attributions_vestlandet/aifs_ig_attributions_vestlandet_init2005-09-09T18_target2005-09-14T06.nc
Cleaned up temporary input data cache: /cluster/projects/nn12107k/robin/e2s_data_cache_g11lngw9
Init: 2005-09-10 00:00:00 -> target valid time 2005-09-14 06:00:00 (17 steps, target_step=16)
[32m2026-07-20 10:21:20.279[0m | [34m[1mDEBUG   [0m | [36mearth2studio.data.utils[0m:[36m_make_local_details[0m:[36m1070[0m - [34m[1mCopying /gcp-public-data-arco-era5/ar/full_37-1h-0p25deg-chunk-1.zarr-v3/.zattrs to local cache[0m
[32m2026-07-20 10:21:21.240[0m | [34m[1mDEBUG   [0m | [36mearth2studio.data.utils[0m:[36m_make_local_details[0m:[36m1070[0m - [34m[1mCopying /gcp-public-data-arco-era5/ar/full_37-1h-0p25deg-chunk-1.zarr-v3/.zgroup to local cache[0m
[32m2026-07-20 10:21:21.327[0m | [34m[1mDEBUG   [0m | [36mearth2studio.data.utils[0m:[36m_make_local_details[0m:[36m1070[0m - [34m[1mCopying /gcp-public-data-arco-era5/ar/full_37-1h-0p25deg-chunk-1.zarr-v3/.zmetadata to local cache[0m
[32m2026-07-20 10:21:21.634[0m | [34m[1mDEBUG   [0m | [36mearth2studio.data.utils[0m:[36m_make_local_details[0m:[36m1070[0m - [34m[1mCopying /gcp-public-data-arco-era5/ar/full_37-1h-0p25deg-chunk-1.zarr-v3/level/0 to local cache[0m
[32m2026-07-20 10:21:21.911[0m | [34m[1mDEBUG   [0m | [36mearth2studio.data.utils[0m:[36m_make_local_details[0m:[36m1070[0m - [34m[1mCopying /gcp-public-data-arco-era5/ar/model-level-1h-0p25deg.zarr-v1/.zattrs to local cache[0m
[32m2026-07-20 10:21:22.284[0m | [34m[1mDEBUG   [0m | [36mearth2studio.data.utils[0m:[36m_make_local_details[0m:[36m1070[0m - [34m[1mCopying /gcp-public-data-arco-era5/ar/model-level-1h-0p25deg.zarr-v1/.zgroup to local cache[0m
[32m2026-07-20 10:21:22.286[0m | [34m[1mDEBUG   [0m | [36mearth2studio.data.utils[0m:[36m_make_local_details[0m:[36m1070[0m - [34m[1mCopying /gcp-public-data-arco-era5/ar/model-level-1h-0p25deg.zarr-v1/.zmetadata to local cache[0m
[32m2026-07-20 10:21:22.621[0m | [34m[1mDEBUG   [0m | [36mearth2studio.data.utils[0m:[36m_make_local_details[0m:[36m1070[0m - [34m[1mCopying /gcp-public-data-arco-era5/ar/model-level-1h-0p25deg.zarr-v1/hybrid/0 to local cache[0m
[32m2026-07-20 10:21:22.975[0m | [34m[1mDEBUG   [0m | [36mearth2studio.data.utils[0m:[36m_make_local_details[0m:[36m1070[0m - [34m[1mCopying /gcp-public-data-arco-era5/ar/full_37-1h-0p25deg-chunk-1.zarr-v3/vertical_velocity/926466.0.0.0 to local cache[0m
[32m2026-07-20 10:21:22.978[0m | [34m[1mDEBUG   [0m | [36mearth2studio.data.utils[0m:[36m_make_local_details[0m:[36m1070[0m - [34m[1mCopying /gcp-public-data-arco-era5/ar/full_37-1h-0p25deg-chunk-1.zarr-v3/specific_humidity/926466.0.0.0 to local cache[0m
[32m2026-07-20 10:21:23.060[0m | [34m[1mDEBUG   [0m | [36mearth2studio.data.utils[0m:[36m_make_local_details[0m:[36m1070[0m - [34m[1mCopying /gcp-public-data-arco-era5/ar/full_37-1h-0p25deg-chunk-1.zarr-v3/surface_pressure/926466.0.0 to local cache[0m
[32m2026-07-20 10:21:23.089[0m | [34m[1mDEBUG   [0m | [36mearth2studio.data.utils[0m:[36m_make_local_details[0m:[36m1070[0m - [34m[1mCopying /gcp-public-data-arco-era5/ar/full_37-1h-0p25deg-chunk-1.zarr-v3/2m_temperature/926466.0.0 to local cache[0m
[32m2026-07-20 10:21:23.090[0m | [34m[1mDEBUG   [0m | [36mearth2studio.data.utils[0m:[36m_make_local_details[0m:[36m1070[0m - [34m[1mCopying /gcp-public-data-arco-era5/ar/full_37-1h-0p25deg-chunk-1.zarr-v3/skin_temperature/926466.0.0 to local cache[0m
[32m2026-07-20 10:21:23.092[0m | [34m[1mDEBUG   [0m | [36mearth2studio.data.utils[0m:[36m_make_local_details[0m:[36m1070[0m - [34m[1mCopying /gcp-public-data-arco-era5/ar/full_37-1h-0p25deg-chunk-1.zarr-v3/10m_u_component_of_wind/926466.0.0 to local cache[0m
[32m2026-07-20 10:21:23.093[0m | [34m[1mDEBUG   [0m | [36mearth2studio.data.utils[0m:[36m_make_local_details[0m:[36m1070[0m - [34m[1mCopying /gcp-public-data-arco-era5/ar/full_37-1h-0p25deg-chunk-1.zarr-v3/mean_sea_level_pressure/926466.0.0 to local cache[0m
[32m2026-07-20 10:21:23.094[0m | [34m[1mDEBUG   [0m | [36mearth2studio.data.utils[0m:[36m_make_local_details[0m:[36m1070[0m - [34m[1mCopying /gcp-public-data-arco-era5/ar/full_37-1h-0p25deg-chunk-1.zarr-v3/volumetric_soil_water_layer_2/926466.0.0 to local cache[0m
[32m2026-07-20 10:21:23.095[0m | [34m[1mDEBUG   [0m | [36mearth2studio.data.utils[0m:[36m_make_local_details[0m:[36m1070[0m - [34m[1mCopying /gcp-public-data-arco-era5/ar/full_37-1h-0p25deg-chunk-1.zarr-v3/2m_dewpoint_temperature/926466.0.0 to local cache[0m
[32m2026-07-20 10:21:23.096[0m | [34m[1mDEBUG   [0m | [36mearth2studio.data.utils[0m:[36m_make_local_details[0m:[36m1070[0m - [34m[1mCopying /gcp-public-data-arco-era5/ar/full_37-1h-0p25deg-chunk-1.zarr-v3/u_component_of_wind/926466.0.0.0 to local cache[0m
[32m2026-07-20 10:21:23.099[0m | [34m[1mDEBUG   [0m | [36mearth2studio.data.utils[0m:[36m_make_local_details[0m:[36m1070[0m - [34m[1mCopying /gcp-public-data-arco-era5/ar/full_37-1h-0p25deg-chunk-1.zarr-v3/temperature/926466.0.0.0 to local cache[0m
[32m2026-07-20 10:21:23.099[0m | [34m[1mDEBUG   [0m | [36mearth2studio.data.utils[0m:[36m_make_local_details[0m:[36m1070[0m - [34m[1mCopying /gcp-public-data-arco-era5/ar/full_37-1h-0p25deg-chunk-1.zarr-v3/soil_temperature_level_1/926466.0.0 to local cache[0m
[32m2026-07-20 10:21:23.100[0m | [34m[1mDEBUG   [0m | [36mearth2studio.data.utils[0m:[36m_make_local_details[0m:[36m1070[0m - [34m[1mCopying /gcp-public-data-arco-era5/ar/full_37-1h-0p25deg-chunk-1.zarr-v3/geopotential/926466.0.0.0 to local cache[0m
[32m2026-07-20 10:21:23.103[0m | [34m[1mDEBUG   [0m | [36mearth2studio.data.utils[0m:[36m_make_local_details[0m:[36m1070[0m - [34m[1mCopying /gcp-public-data-arco-era5/ar/full_37-1h-0p25deg-chunk-1.zarr-v3/v_component_of_wind/926466.0.0.0 to local cache[0m
[32m2026-07-20 10:21:23.104[0m | [34m[1mDEBUG   [0m | [36mearth2studio.data.utils[0m:[36m_make_local_details[0m:[36m1070[0m - [34m[1mCopying /gcp-public-data-arco-era5/ar/full_37-1h-0p25deg-chunk-1.zarr-v3/total_column_water/926466.0.0 to local cache[0m
[32m2026-07-20 10:21:23.119[0m | [34m[1mDEBUG   [0m | [36mearth2studio.data.utils[0m:[36m_make_local_details[0m:[36m1070[0m - [34m[1mCopying /gcp-public-data-arco-era5/ar/full_37-1h-0p25deg-chunk-1.zarr-v3/volumetric_soil_water_layer_1/926466.0.0 to local cache[0m
[32m2026-07-20 10:21:23.179[0m | [34m[1mDEBUG   [0m | [36mearth2studio.data.utils[0m:[36m_make_local_details[0m:[36m1070[0m - [34m[1mCopying /gcp-public-data-arco-era5/ar/full_37-1h-0p25deg-chunk-1.zarr-v3/10m_v_component_of_wind/926466.0.0 to local cache[0m
[32m2026-07-20 10:21:23.185[0m | [34m[1mDEBUG   [0m | [36mearth2studio.data.utils[0m:[36m_make_local_details[0m:[36m1070[0m - [34m[1mCopying /gcp-public-data-arco-era5/ar/full_37-1h-0p25deg-chunk-1.zarr-v3/soil_temperature_level_2/926466.0.0 to local cache[0m
[32m2026-07-20 10:21:28.420[0m | [34m[1mDEBUG   [0m | [36mearth2studio.data.utils[0m:[36m_make_local_details[0m:[36m1070[0m - [34m[1mCopying /gcp-public-data-arco-era5/ar/full_37-1h-0p25deg-chunk-1.zarr-v3/u_component_of_wind/926472.0.0.0 to local cache[0m
[32m2026-07-20 10:21:28.422[0m | [34m[1mDEBUG   [0m | [36mearth2studio.data.utils[0m:[36m_make_local_details[0m:[36m1070[0m - [34m[1mCopying /gcp-public-data-arco-era5/ar/full_37-1h-0p25deg-chunk-1.zarr-v3/total_column_water/926472.0.0 to local cache[0m
[32m2026-07-20 10:21:28.422[0m | [34m[1mDEBUG   [0m | [36mearth2studio.data.utils[0m:[36m_make_local_details[0m:[36m1070[0m - [34m[1mCopying /gcp-public-data-arco-era5/ar/full_37-1h-0p25deg-chunk-1.zarr-v3/mean_sea_level_pressure/926472.0.0 to local cache[0m
[32m2026-07-20 10:21:28.424[0m | [34m[1mDEBUG   [0m | [36mearth2studio.data.utils[0m:[36m_make_local_details[0m:[36m1070[0m - [34m[1mCopying /gcp-public-data-arco-era5/ar/full_37-1h-0p25deg-chunk-1.zarr-v3/specific_humidity/926472.0.0.0 to local cache[0m
[32m2026-07-20 10:21:28.428[0m | [34m[1mDEBUG   [0m | [36mearth2studio.data.utils[0m:[36m_make_local_details[0m:[36m1070[0m - [34m[1mCopying /gcp-public-data-arco-era5/ar/full_37-1h-0p25deg-chunk-1.zarr-v3/2m_temperature/926472.0.0 to local cache[0m
[32m2026-07-20 10:21:28.430[0m | [34m[1mDEBUG   [0m | [36mearth2studio.data.utils[0m:[36m_make_local_details[0m:[36m1070[0m - [34m[1mCopying /gcp-public-data-arco-era5/ar/full_37-1h-0p25deg-chunk-1.zarr-v3/v_component_of_wind/926472.0.0.0 to local cache[0m
[32m2026-07-20 10:21:28.431[0m | [34m[1mDEBUG   [0m | [36mearth2studio.data.utils[0m:[36m_make_local_details[0m:[36m1070[0m - [34m[1mCopying /gcp-public-data-arco-era5/ar/full_37-1h-0p25deg-chunk-1.zarr-v3/10m_u_component_of_wind/926472.0.0 to local cache[0m
[32m2026-07-20 10:21:28.434[0m | [34m[1mDEBUG   [0m | [36mearth2studio.data.utils[0m:[36m_make_local_details[0m:[36m1070[0m - [34m[1mCopying /gcp-public-data-arco-era5/ar/full_37-1h-0p25deg-chunk-1.zarr-v3/skin_temperature/926472.0.0 to local cache[0m
[32m2026-07-20 10:21:28.435[0m | [34m[1mDEBUG   [0m | [36mearth2studio.data.utils[0m:[36m_make_local_details[0m:[36m1070[0m - [34m[1mCopying /gcp-public-data-arco-era5/ar/full_37-1h-0p25deg-chunk-1.zarr-v3/surface_pressure/926472.0.0 to local cache[0m
[32m2026-07-20 10:21:28.509[0m | [34m[1mDEBUG   [0m | [36mearth2studio.data.utils[0m:[36m_make_local_details[0m:[36m1070[0m - [34m[1mCopying /gcp-public-data-arco-era5/ar/full_37-1h-0p25deg-chunk-1.zarr-v3/2m_dewpoint_temperature/926472.0.0 to local cache[0m
[32m2026-07-20 10:21:28.510[0m | [34m[1mDEBUG   [0m | [36mearth2studio.data.utils[0m:[36m_make_local_details[0m:[36m1070[0m - [34m[1mCopying /gcp-public-data-arco-era5/ar/full_37-1h-0p25deg-chunk-1.zarr-v3/vertical_velocity/926472.0.0.0 to local cache[0m
[32m2026-07-20 10:21:28.511[0m | [34m[1mDEBUG   [0m | [36mearth2studio.data.utils[0m:[36m_make_local_details[0m:[36m1070[0m - [34m[1mCopying /gcp-public-data-arco-era5/ar/full_37-1h-0p25deg-chunk-1.zarr-v3/geopotential/926472.0.0.0 to local cache[0m
[32m2026-07-20 10:21:28.513[0m | [34m[1mDEBUG   [0m | [36mearth2studio.data.utils[0m:[36m_make_local_details[0m:[36m1070[0m - [34m[1mCopying /gcp-public-data-arco-era5/ar/full_37-1h-0p25deg-chunk-1.zarr-v3/volumetric_soil_water_layer_2/926472.0.0 to local cache[0m
[32m2026-07-20 10:21:28.515[0m | [34m[1mDEBUG   [0m | [36mearth2studio.data.utils[0m:[36m_make_local_details[0m:[36m1070[0m - [34m[1mCopying /gcp-public-data-arco-era5/ar/full_37-1h-0p25deg-chunk-1.zarr-v3/volumetric_soil_water_layer_1/926472.0.0 to local cache[0m
[32m2026-07-20 10:21:28.521[0m | [34m[1mDEBUG   [0m | [36mearth2studio.data.utils[0m:[36m_make_local_details[0m:[36m1070[0m - [34m[1mCopying /gcp-public-data-arco-era5/ar/full_37-1h-0p25deg-chunk-1.zarr-v3/soil_temperature_level_1/926472.0.0 to local cache[0m
[32m2026-07-20 10:21:28.522[0m | [34m[1mDEBUG   [0m | [36mearth2studio.data.utils[0m:[36m_make_local_details[0m:[36m1070[0m - [34m[1mCopying /gcp-public-data-arco-era5/ar/full_37-1h-0p25deg-chunk-1.zarr-v3/soil_temperature_level_2/926472.0.0 to local cache[0m
[32m2026-07-20 10:21:28.527[0m | [34m[1mDEBUG   [0m | [36mearth2studio.data.utils[0m:[36m_make_local_details[0m:[36m1070[0m - [34m[1mCopying /gcp-public-data-arco-era5/ar/full_37-1h-0p25deg-chunk-1.zarr-v3/temperature/926472.0.0.0 to local cache[0m
[32m2026-07-20 10:21:28.536[0m | [34m[1mDEBUG   [0m | [36mearth2studio.data.utils[0m:[36m_make_local_details[0m:[36m1070[0m - [34m[1mCopying /gcp-public-data-arco-era5/ar/full_37-1h-0p25deg-chunk-1.zarr-v3/10m_v_component_of_wind/926472.0.0 to local cache[0m
target_step 16: sum=2.1913e-02
Saved /cluster/projects/nn12107k/robin/earth2studio/aifs_attributions_vestlandet/aifs_ig_attributions_vestlandet_init2005-09-10T00_target2005-09-14T06.nc
Cleaned up temporary input data cache: /cluster/projects/nn12107k/robin/e2s_data_cache_xaxtxdnf
Init: 2005-09-10 06:00:00 -> target valid time 2005-09-14 06:00:00 (16 steps, target_step=15)
[32m2026-07-20 10:27:03.022[0m | [34m[1mDEBUG   [0m | [36mearth2studio.data.utils[0m:[36m_make_local_details[0m:[36m1070[0m - [34m[1mCopying /gcp-public-data-arco-era5/ar/full_37-1h-0p25deg-chunk-1.zarr-v3/.zattrs to local cache[0m
[32m2026-07-20 10:27:03.946[0m | [34m[1mDEBUG   [0m | [36mearth2studio.data.utils[0m:[36m_make_local_details[0m:[36m1070[0m - [34m[1mCopying /gcp-public-data-arco-era5/ar/full_37-1h-0p25deg-chunk-1.zarr-v3/.zgroup to local cache[0m
[32m2026-07-20 10:27:04.253[0m | [34m[1mDEBUG   [0m | [36mearth2studio.data.utils[0m:[36m_make_local_details[0m:[36m1070[0m - [34m[1mCopying /gcp-public-data-arco-era5/ar/full_37-1h-0p25deg-chunk-1.zarr-v3/.zmetadata to local cache[0m
[32m2026-07-20 10:27:04.562[0m | [34m[1mDEBUG   [0m | [36mearth2studio.data.utils[0m:[36m_make_local_details[0m:[36m1070[0m - [34m[1mCopying /gcp-public-data-arco-era5/ar/full_37-1h-0p25deg-chunk-1.zarr-v3/level/0 to local cache[0m
[32m2026-07-20 10:27:04.847[0m | [34m[1mDEBUG   [0m | [36mearth2studio.data.utils[0m:[36m_make_local_details[0m:[36m1070[0m - [34m[1mCopying /gcp-public-data-arco-era5/ar/model-level-1h-0p25deg.zarr-v1/.zattrs to local cache[0m
[32m2026-07-20 10:27:05.124[0m | [34m[1mDEBUG   [0m | [36mearth2studio.data.utils[0m:[36m_make_local_details[0m:[36m1070[0m - [34m[1mCopying /gcp-public-data-arco-era5/ar/model-level-1h-0p25deg.zarr-v1/.zmetadata to local cache[0m
[32m2026-07-20 10:27:05.127[0m | [34m[1mDEBUG   [0m | [36mearth2studio.data.utils[0m:[36m_make_local_details[0m:[36m1070[0m - [34m[1mCopying /gcp-public-data-arco-era5/ar/model-level-1h-0p25deg.zarr-v1/.zgroup to local cache[0m
[32m2026-07-20 10:27:05.438[0m | [34m[1mDEBUG   [0m | [36mearth2studio.data.utils[0m:[36m_make_local_details[0m:[36m1070[0m - [34m[1mCopying /gcp-public-data-arco-era5/ar/model-level-1h-0p25deg.zarr-v1/hybrid/0 to local cache[0m
[32m2026-07-20 10:27:05.653[0m | [34m[1mDEBUG   [0m | [36mearth2studio.data.utils[0m:[36m_make_local_details[0m:[36m1070[0m - [34m[1mCopying /gcp-public-data-arco-era5/ar/full_37-1h-0p25deg-chunk-1.zarr-v3/surface_pressure/926472.0.0 to local cache[0m
[32m2026-07-20 10:27:05.702[0m | [34m[1mDEBUG   [0m | [36mearth2studio.data.utils[0m:[36m_make_local_details[0m:[36m1070[0m - [34m[1mCopying /gcp-public-data-arco-era5/ar/full_37-1h-0p25deg-chunk-1.zarr-v3/2m_dewpoint_temperature/926472.0.0 to local cache[0m
[32m2026-07-20 10:27:05.740[0m | [34m[1mDEBUG   [0m | [36mearth2studio.data.utils[0m:[36m_make_local_details[0m:[36m1070[0m - [34m[1mCopying /gcp-public-data-arco-era5/ar/full_37-1h-0p25deg-chunk-1.zarr-v3/volumetric_soil_water_layer_2/926472.0.0 to local cache[0m
[32m2026-07-20 10:27:05.742[0m | [34m[1mDEBUG   [0m | [36mearth2studio.data.utils[0m:[36m_make_local_details[0m:[36m1070[0m - [34m[1mCopying /gcp-public-data-arco-era5/ar/full_37-1h-0p25deg-chunk-1.zarr-v3/soil_temperature_level_2/926472.0.0 to local cache[0m
[32m2026-07-20 10:27:05.746[0m | [34m[1mDEBUG   [0m | [36mearth2studio.data.utils[0m:[36m_make_local_details[0m:[36m1070[0m - [34m[1mCopying /gcp-public-data-arco-era5/ar/full_37-1h-0p25deg-chunk-1.zarr-v3/u_component_of_wind/926472.0.0.0 to local cache[0m
[32m2026-07-20 10:27:05.746[0m | [34m[1mDEBUG   [0m | [36mearth2studio.data.utils[0m:[36m_make_local_details[0m:[36m1070[0m - [34m[1mCopying /gcp-public-data-arco-era5/ar/full_37-1h-0p25deg-chunk-1.zarr-v3/soil_temperature_level_1/926472.0.0 to local cache[0m
[32m2026-07-20 10:27:05.747[0m | [34m[1mDEBUG   [0m | [36mearth2studio.data.utils[0m:[36m_make_local_details[0m:[36m1070[0m - [34m[1mCopying /gcp-public-data-arco-era5/ar/full_37-1h-0p25deg-chunk-1.zarr-v3/2m_temperature/926472.0.0 to local cache[0m
[32m2026-07-20 10:27:05.749[0m | [34m[1mDEBUG   [0m | [36mearth2studio.data.utils[0m:[36m_make_local_details[0m:[36m1070[0m - [34m[1mCopying /gcp-public-data-arco-era5/ar/full_37-1h-0p25deg-chunk-1.zarr-v3/temperature/926472.0.0.0 to local cache[0m
[32m2026-07-20 10:27:05.754[0m | [34m[1mDEBUG   [0m | [36mearth2studio.data.utils[0m:[36m_make_local_details[0m:[36m1070[0m - [34m[1mCopying /gcp-public-data-arco-era5/ar/full_37-1h-0p25deg-chunk-1.zarr-v3/skin_temperature/926472.0.0 to local cache[0m
[32m2026-07-20 10:27:05.761[0m | [34m[1mDEBUG   [0m | [36mearth2studio.data.utils[0m:[36m_make_local_details[0m:[36m1070[0m - [34m[1mCopying /gcp-public-data-arco-era5/ar/full_37-1h-0p25deg-chunk-1.zarr-v3/10m_v_component_of_wind/926472.0.0 to local cache[0m
[32m2026-07-20 10:27:05.762[0m | [34m[1mDEBUG   [0m | [36mearth2studio.data.utils[0m:[36m_make_local_details[0m:[36m1070[0m - [34m[1mCopying /gcp-public-data-arco-era5/ar/full_37-1h-0p25deg-chunk-1.zarr-v3/total_column_water/926472.0.0 to local cache[0m
[32m2026-07-20 10:27:05.762[0m | [34m[1mDEBUG   [0m | [36mearth2studio.data.utils[0m:[36m_make_local_details[0m:[36m1070[0m - [34m[1mCopying /gcp-public-data-arco-era5/ar/full_37-1h-0p25deg-chunk-1.zarr-v3/specific_humidity/926472.0.0.0 to local cache[0m
[32m2026-07-20 10:27:05.764[0m | [34m[1mDEBUG   [0m | [36mearth2studio.data.utils[0m:[36m_make_local_details[0m:[36m1070[0m - [34m[1mCopying /gcp-public-data-arco-era5/ar/full_37-1h-0p25deg-chunk-1.zarr-v3/geopotential/926472.0.0.0 to local cache[0m
[32m2026-07-20 10:27:05.765[0m | [34m[1mDEBUG   [0m | [36mearth2studio.data.utils[0m:[36m_make_local_details[0m:[36m1070[0m - [34m[1mCopying /gcp-public-data-arco-era5/ar/full_37-1h-0p25deg-chunk-1.zarr-v3/volumetric_soil_water_layer_1/926472.0.0 to local cache[0m
[32m2026-07-20 10:27:05.769[0m | [34m[1mDEBUG   [0m | [36mearth2studio.data.utils[0m:[36m_make_local_details[0m:[36m1070[0m - [34m[1mCopying /gcp-public-data-arco-era5/ar/full_37-1h-0p25deg-chunk-1.zarr-v3/10m_u_component_of_wind/926472.0.0 to local cache[0m
[32m2026-07-20 10:27:05.787[0m | [34m[1mDEBUG   [0m | [36mearth2studio.data.utils[0m:[36m_make_local_details[0m:[36m1070[0m - [34m[1mCopying /gcp-public-data-arco-era5/ar/full_37-1h-0p25deg-chunk-1.zarr-v3/mean_sea_level_pressure/926472.0.0 to local cache[0m
[32m2026-07-20 10:27:05.803[0m | [34m[1mDEBUG   [0m | [36mearth2studio.data.utils[0m:[36m_make_local_details[0m:[36m1070[0m - [34m[1mCopying /gcp-public-data-arco-era5/ar/full_37-1h-0p25deg-chunk-1.zarr-v3/vertical_velocity/926472.0.0.0 to local cache[0m
[32m2026-07-20 10:27:05.824[0m | [34m[1mDEBUG   [0m | [36mearth2studio.data.utils[0m:[36m_make_local_details[0m:[36m1070[0m - [34m[1mCopying /gcp-public-data-arco-era5/ar/full_37-1h-0p25deg-chunk-1.zarr-v3/v_component_of_wind/926472.0.0.0 to local cache[0m
[32m2026-07-20 10:27:11.030[0m | [34m[1mDEBUG   [0m | [36mearth2studio.data.utils[0m:[36m_make_local_details[0m:[36m1070[0m - [34m[1mCopying /gcp-public-data-arco-era5/ar/full_37-1h-0p25deg-chunk-1.zarr-v3/v_component_of_wind/926478.0.0.0 to local cache[0m
[32m2026-07-20 10:27:11.032[0m | [34m[1mDEBUG   [0m | [36mearth2studio.data.utils[0m:[36m_make_local_details[0m:[36m1070[0m - [34m[1mCopying /gcp-public-data-arco-era5/ar/full_37-1h-0p25deg-chunk-1.zarr-v3/2m_dewpoint_temperature/926478.0.0 to local cache[0m
[32m2026-07-20 10:27:11.039[0m | [34m[1mDEBUG   [0m | [36mearth2studio.data.utils[0m:[36m_make_local_details[0m:[36m1070[0m - [34m[1mCopying /gcp-public-data-arco-era5/ar/full_37-1h-0p25deg-chunk-1.zarr-v3/temperature/926478.0.0.0 to local cache[0m
[32m2026-07-20 10:27:11.040[0m | [34m[1mDEBUG   [0m | [36mearth2studio.data.utils[0m:[36m_make_local_details[0m:[36m1070[0m - [34m[1mCopying /gcp-public-data-arco-era5/ar/full_37-1h-0p25deg-chunk-1.zarr-v3/surface_pressure/926478.0.0 to local cache[0m
[32m2026-07-20 10:27:11.041[0m | [34m[1mDEBUG   [0m | [36mearth2studio.data.utils[0m:[36m_make_local_details[0m:[36m1070[0m - [34m[1mCopying /gcp-public-data-arco-era5/ar/full_37-1h-0p25deg-chunk-1.zarr-v3/vertical_velocity/926478.0.0.0 to local cache[0m
[32m2026-07-20 10:27:11.042[0m | [34m[1mDEBUG   [0m | [36mearth2studio.data.utils[0m:[36m_make_local_details[0m:[36m1070[0m - [34m[1mCopying /gcp-public-data-arco-era5/ar/full_37-1h-0p25deg-chunk-1.zarr-v3/soil_temperature_level_1/926478.0.0 to local cache[0m
[32m2026-07-20 10:27:11.042[0m | [34m[1mDEBUG   [0m | [36mearth2studio.data.utils[0m:[36m_make_local_details[0m:[36m1070[0m - [34m[1mCopying /gcp-public-data-arco-era5/ar/full_37-1h-0p25deg-chunk-1.zarr-v3/skin_temperature/926478.0.0 to local cache[0m
[32m2026-07-20 10:27:11.044[0m | [34m[1mDEBUG   [0m | [36mearth2studio.data.utils[0m:[36m_make_local_details[0m:[36m1070[0m - [34m[1mCopying /gcp-public-data-arco-era5/ar/full_37-1h-0p25deg-chunk-1.zarr-v3/10m_v_component_of_wind/926478.0.0 to local cache[0m
[32m2026-07-20 10:27:11.045[0m | [34m[1mDEBUG   [0m | [36mearth2studio.data.utils[0m:[36m_make_local_details[0m:[36m1070[0m - [34m[1mCopying /gcp-public-data-arco-era5/ar/full_37-1h-0p25deg-chunk-1.zarr-v3/soil_temperature_level_2/926478.0.0 to local cache[0m
[32m2026-07-20 10:27:11.123[0m | [34m[1mDEBUG   [0m | [36mearth2studio.data.utils[0m:[36m_make_local_details[0m:[36m1070[0m - [34m[1mCopying /gcp-public-data-arco-era5/ar/full_37-1h-0p25deg-chunk-1.zarr-v3/specific_humidity/926478.0.0.0 to local cache[0m
[32m2026-07-20 10:27:11.124[0m | [34m[1mDEBUG   [0m | [36mearth2studio.data.utils[0m:[36m_make_local_details[0m:[36m1070[0m - [34m[1mCopying /gcp-public-data-arco-era5/ar/full_37-1h-0p25deg-chunk-1.zarr-v3/geopotential/926478.0.0.0 to local cache[0m
[32m2026-07-20 10:27:11.127[0m | [34m[1mDEBUG   [0m | [36mearth2studio.data.utils[0m:[36m_make_local_details[0m:[36m1070[0m - [34m[1mCopying /gcp-public-data-arco-era5/ar/full_37-1h-0p25deg-chunk-1.zarr-v3/mean_sea_level_pressure/926478.0.0 to local cache[0m
[32m2026-07-20 10:27:11.129[0m | [34m[1mDEBUG   [0m | [36mearth2studio.data.utils[0m:[36m_make_local_details[0m:[36m1070[0m - [34m[1mCopying /gcp-public-data-arco-era5/ar/full_37-1h-0p25deg-chunk-1.zarr-v3/total_column_water/926478.0.0 to local cache[0m
[32m2026-07-20 10:27:11.130[0m | [34m[1mDEBUG   [0m | [36mearth2studio.data.utils[0m:[36m_make_local_details[0m:[36m1070[0m - [34m[1mCopying /gcp-public-data-arco-era5/ar/full_37-1h-0p25deg-chunk-1.zarr-v3/u_component_of_wind/926478.0.0.0 to local cache[0m
[32m2026-07-20 10:27:11.131[0m | [34m[1mDEBUG   [0m | [36mearth2studio.data.utils[0m:[36m_make_local_details[0m:[36m1070[0m - [34m[1mCopying /gcp-public-data-arco-era5/ar/full_37-1h-0p25deg-chunk-1.zarr-v3/10m_u_component_of_wind/926478.0.0 to local cache[0m
[32m2026-07-20 10:27:11.148[0m | [34m[1mDEBUG   [0m | [36mearth2studio.data.utils[0m:[36m_make_local_details[0m:[36m1070[0m - [34m[1mCopying /gcp-public-data-arco-era5/ar/full_37-1h-0p25deg-chunk-1.zarr-v3/volumetric_soil_water_layer_2/926478.0.0 to local cache[0m
[32m2026-07-20 10:27:11.180[0m | [34m[1mDEBUG   [0m | [36mearth2studio.data.utils[0m:[36m_make_local_details[0m:[36m1070[0m - [34m[1mCopying /gcp-public-data-arco-era5/ar/full_37-1h-0p25deg-chunk-1.zarr-v3/2m_temperature/926478.0.0 to local cache[0m
[32m2026-07-20 10:27:11.228[0m | [34m[1mDEBUG   [0m | [36mearth2studio.data.utils[0m:[36m_make_local_details[0m:[36m1070[0m - [34m[1mCopying /gcp-public-data-arco-era5/ar/full_37-1h-0p25deg-chunk-1.zarr-v3/volumetric_soil_water_layer_1/926478.0.0 to local cache[0m
target_step 15: sum=-9.5574e-02
Saved /cluster/projects/nn12107k/robin/earth2studio/aifs_attributions_vestlandet/aifs_ig_attributions_vestlandet_init2005-09-10T06_target2005-09-14T06.nc
Cleaned up temporary input data cache: /cluster/projects/nn12107k/robin/e2s_data_cache_ehr4_fl9
Init: 2005-09-10 12:00:00 -> target valid time 2005-09-14 06:00:00 (15 steps, target_step=14)
[32m2026-07-20 10:32:25.264[0m | [34m[1mDEBUG   [0m | [36mearth2studio.data.utils[0m:[36m_make_local_details[0m:[36m1070[0m - [34m[1mCopying /gcp-public-data-arco-era5/ar/full_37-1h-0p25deg-chunk-1.zarr-v3/.zattrs to local cache[0m
[32m2026-07-20 10:32:26.183[0m | [34m[1mDEBUG   [0m | [36mearth2studio.data.utils[0m:[36m_make_local_details[0m:[36m1070[0m - [34m[1mCopying /gcp-public-data-arco-era5/ar/full_37-1h-0p25deg-chunk-1.zarr-v3/.zgroup to local cache[0m
[32m2026-07-20 10:32:26.260[0m | [34m[1mDEBUG   [0m | [36mearth2studio.data.utils[0m:[36m_make_local_details[0m:[36m1070[0m - [34m[1mCopying /gcp-public-data-arco-era5/ar/full_37-1h-0p25deg-chunk-1.zarr-v3/.zmetadata to local cache[0m
[32m2026-07-20 10:32:26.691[0m | [34m[1mDEBUG   [0m | [36mearth2studio.data.utils[0m:[36m_make_local_details[0m:[36m1070[0m - [34m[1mCopying /gcp-public-data-arco-era5/ar/full_37-1h-0p25deg-chunk-1.zarr-v3/level/0 to local cache[0m
[32m2026-07-20 10:32:27.078[0m | [34m[1mDEBUG   [0m | [36mearth2studio.data.utils[0m:[36m_make_local_details[0m:[36m1070[0m - [34m[1mCopying /gcp-public-data-arco-era5/ar/model-level-1h-0p25deg.zarr-v1/.zattrs to local cache[0m
[32m2026-07-20 10:32:27.418[0m | [34m[1mDEBUG   [0m | [36mearth2studio.data.utils[0m:[36m_make_local_details[0m:[36m1070[0m - [34m[1mCopying /gcp-public-data-arco-era5/ar/model-level-1h-0p25deg.zarr-v1/.zmetadata to local cache[0m
[32m2026-07-20 10:32:27.476[0m | [34m[1mDEBUG   [0m | [36mearth2studio.data.utils[0m:[36m_make_local_details[0m:[36m1070[0m - [34m[1mCopying /gcp-public-data-arco-era5/ar/model-level-1h-0p25deg.zarr-v1/.zgroup to local cache[0m
[32m2026-07-20 10:32:27.904[0m | [34m[1mDEBUG   [0m | [36mearth2studio.data.utils[0m:[36m_make_local_details[0m:[36m1070[0m - [34m[1mCopying /gcp-public-data-arco-era5/ar/model-level-1h-0p25deg.zarr-v1/hybrid/0 to local cache[0m
[32m2026-07-20 10:32:28.236[0m | [34m[1mDEBUG   [0m | [36mearth2studio.data.utils[0m:[36m_make_local_details[0m:[36m1070[0m - [34m[1mCopying /gcp-public-data-arco-era5/ar/full_37-1h-0p25deg-chunk-1.zarr-v3/vertical_velocity/926478.0.0.0 to local cache[0m
[32m2026-07-20 10:32:28.328[0m | [34m[1mDEBUG   [0m | [36mearth2studio.data.utils[0m:[36m_make_local_details[0m:[36m1070[0m - [34m[1mCopying /gcp-public-data-arco-era5/ar/full_37-1h-0p25deg-chunk-1.zarr-v3/2m_dewpoint_temperature/926478.0.0 to local cache[0m
[32m2026-07-20 10:32:28.341[0m | [34m[1mDEBUG   [0m | [36mearth2studio.data.utils[0m:[36m_make_local_details[0m:[36m1070[0m - [34m[1mCopying /gcp-public-data-arco-era5/ar/full_37-1h-0p25deg-chunk-1.zarr-v3/10m_u_component_of_wind/926478.0.0 to local cache[0m
[32m2026-07-20 10:32:28.356[0m | [34m[1mDEBUG   [0m | [36mearth2studio.data.utils[0m:[36m_make_local_details[0m:[36m1070[0m - [34m[1mCopying /gcp-public-data-arco-era5/ar/full_37-1h-0p25deg-chunk-1.zarr-v3/10m_v_component_of_wind/926478.0.0 to local cache[0m
[32m2026-07-20 10:32:28.362[0m | [34m[1mDEBUG   [0m | [36mearth2studio.data.utils[0m:[36m_make_local_details[0m:[36m1070[0m - [34m[1mCopying /gcp-public-data-arco-era5/ar/full_37-1h-0p25deg-chunk-1.zarr-v3/skin_temperature/926478.0.0 to local cache[0m
[32m2026-07-20 10:32:28.363[0m | [34m[1mDEBUG   [0m | [36mearth2studio.data.utils[0m:[36m_make_local_details[0m:[36m1070[0m - [34m[1mCopying /gcp-public-data-arco-era5/ar/full_37-1h-0p25deg-chunk-1.zarr-v3/2m_temperature/926478.0.0 to local cache[0m
[32m2026-07-20 10:32:28.364[0m | [34m[1mDEBUG   [0m | [36mearth2studio.data.utils[0m:[36m_make_local_details[0m:[36m1070[0m - [34m[1mCopying /gcp-public-data-arco-era5/ar/full_37-1h-0p25deg-chunk-1.zarr-v3/volumetric_soil_water_layer_2/926478.0.0 to local cache[0m
[32m2026-07-20 10:32:28.364[0m | [34m[1mDEBUG   [0m | [36mearth2studio.data.utils[0m:[36m_make_local_details[0m:[36m1070[0m - [34m[1mCopying /gcp-public-data-arco-era5/ar/full_37-1h-0p25deg-chunk-1.zarr-v3/v_component_of_wind/926478.0.0.0 to local cache[0m
[32m2026-07-20 10:32:28.367[0m | [34m[1mDEBUG   [0m | [36mearth2studio.data.utils[0m:[36m_make_local_details[0m:[36m1070[0m - [34m[1mCopying /gcp-public-data-arco-era5/ar/full_37-1h-0p25deg-chunk-1.zarr-v3/mean_sea_level_pressure/926478.0.0 to local cache[0m
[32m2026-07-20 10:32:28.367[0m | [34m[1mDEBUG   [0m | [36mearth2studio.data.utils[0m:[36m_make_local_details[0m:[36m1070[0m - [34m[1mCopying /gcp-public-data-arco-era5/ar/full_37-1h-0p25deg-chunk-1.zarr-v3/soil_temperature_level_2/926478.0.0 to local cache[0m
[32m2026-07-20 10:32:28.368[0m | [34m[1mDEBUG   [0m | [36mearth2studio.data.utils[0m:[36m_make_local_details[0m:[36m1070[0m - [34m[1mCopying /gcp-public-data-arco-era5/ar/full_37-1h-0p25deg-chunk-1.zarr-v3/volumetric_soil_water_layer_1/926478.0.0 to local cache[0m
[32m2026-07-20 10:32:28.370[0m | [34m[1mDEBUG   [0m | [36mearth2studio.data.utils[0m:[36m_make_local_details[0m:[36m1070[0m - [34m[1mCopying /gcp-public-data-arco-era5/ar/full_37-1h-0p25deg-chunk-1.zarr-v3/total_column_water/926478.0.0 to local cache[0m
[32m2026-07-20 10:32:28.371[0m | [34m[1mDEBUG   [0m | [36mearth2studio.data.utils[0m:[36m_make_local_details[0m:[36m1070[0m - [34m[1mCopying /gcp-public-data-arco-era5/ar/full_37-1h-0p25deg-chunk-1.zarr-v3/u_component_of_wind/926478.0.0.0 to local cache[0m
[32m2026-07-20 10:32:28.374[0m | [34m[1mDEBUG   [0m | [36mearth2studio.data.utils[0m:[36m_make_local_details[0m:[36m1070[0m - [34m[1mCopying /gcp-public-data-arco-era5/ar/full_37-1h-0p25deg-chunk-1.zarr-v3/surface_pressure/926478.0.0 to local cache[0m
[32m2026-07-20 10:32:28.374[0m | [34m[1mDEBUG   [0m | [36mearth2studio.data.utils[0m:[36m_make_local_details[0m:[36m1070[0m - [34m[1mCopying /gcp-public-data-arco-era5/ar/full_37-1h-0p25deg-chunk-1.zarr-v3/soil_temperature_level_1/926478.0.0 to local cache[0m
[32m2026-07-20 10:32:28.376[0m | [34m[1mDEBUG   [0m | [36mearth2studio.data.utils[0m:[36m_make_local_details[0m:[36m1070[0m - [34m[1mCopying /gcp-public-data-arco-era5/ar/full_37-1h-0p25deg-chunk-1.zarr-v3/geopotential/926478.0.0.0 to local cache[0m
[32m2026-07-20 10:32:28.383[0m | [34m[1mDEBUG   [0m | [36mearth2studio.data.utils[0m:[36m_make_local_details[0m:[36m1070[0m - [34m[1mCopying /gcp-public-data-arco-era5/ar/full_37-1h-0p25deg-chunk-1.zarr-v3/temperature/926478.0.0.0 to local cache[0m
[32m2026-07-20 10:32:28.402[0m | [34m[1mDEBUG   [0m | [36mearth2studio.data.utils[0m:[36m_make_local_details[0m:[36m1070[0m - [34m[1mCopying /gcp-public-data-arco-era5/ar/full_37-1h-0p25deg-chunk-1.zarr-v3/specific_humidity/926478.0.0.0 to local cache[0m
[32m2026-07-20 10:32:34.164[0m | [34m[1mDEBUG   [0m | [36mearth2studio.data.utils[0m:[36m_make_local_details[0m:[36m1070[0m - [34m[1mCopying /gcp-public-data-arco-era5/ar/full_37-1h-0p25deg-chunk-1.zarr-v3/2m_dewpoint_temperature/926484.0.0 to local cache[0m
[32m2026-07-20 10:32:34.168[0m | [34m[1mDEBUG   [0m | [36mearth2studio.data.utils[0m:[36m_make_local_details[0m:[36m1070[0m - [34m[1mCopying /gcp-public-data-arco-era5/ar/full_37-1h-0p25deg-chunk-1.zarr-v3/mean_sea_level_pressure/926484.0.0 to local cache[0m
[32m2026-07-20 10:32:34.170[0m | [34m[1mDEBUG   [0m | [36mearth2studio.data.utils[0m:[36m_make_local_details[0m:[36m1070[0m - [34m[1mCopying /gcp-public-data-arco-era5/ar/full_37-1h-0p25deg-chunk-1.zarr-v3/vertical_velocity/926484.0.0.0 to local cache[0m
[32m2026-07-20 10:32:34.170[0m | [34m[1mDEBUG   [0m | [36mearth2studio.data.utils[0m:[36m_make_local_details[0m:[36m1070[0m - [34m[1mCopying /gcp-public-data-arco-era5/ar/full_37-1h-0p25deg-chunk-1.zarr-v3/2m_temperature/926484.0.0 to local cache[0m
[32m2026-07-20 10:32:34.171[0m | [34m[1mDEBUG   [0m | [36mearth2studio.data.utils[0m:[36m_make_local_details[0m:[36m1070[0m - [34m[1mCopying /gcp-public-data-arco-era5/ar/full_37-1h-0p25deg-chunk-1.zarr-v3/v_component_of_wind/926484.0.0.0 to local cache[0m
[32m2026-07-20 10:32:34.173[0m | [34m[1mDEBUG   [0m | [36mearth2studio.data.utils[0m:[36m_make_local_details[0m:[36m1070[0m - [34m[1mCopying /gcp-public-data-arco-era5/ar/full_37-1h-0p25deg-chunk-1.zarr-v3/temperature/926484.0.0.0 to local cache[0m
[32m2026-07-20 10:32:34.174[0m | [34m[1mDEBUG   [0m | [36mearth2studio.data.utils[0m:[36m_make_local_details[0m:[36m1070[0m - [34m[1mCopying /gcp-public-data-arco-era5/ar/full_37-1h-0p25deg-chunk-1.zarr-v3/soil_temperature_level_2/926484.0.0 to local cache[0m
[32m2026-07-20 10:32:34.174[0m | [34m[1mDEBUG   [0m | [36mearth2studio.data.utils[0m:[36m_make_local_details[0m:[36m1070[0m - [34m[1mCopying /gcp-public-data-arco-era5/ar/full_37-1h-0p25deg-chunk-1.zarr-v3/volumetric_soil_water_layer_2/926484.0.0 to local cache[0m
[32m2026-07-20 10:32:34.177[0m | [34m[1mDEBUG   [0m | [36mearth2studio.data.utils[0m:[36m_make_local_details[0m:[36m1070[0m - [34m[1mCopying /gcp-public-data-arco-era5/ar/full_37-1h-0p25deg-chunk-1.zarr-v3/skin_temperature/926484.0.0 to local cache[0m
[32m2026-07-20 10:32:34.217[0m | [34m[1mDEBUG   [0m | [36mearth2studio.data.utils[0m:[36m_make_local_details[0m:[36m1070[0m - [34m[1mCopying /gcp-public-data-arco-era5/ar/full_37-1h-0p25deg-chunk-1.zarr-v3/specific_humidity/926484.0.0.0 to local cache[0m
[32m2026-07-20 10:32:34.249[0m | [34m[1mDEBUG   [0m | [36mearth2studio.data.utils[0m:[36m_make_local_details[0m:[36m1070[0m - [34m[1mCopying /gcp-public-data-arco-era5/ar/full_37-1h-0p25deg-chunk-1.zarr-v3/u_component_of_wind/926484.0.0.0 to local cache[0m
[32m2026-07-20 10:32:34.254[0m | [34m[1mDEBUG   [0m | [36mearth2studio.data.utils[0m:[36m_make_local_details[0m:[36m1070[0m - [34m[1mCopying /gcp-public-data-arco-era5/ar/full_37-1h-0p25deg-chunk-1.zarr-v3/geopotential/926484.0.0.0 to local cache[0m
[32m2026-07-20 10:32:34.254[0m | [34m[1mDEBUG   [0m | [36mearth2studio.data.utils[0m:[36m_make_local_details[0m:[36m1070[0m - [34m[1mCopying /gcp-public-data-arco-era5/ar/full_37-1h-0p25deg-chunk-1.zarr-v3/soil_temperature_level_1/926484.0.0 to local cache[0m
[32m2026-07-20 10:32:34.271[0m | [34m[1mDEBUG   [0m | [36mearth2studio.data.utils[0m:[36m_make_local_details[0m:[36m1070[0m - [34m[1mCopying /gcp-public-data-arco-era5/ar/full_37-1h-0p25deg-chunk-1.zarr-v3/volumetric_soil_water_layer_1/926484.0.0 to local cache[0m
[32m2026-07-20 10:32:34.276[0m | [34m[1mDEBUG   [0m | [36mearth2studio.data.utils[0m:[36m_make_local_details[0m:[36m1070[0m - [34m[1mCopying /gcp-public-data-arco-era5/ar/full_37-1h-0p25deg-chunk-1.zarr-v3/total_column_water/926484.0.0 to local cache[0m
[32m2026-07-20 10:32:34.277[0m | [34m[1mDEBUG   [0m | [36mearth2studio.data.utils[0m:[36m_make_local_details[0m:[36m1070[0m - [34m[1mCopying /gcp-public-data-arco-era5/ar/full_37-1h-0p25deg-chunk-1.zarr-v3/10m_v_component_of_wind/926484.0.0 to local cache[0m
[32m2026-07-20 10:32:34.280[0m | [34m[1mDEBUG   [0m | [36mearth2studio.data.utils[0m:[36m_make_local_details[0m:[36m1070[0m - [34m[1mCopying /gcp-public-data-arco-era5/ar/full_37-1h-0p25deg-chunk-1.zarr-v3/10m_u_component_of_wind/926484.0.0 to local cache[0m
[32m2026-07-20 10:32:34.314[0m | [34m[1mDEBUG   [0m | [36mearth2studio.data.utils[0m:[36m_make_local_details[0m:[36m1070[0m - [34m[1mCopying /gcp-public-data-arco-era5/ar/full_37-1h-0p25deg-chunk-1.zarr-v3/surface_pressure/926484.0.0 to local cache[0m
target_step 14: sum=-9.5060e-03
Saved /cluster/projects/nn12107k/robin/earth2studio/aifs_attributions_vestlandet/aifs_ig_attributions_vestlandet_init2005-09-10T12_target2005-09-14T06.nc
Cleaned up temporary input data cache: /cluster/projects/nn12107k/robin/e2s_data_cache_w8a1kgtl
Init: 2005-09-10 18:00:00 -> target valid time 2005-09-14 06:00:00 (14 steps, target_step=13)
[32m2026-07-20 10:37:29.576[0m | [34m[1mDEBUG   [0m | [36mearth2studio.data.utils[0m:[36m_make_local_details[0m:[36m1070[0m - [34m[1mCopying /gcp-public-data-arco-era5/ar/full_37-1h-0p25deg-chunk-1.zarr-v3/.zattrs to local cache[0m
[32m2026-07-20 10:37:30.454[0m | [34m[1mDEBUG   [0m | [36mearth2studio.data.utils[0m:[36m_make_local_details[0m:[36m1070[0m - [34m[1mCopying /gcp-public-data-arco-era5/ar/full_37-1h-0p25deg-chunk-1.zarr-v3/.zgroup to local cache[0m
[32m2026-07-20 10:37:30.524[0m | [34m[1mDEBUG   [0m | [36mearth2studio.data.utils[0m:[36m_make_local_details[0m:[36m1070[0m - [34m[1mCopying /gcp-public-data-arco-era5/ar/full_37-1h-0p25deg-chunk-1.zarr-v3/.zmetadata to local cache[0m
[32m2026-07-20 10:37:30.828[0m | [34m[1mDEBUG   [0m | [36mearth2studio.data.utils[0m:[36m_make_local_details[0m:[36m1070[0m - [34m[1mCopying /gcp-public-data-arco-era5/ar/full_37-1h-0p25deg-chunk-1.zarr-v3/level/0 to local cache[0m
[32m2026-07-20 10:37:31.102[0m | [34m[1mDEBUG   [0m | [36mearth2studio.data.utils[0m:[36m_make_local_details[0m:[36m1070[0m - [34m[1mCopying /gcp-public-data-arco-era5/ar/model-level-1h-0p25deg.zarr-v1/.zattrs to local cache[0m
[32m2026-07-20 10:37:31.401[0m | [34m[1mDEBUG   [0m | [36mearth2studio.data.utils[0m:[36m_make_local_details[0m:[36m1070[0m - [34m[1mCopying /gcp-public-data-arco-era5/ar/model-level-1h-0p25deg.zarr-v1/.zmetadata to local cache[0m
[32m2026-07-20 10:37:31.532[0m | [34m[1mDEBUG   [0m | [36mearth2studio.data.utils[0m:[36m_make_local_details[0m:[36m1070[0m - [34m[1mCopying /gcp-public-data-arco-era5/ar/model-level-1h-0p25deg.zarr-v1/.zgroup to local cache[0m
[32m2026-07-20 10:37:31.721[0m | [34m[1mDEBUG   [0m | [36mearth2studio.data.utils[0m:[36m_make_local_details[0m:[36m1070[0m - [34m[1mCopying /gcp-public-data-arco-era5/ar/model-level-1h-0p25deg.zarr-v1/hybrid/0 to local cache[0m
[32m2026-07-20 10:37:31.958[0m | [34m[1mDEBUG   [0m | [36mearth2studio.data.utils[0m:[36m_make_local_details[0m:[36m1070[0m - [34m[1mCopying /gcp-public-data-arco-era5/ar/full_37-1h-0p25deg-chunk-1.zarr-v3/surface_pressure/926484.0.0 to local cache[0m
[32m2026-07-20 10:37:31.961[0m | [34m[1mDEBUG   [0m | [36mearth2studio.data.utils[0m:[36m_make_local_details[0m:[36m1070[0m - [34m[1mCopying /gcp-public-data-arco-era5/ar/full_37-1h-0p25deg-chunk-1.zarr-v3/total_column_water/926484.0.0 to local cache[0m
[32m2026-07-20 10:37:32.032[0m | [34m[1mDEBUG   [0m | [36mearth2studio.data.utils[0m:[36m_make_local_details[0m:[36m1070[0m - [34m[1mCopying /gcp-public-data-arco-era5/ar/full_37-1h-0p25deg-chunk-1.zarr-v3/temperature/926484.0.0.0 to local cache[0m
[32m2026-07-20 10:37:32.036[0m | [34m[1mDEBUG   [0m | [36mearth2studio.data.utils[0m:[36m_make_local_details[0m:[36m1070[0m - [34m[1mCopying /gcp-public-data-arco-era5/ar/full_37-1h-0p25deg-chunk-1.zarr-v3/soil_temperature_level_2/926484.0.0 to local cache[0m
[32m2026-07-20 10:37:32.057[0m | [34m[1mDEBUG   [0m | [36mearth2studio.data.utils[0m:[36m_make_local_details[0m:[36m1070[0m - [34m[1mCopying /gcp-public-data-arco-era5/ar/full_37-1h-0p25deg-chunk-1.zarr-v3/u_component_of_wind/926484.0.0.0 to local cache[0m
[32m2026-07-20 10:37:32.059[0m | [34m[1mDEBUG   [0m | [36mearth2studio.data.utils[0m:[36m_make_local_details[0m:[36m1070[0m - [34m[1mCopying /gcp-public-data-arco-era5/ar/full_37-1h-0p25deg-chunk-1.zarr-v3/10m_u_component_of_wind/926484.0.0 to local cache[0m
[32m2026-07-20 10:37:32.060[0m | [34m[1mDEBUG   [0m | [36mearth2studio.data.utils[0m:[36m_make_local_details[0m:[36m1070[0m - [34m[1mCopying /gcp-public-data-arco-era5/ar/full_37-1h-0p25deg-chunk-1.zarr-v3/volumetric_soil_water_layer_2/926484.0.0 to local cache[0m
[32m2026-07-20 10:37:32.062[0m | [34m[1mDEBUG   [0m | [36mearth2studio.data.utils[0m:[36m_make_local_details[0m:[36m1070[0m - [34m[1mCopying /gcp-public-data-arco-era5/ar/full_37-1h-0p25deg-chunk-1.zarr-v3/10m_v_component_of_wind/926484.0.0 to local cache[0m
[32m2026-07-20 10:37:32.063[0m | [34m[1mDEBUG   [0m | [36mearth2studio.data.utils[0m:[36m_make_local_details[0m:[36m1070[0m - [34m[1mCopying /gcp-public-data-arco-era5/ar/full_37-1h-0p25deg-chunk-1.zarr-v3/v_component_of_wind/926484.0.0.0 to local cache[0m
[32m2026-07-20 10:37:32.064[0m | [34m[1mDEBUG   [0m | [36mearth2studio.data.utils[0m:[36m_make_local_details[0m:[36m1070[0m - [34m[1mCopying /gcp-public-data-arco-era5/ar/full_37-1h-0p25deg-chunk-1.zarr-v3/mean_sea_level_pressure/926484.0.0 to local cache[0m
[32m2026-07-20 10:37:32.065[0m | [34m[1mDEBUG   [0m | [36mearth2studio.data.utils[0m:[36m_make_local_details[0m:[36m1070[0m - [34m[1mCopying /gcp-public-data-arco-era5/ar/full_37-1h-0p25deg-chunk-1.zarr-v3/soil_temperature_level_1/926484.0.0 to local cache[0m
[32m2026-07-20 10:37:32.067[0m | [34m[1mDEBUG   [0m | [36mearth2studio.data.utils[0m:[36m_make_local_details[0m:[36m1070[0m - [34m[1mCopying /gcp-public-data-arco-era5/ar/full_37-1h-0p25deg-chunk-1.zarr-v3/vertical_velocity/926484.0.0.0 to local cache[0m
[32m2026-07-20 10:37:32.067[0m | [34m[1mDEBUG   [0m | [36mearth2studio.data.utils[0m:[36m_make_local_details[0m:[36m1070[0m - [34m[1mCopying /gcp-public-data-arco-era5/ar/full_37-1h-0p25deg-chunk-1.zarr-v3/2m_dewpoint_temperature/926484.0.0 to local cache[0m
[32m2026-07-20 10:37:32.071[0m | [34m[1mDEBUG   [0m | [36mearth2studio.data.utils[0m:[36m_make_local_details[0m:[36m1070[0m - [34m[1mCopying /gcp-public-data-arco-era5/ar/full_37-1h-0p25deg-chunk-1.zarr-v3/volumetric_soil_water_layer_1/926484.0.0 to local cache[0m
[32m2026-07-20 10:37:32.072[0m | [34m[1mDEBUG   [0m | [36mearth2studio.data.utils[0m:[36m_make_local_details[0m:[36m1070[0m - [34m[1mCopying /gcp-public-data-arco-era5/ar/full_37-1h-0p25deg-chunk-1.zarr-v3/geopotential/926484.0.0.0 to local cache[0m
[32m2026-07-20 10:37:32.073[0m | [34m[1mDEBUG   [0m | [36mearth2studio.data.utils[0m:[36m_make_local_details[0m:[36m1070[0m - [34m[1mCopying /gcp-public-data-arco-era5/ar/full_37-1h-0p25deg-chunk-1.zarr-v3/2m_temperature/926484.0.0 to local cache[0m
[32m2026-07-20 10:37:32.076[0m | [34m[1mDEBUG   [0m | [36mearth2studio.data.utils[0m:[36m_make_local_details[0m:[36m1070[0m - [34m[1mCopying /gcp-public-data-arco-era5/ar/full_37-1h-0p25deg-chunk-1.zarr-v3/specific_humidity/926484.0.0.0 to local cache[0m
[32m2026-07-20 10:37:32.125[0m | [34m[1mDEBUG   [0m | [36mearth2studio.data.utils[0m:[36m_make_local_details[0m:[36m1070[0m - [34m[1mCopying /gcp-public-data-arco-era5/ar/full_37-1h-0p25deg-chunk-1.zarr-v3/skin_temperature/926484.0.0 to local cache[0m
[32m2026-07-20 10:37:37.015[0m | [34m[1mDEBUG   [0m | [36mearth2studio.data.utils[0m:[36m_make_local_details[0m:[36m1070[0m - [34m[1mCopying /gcp-public-data-arco-era5/ar/full_37-1h-0p25deg-chunk-1.zarr-v3/skin_temperature/926490.0.0 to local cache[0m
[32m2026-07-20 10:37:37.016[0m | [34m[1mDEBUG   [0m | [36mearth2studio.data.utils[0m:[36m_make_local_details[0m:[36m1070[0m - [34m[1mCopying /gcp-public-data-arco-era5/ar/full_37-1h-0p25deg-chunk-1.zarr-v3/specific_humidity/926490.0.0.0 to local cache[0m
[32m2026-07-20 10:37:37.018[0m | [34m[1mDEBUG   [0m | [36mearth2studio.data.utils[0m:[36m_make_local_details[0m:[36m1070[0m - [34m[1mCopying /gcp-public-data-arco-era5/ar/full_37-1h-0p25deg-chunk-1.zarr-v3/temperature/926490.0.0.0 to local cache[0m
[32m2026-07-20 10:37:37.018[0m | [34m[1mDEBUG   [0m | [36mearth2studio.data.utils[0m:[36m_make_local_details[0m:[36m1070[0m - [34m[1mCopying /gcp-public-data-arco-era5/ar/full_37-1h-0p25deg-chunk-1.zarr-v3/v_component_of_wind/926490.0.0.0 to local cache[0m
[32m2026-07-20 10:37:37.019[0m | [34m[1mDEBUG   [0m | [36mearth2studio.data.utils[0m:[36m_make_local_details[0m:[36m1070[0m - [34m[1mCopying /gcp-public-data-arco-era5/ar/full_37-1h-0p25deg-chunk-1.zarr-v3/u_component_of_wind/926490.0.0.0 to local cache[0m
[32m2026-07-20 10:37:37.020[0m | [34m[1mDEBUG   [0m | [36mearth2studio.data.utils[0m:[36m_make_local_details[0m:[36m1070[0m - [34m[1mCopying /gcp-public-data-arco-era5/ar/full_37-1h-0p25deg-chunk-1.zarr-v3/soil_temperature_level_2/926490.0.0 to local cache[0m
[32m2026-07-20 10:37:37.023[0m | [34m[1mDEBUG   [0m | [36mearth2studio.data.utils[0m:[36m_make_local_details[0m:[36m1070[0m - [34m[1mCopying /gcp-public-data-arco-era5/ar/full_37-1h-0p25deg-chunk-1.zarr-v3/10m_v_component_of_wind/926490.0.0 to local cache[0m
[32m2026-07-20 10:37:37.023[0m | [34m[1mDEBUG   [0m | [36mearth2studio.data.utils[0m:[36m_make_local_details[0m:[36m1070[0m - [34m[1mCopying /gcp-public-data-arco-era5/ar/full_37-1h-0p25deg-chunk-1.zarr-v3/volumetric_soil_water_layer_1/926490.0.0 to local cache[0m
[32m2026-07-20 10:37:37.024[0m | [34m[1mDEBUG   [0m | [36mearth2studio.data.utils[0m:[36m_make_local_details[0m:[36m1070[0m - [34m[1mCopying /gcp-public-data-arco-era5/ar/full_37-1h-0p25deg-chunk-1.zarr-v3/2m_temperature/926490.0.0 to local cache[0m
[32m2026-07-20 10:37:37.027[0m | [34m[1mDEBUG   [0m | [36mearth2studio.data.utils[0m:[36m_make_local_details[0m:[36m1070[0m - [34m[1mCopying /gcp-public-data-arco-era5/ar/full_37-1h-0p25deg-chunk-1.zarr-v3/soil_temperature_level_1/926490.0.0 to local cache[0m
[32m2026-07-20 10:37:37.088[0m | [34m[1mDEBUG   [0m | [36mearth2studio.data.utils[0m:[36m_make_local_details[0m:[36m1070[0m - [34m[1mCopying /gcp-public-data-arco-era5/ar/full_37-1h-0p25deg-chunk-1.zarr-v3/total_column_water/926490.0.0 to local cache[0m
[32m2026-07-20 10:37:37.108[0m | [34m[1mDEBUG   [0m | [36mearth2studio.data.utils[0m:[36m_make_local_details[0m:[36m1070[0m - [34m[1mCopying /gcp-public-data-arco-era5/ar/full_37-1h-0p25deg-chunk-1.zarr-v3/surface_pressure/926490.0.0 to local cache[0m
[32m2026-07-20 10:37:37.109[0m | [34m[1mDEBUG   [0m | [36mearth2studio.data.utils[0m:[36m_make_local_details[0m:[36m1070[0m - [34m[1mCopying /gcp-public-data-arco-era5/ar/full_37-1h-0p25deg-chunk-1.zarr-v3/geopotential/926490.0.0.0 to local cache[0m
[32m2026-07-20 10:37:37.112[0m | [34m[1mDEBUG   [0m | [36mearth2studio.data.utils[0m:[36m_make_local_details[0m:[36m1070[0m - [34m[1mCopying /gcp-public-data-arco-era5/ar/full_37-1h-0p25deg-chunk-1.zarr-v3/mean_sea_level_pressure/926490.0.0 to local cache[0m
[32m2026-07-20 10:37:37.114[0m | [34m[1mDEBUG   [0m | [36mearth2studio.data.utils[0m:[36m_make_local_details[0m:[36m1070[0m - [34m[1mCopying /gcp-public-data-arco-era5/ar/full_37-1h-0p25deg-chunk-1.zarr-v3/vertical_velocity/926490.0.0.0 to local cache[0m
[32m2026-07-20 10:37:37.114[0m | [34m[1mDEBUG   [0m | [36mearth2studio.data.utils[0m:[36m_make_local_details[0m:[36m1070[0m - [34m[1mCopying /gcp-public-data-arco-era5/ar/full_37-1h-0p25deg-chunk-1.zarr-v3/2m_dewpoint_temperature/926490.0.0 to local cache[0m
[32m2026-07-20 10:37:37.116[0m | [34m[1mDEBUG   [0m | [36mearth2studio.data.utils[0m:[36m_make_local_details[0m:[36m1070[0m - [34m[1mCopying /gcp-public-data-arco-era5/ar/full_37-1h-0p25deg-chunk-1.zarr-v3/volumetric_soil_water_layer_2/926490.0.0 to local cache[0m
[32m2026-07-20 10:37:37.118[0m | [34m[1mDEBUG   [0m | [36mearth2studio.data.utils[0m:[36m_make_local_details[0m:[36m1070[0m - [34m[1mCopying /gcp-public-data-arco-era5/ar/full_37-1h-0p25deg-chunk-1.zarr-v3/10m_u_component_of_wind/926490.0.0 to local cache[0m
target_step 13: sum=-2.8136e-02
Saved /cluster/projects/nn12107k/robin/earth2studio/aifs_attributions_vestlandet/aifs_ig_attributions_vestlandet_init2005-09-10T18_target2005-09-14T06.nc
Cleaned up temporary input data cache: /cluster/projects/nn12107k/robin/e2s_data_cache_fyfnmtcu
Init: 2005-09-11 00:00:00 -> target valid time 2005-09-14 06:00:00 (13 steps, target_step=12)
[32m2026-07-20 10:42:13.502[0m | [34m[1mDEBUG   [0m | [36mearth2studio.data.utils[0m:[36m_make_local_details[0m:[36m1070[0m - [34m[1mCopying /gcp-public-data-arco-era5/ar/full_37-1h-0p25deg-chunk-1.zarr-v3/.zattrs to local cache[0m
[32m2026-07-20 10:42:14.447[0m | [34m[1mDEBUG   [0m | [36mearth2studio.data.utils[0m:[36m_make_local_details[0m:[36m1070[0m - [34m[1mCopying /gcp-public-data-arco-era5/ar/full_37-1h-0p25deg-chunk-1.zarr-v3/.zgroup to local cache[0m
[32m2026-07-20 10:42:14.520[0m | [34m[1mDEBUG   [0m | [36mearth2studio.data.utils[0m:[36m_make_local_details[0m:[36m1070[0m - [34m[1mCopying /gcp-public-data-arco-era5/ar/full_37-1h-0p25deg-chunk-1.zarr-v3/.zmetadata to local cache[0m
[32m2026-07-20 10:42:14.832[0m | [34m[1mDEBUG   [0m | [36mearth2studio.data.utils[0m:[36m_make_local_details[0m:[36m1070[0m - [34m[1mCopying /gcp-public-data-arco-era5/ar/full_37-1h-0p25deg-chunk-1.zarr-v3/level/0 to local cache[0m
[32m2026-07-20 10:42:15.102[0m | [34m[1mDEBUG   [0m | [36mearth2studio.data.utils[0m:[36m_make_local_details[0m:[36m1070[0m - [34m[1mCopying /gcp-public-data-arco-era5/ar/model-level-1h-0p25deg.zarr-v1/.zattrs to local cache[0m
[32m2026-07-20 10:42:15.412[0m | [34m[1mDEBUG   [0m | [36mearth2studio.data.utils[0m:[36m_make_local_details[0m:[36m1070[0m - [34m[1mCopying /gcp-public-data-arco-era5/ar/model-level-1h-0p25deg.zarr-v1/.zgroup to local cache[0m
[32m2026-07-20 10:42:15.518[0m | [34m[1mDEBUG   [0m | [36mearth2studio.data.utils[0m:[36m_make_local_details[0m:[36m1070[0m - [34m[1mCopying /gcp-public-data-arco-era5/ar/model-level-1h-0p25deg.zarr-v1/.zmetadata to local cache[0m
[32m2026-07-20 10:42:15.742[0m | [34m[1mDEBUG   [0m | [36mearth2studio.data.utils[0m:[36m_make_local_details[0m:[36m1070[0m - [34m[1mCopying /gcp-public-data-arco-era5/ar/model-level-1h-0p25deg.zarr-v1/hybrid/0 to local cache[0m
[32m2026-07-20 10:42:15.979[0m | [34m[1mDEBUG   [0m | [36mearth2studio.data.utils[0m:[36m_make_local_details[0m:[36m1070[0m - [34m[1mCopying /gcp-public-data-arco-era5/ar/full_37-1h-0p25deg-chunk-1.zarr-v3/v_component_of_wind/926490.0.0.0 to local cache[0m
[32m2026-07-20 10:42:15.997[0m | [34m[1mDEBUG   [0m | [36mearth2studio.data.utils[0m:[36m_make_local_details[0m:[36m1070[0m - [34m[1mCopying /gcp-public-data-arco-era5/ar/full_37-1h-0p25deg-chunk-1.zarr-v3/geopotential/926490.0.0.0 to local cache[0m
[32m2026-07-20 10:42:16.065[0m | [34m[1mDEBUG   [0m | [36mearth2studio.data.utils[0m:[36m_make_local_details[0m:[36m1070[0m - [34m[1mCopying /gcp-public-data-arco-era5/ar/full_37-1h-0p25deg-chunk-1.zarr-v3/specific_humidity/926490.0.0.0 to local cache[0m
[32m2026-07-20 10:42:16.066[0m | [34m[1mDEBUG   [0m | [36mearth2studio.data.utils[0m:[36m_make_local_details[0m:[36m1070[0m - [34m[1mCopying /gcp-public-data-arco-era5/ar/full_37-1h-0p25deg-chunk-1.zarr-v3/temperature/926490.0.0.0 to local cache[0m
[32m2026-07-20 10:42:16.072[0m | [34m[1mDEBUG   [0m | [36mearth2studio.data.utils[0m:[36m_make_local_details[0m:[36m1070[0m - [34m[1mCopying /gcp-public-data-arco-era5/ar/full_37-1h-0p25deg-chunk-1.zarr-v3/total_column_water/926490.0.0 to local cache[0m
[32m2026-07-20 10:42:16.083[0m | [34m[1mDEBUG   [0m | [36mearth2studio.data.utils[0m:[36m_make_local_details[0m:[36m1070[0m - [34m[1mCopying /gcp-public-data-arco-era5/ar/full_37-1h-0p25deg-chunk-1.zarr-v3/2m_dewpoint_temperature/926490.0.0 to local cache[0m
[32m2026-07-20 10:42:16.086[0m | [34m[1mDEBUG   [0m | [36mearth2studio.data.utils[0m:[36m_make_local_details[0m:[36m1070[0m - [34m[1mCopying /gcp-public-data-arco-era5/ar/full_37-1h-0p25deg-chunk-1.zarr-v3/skin_temperature/926490.0.0 to local cache[0m
[32m2026-07-20 10:42:16.088[0m | [34m[1mDEBUG   [0m | [36mearth2studio.data.utils[0m:[36m_make_local_details[0m:[36m1070[0m - [34m[1mCopying /gcp-public-data-arco-era5/ar/full_37-1h-0p25deg-chunk-1.zarr-v3/u_component_of_wind/926490.0.0.0 to local cache[0m
[32m2026-07-20 10:42:16.089[0m | [34m[1mDEBUG   [0m | [36mearth2studio.data.utils[0m:[36m_make_local_details[0m:[36m1070[0m - [34m[1mCopying /gcp-public-data-arco-era5/ar/full_37-1h-0p25deg-chunk-1.zarr-v3/soil_temperature_level_2/926490.0.0 to local cache[0m
[32m2026-07-20 10:42:16.091[0m | [34m[1mDEBUG   [0m | [36mearth2studio.data.utils[0m:[36m_make_local_details[0m:[36m1070[0m - [34m[1mCopying /gcp-public-data-arco-era5/ar/full_37-1h-0p25deg-chunk-1.zarr-v3/surface_pressure/926490.0.0 to local cache[0m
[32m2026-07-20 10:42:16.091[0m | [34m[1mDEBUG   [0m | [36mearth2studio.data.utils[0m:[36m_make_local_details[0m:[36m1070[0m - [34m[1mCopying /gcp-public-data-arco-era5/ar/full_37-1h-0p25deg-chunk-1.zarr-v3/volumetric_soil_water_layer_1/926490.0.0 to local cache[0m
[32m2026-07-20 10:42:16.091[0m | [34m[1mDEBUG   [0m | [36mearth2studio.data.utils[0m:[36m_make_local_details[0m:[36m1070[0m - [34m[1mCopying /gcp-public-data-arco-era5/ar/full_37-1h-0p25deg-chunk-1.zarr-v3/vertical_velocity/926490.0.0.0 to local cache[0m
[32m2026-07-20 10:42:16.092[0m | [34m[1mDEBUG   [0m | [36mearth2studio.data.utils[0m:[36m_make_local_details[0m:[36m1070[0m - [34m[1mCopying /gcp-public-data-arco-era5/ar/full_37-1h-0p25deg-chunk-1.zarr-v3/volumetric_soil_water_layer_2/926490.0.0 to local cache[0m
[32m2026-07-20 10:42:16.095[0m | [34m[1mDEBUG   [0m | [36mearth2studio.data.utils[0m:[36m_make_local_details[0m:[36m1070[0m - [34m[1mCopying /gcp-public-data-arco-era5/ar/full_37-1h-0p25deg-chunk-1.zarr-v3/mean_sea_level_pressure/926490.0.0 to local cache[0m
[32m2026-07-20 10:42:16.133[0m | [34m[1mDEBUG   [0m | [36mearth2studio.data.utils[0m:[36m_make_local_details[0m:[36m1070[0m - [34m[1mCopying /gcp-public-data-arco-era5/ar/full_37-1h-0p25deg-chunk-1.zarr-v3/10m_v_component_of_wind/926490.0.0 to local cache[0m
[32m2026-07-20 10:42:16.138[0m | [34m[1mDEBUG   [0m | [36mearth2studio.data.utils[0m:[36m_make_local_details[0m:[36m1070[0m - [34m[1mCopying /gcp-public-data-arco-era5/ar/full_37-1h-0p25deg-chunk-1.zarr-v3/2m_temperature/926490.0.0 to local cache[0m
[32m2026-07-20 10:42:16.150[0m | [34m[1mDEBUG   [0m | [36mearth2studio.data.utils[0m:[36m_make_local_details[0m:[36m1070[0m - [34m[1mCopying /gcp-public-data-arco-era5/ar/full_37-1h-0p25deg-chunk-1.zarr-v3/soil_temperature_level_1/926490.0.0 to local cache[0m
[32m2026-07-20 10:42:16.151[0m | [34m[1mDEBUG   [0m | [36mearth2studio.data.utils[0m:[36m_make_local_details[0m:[36m1070[0m - [34m[1mCopying /gcp-public-data-arco-era5/ar/full_37-1h-0p25deg-chunk-1.zarr-v3/10m_u_component_of_wind/926490.0.0 to local cache[0m
[32m2026-07-20 10:42:21.296[0m | [34m[1mDEBUG   [0m | [36mearth2studio.data.utils[0m:[36m_make_local_details[0m:[36m1070[0m - [34m[1mCopying /gcp-public-data-arco-era5/ar/full_37-1h-0p25deg-chunk-1.zarr-v3/volumetric_soil_water_layer_2/926496.0.0 to local cache[0m
[32m2026-07-20 10:42:21.297[0m | [34m[1mDEBUG   [0m | [36mearth2studio.data.utils[0m:[36m_make_local_details[0m:[36m1070[0m - [34m[1mCopying /gcp-public-data-arco-era5/ar/full_37-1h-0p25deg-chunk-1.zarr-v3/geopotential/926496.0.0.0 to local cache[0m
[32m2026-07-20 10:42:21.299[0m | [34m[1mDEBUG   [0m | [36mearth2studio.data.utils[0m:[36m_make_local_details[0m:[36m1070[0m - [34m[1mCopying /gcp-public-data-arco-era5/ar/full_37-1h-0p25deg-chunk-1.zarr-v3/skin_temperature/926496.0.0 to local cache[0m
[32m2026-07-20 10:42:21.299[0m | [34m[1mDEBUG   [0m | [36mearth2studio.data.utils[0m:[36m_make_local_details[0m:[36m1070[0m - [34m[1mCopying /gcp-public-data-arco-era5/ar/full_37-1h-0p25deg-chunk-1.zarr-v3/surface_pressure/926496.0.0 to local cache[0m
[32m2026-07-20 10:42:21.301[0m | [34m[1mDEBUG   [0m | [36mearth2studio.data.utils[0m:[36m_make_local_details[0m:[36m1070[0m - [34m[1mCopying /gcp-public-data-arco-era5/ar/full_37-1h-0p25deg-chunk-1.zarr-v3/10m_u_component_of_wind/926496.0.0 to local cache[0m
[32m2026-07-20 10:42:21.302[0m | [34m[1mDEBUG   [0m | [36mearth2studio.data.utils[0m:[36m_make_local_details[0m:[36m1070[0m - [34m[1mCopying /gcp-public-data-arco-era5/ar/full_37-1h-0p25deg-chunk-1.zarr-v3/total_column_water/926496.0.0 to local cache[0m
[32m2026-07-20 10:42:21.304[0m | [34m[1mDEBUG   [0m | [36mearth2studio.data.utils[0m:[36m_make_local_details[0m:[36m1070[0m - [34m[1mCopying /gcp-public-data-arco-era5/ar/full_37-1h-0p25deg-chunk-1.zarr-v3/v_component_of_wind/926496.0.0.0 to local cache[0m
[32m2026-07-20 10:42:21.305[0m | [34m[1mDEBUG   [0m | [36mearth2studio.data.utils[0m:[36m_make_local_details[0m:[36m1070[0m - [34m[1mCopying /gcp-public-data-arco-era5/ar/full_37-1h-0p25deg-chunk-1.zarr-v3/vertical_velocity/926496.0.0.0 to local cache[0m
[32m2026-07-20 10:42:21.307[0m | [34m[1mDEBUG   [0m | [36mearth2studio.data.utils[0m:[36m_make_local_details[0m:[36m1070[0m - [34m[1mCopying /gcp-public-data-arco-era5/ar/full_37-1h-0p25deg-chunk-1.zarr-v3/temperature/926496.0.0.0 to local cache[0m
[32m2026-07-20 10:42:21.379[0m | [34m[1mDEBUG   [0m | [36mearth2studio.data.utils[0m:[36m_make_local_details[0m:[36m1070[0m - [34m[1mCopying /gcp-public-data-arco-era5/ar/full_37-1h-0p25deg-chunk-1.zarr-v3/volumetric_soil_water_layer_1/926496.0.0 to local cache[0m
[32m2026-07-20 10:42:21.385[0m | [34m[1mDEBUG   [0m | [36mearth2studio.data.utils[0m:[36m_make_local_details[0m:[36m1070[0m - [34m[1mCopying /gcp-public-data-arco-era5/ar/full_37-1h-0p25deg-chunk-1.zarr-v3/soil_temperature_level_2/926496.0.0 to local cache[0m
[32m2026-07-20 10:42:21.391[0m | [34m[1mDEBUG   [0m | [36mearth2studio.data.utils[0m:[36m_make_local_details[0m:[36m1070[0m - [34m[1mCopying /gcp-public-data-arco-era5/ar/full_37-1h-0p25deg-chunk-1.zarr-v3/10m_v_component_of_wind/926496.0.0 to local cache[0m
[32m2026-07-20 10:42:21.393[0m | [34m[1mDEBUG   [0m | [36mearth2studio.data.utils[0m:[36m_make_local_details[0m:[36m1070[0m - [34m[1mCopying /gcp-public-data-arco-era5/ar/full_37-1h-0p25deg-chunk-1.zarr-v3/soil_temperature_level_1/926496.0.0 to local cache[0m
[32m2026-07-20 10:42:21.395[0m | [34m[1mDEBUG   [0m | [36mearth2studio.data.utils[0m:[36m_make_local_details[0m:[36m1070[0m - [34m[1mCopying /gcp-public-data-arco-era5/ar/full_37-1h-0p25deg-chunk-1.zarr-v3/2m_temperature/926496.0.0 to local cache[0m
[32m2026-07-20 10:42:21.397[0m | [34m[1mDEBUG   [0m | [36mearth2studio.data.utils[0m:[36m_make_local_details[0m:[36m1070[0m - [34m[1mCopying /gcp-public-data-arco-era5/ar/full_37-1h-0p25deg-chunk-1.zarr-v3/2m_dewpoint_temperature/926496.0.0 to local cache[0m
[32m2026-07-20 10:42:21.402[0m | [34m[1mDEBUG   [0m | [36mearth2studio.data.utils[0m:[36m_make_local_details[0m:[36m1070[0m - [34m[1mCopying /gcp-public-data-arco-era5/ar/full_37-1h-0p25deg-chunk-1.zarr-v3/mean_sea_level_pressure/926496.0.0 to local cache[0m
[32m2026-07-20 10:42:21.404[0m | [34m[1mDEBUG   [0m | [36mearth2studio.data.utils[0m:[36m_make_local_details[0m:[36m1070[0m - [34m[1mCopying /gcp-public-data-arco-era5/ar/full_37-1h-0p25deg-chunk-1.zarr-v3/u_component_of_wind/926496.0.0.0 to local cache[0m
[32m2026-07-20 10:42:21.407[0m | [34m[1mDEBUG   [0m | [36mearth2studio.data.utils[0m:[36m_make_local_details[0m:[36m1070[0m - [34m[1mCopying /gcp-public-data-arco-era5/ar/full_37-1h-0p25deg-chunk-1.zarr-v3/specific_humidity/926496.0.0.0 to local cache[0m
target_step 12: sum=1.4167e-03
Saved /cluster/projects/nn12107k/robin/earth2studio/aifs_attributions_vestlandet/aifs_ig_attributions_vestlandet_init2005-09-11T00_target2005-09-14T06.nc
Cleaned up temporary input data cache: /cluster/projects/nn12107k/robin/e2s_data_cache_hnn8w420
Init: 2005-09-11 06:00:00 -> target valid time 2005-09-14 06:00:00 (12 steps, target_step=11)
[32m2026-07-20 10:46:38.016[0m | [34m[1mDEBUG   [0m | [36mearth2studio.data.utils[0m:[36m_make_local_details[0m:[36m1070[0m - [34m[1mCopying /gcp-public-data-arco-era5/ar/full_37-1h-0p25deg-chunk-1.zarr-v3/.zattrs to local cache[0m
[32m2026-07-20 10:46:38.944[0m | [34m[1mDEBUG   [0m | [36mearth2studio.data.utils[0m:[36m_make_local_details[0m:[36m1070[0m - [34m[1mCopying /gcp-public-data-arco-era5/ar/full_37-1h-0p25deg-chunk-1.zarr-v3/.zgroup to local cache[0m
[32m2026-07-20 10:46:39.017[0m | [34m[1mDEBUG   [0m | [36mearth2studio.data.utils[0m:[36m_make_local_details[0m:[36m1070[0m - [34m[1mCopying /gcp-public-data-arco-era5/ar/full_37-1h-0p25deg-chunk-1.zarr-v3/.zmetadata to local cache[0m
[32m2026-07-20 10:46:39.332[0m | [34m[1mDEBUG   [0m | [36mearth2studio.data.utils[0m:[36m_make_local_details[0m:[36m1070[0m - [34m[1mCopying /gcp-public-data-arco-era5/ar/full_37-1h-0p25deg-chunk-1.zarr-v3/level/0 to local cache[0m
[32m2026-07-20 10:46:39.605[0m | [34m[1mDEBUG   [0m | [36mearth2studio.data.utils[0m:[36m_make_local_details[0m:[36m1070[0m - [34m[1mCopying /gcp-public-data-arco-era5/ar/model-level-1h-0p25deg.zarr-v1/.zattrs to local cache[0m
[32m2026-07-20 10:46:39.929[0m | [34m[1mDEBUG   [0m | [36mearth2studio.data.utils[0m:[36m_make_local_details[0m:[36m1070[0m - [34m[1mCopying /gcp-public-data-arco-era5/ar/model-level-1h-0p25deg.zarr-v1/.zmetadata to local cache[0m
[32m2026-07-20 10:46:39.930[0m | [34m[1mDEBUG   [0m | [36mearth2studio.data.utils[0m:[36m_make_local_details[0m:[36m1070[0m - [34m[1mCopying /gcp-public-data-arco-era5/ar/model-level-1h-0p25deg.zarr-v1/.zgroup to local cache[0m
[32m2026-07-20 10:46:40.238[0m | [34m[1mDEBUG   [0m | [36mearth2studio.data.utils[0m:[36m_make_local_details[0m:[36m1070[0m - [34m[1mCopying /gcp-public-data-arco-era5/ar/model-level-1h-0p25deg.zarr-v1/hybrid/0 to local cache[0m
[32m2026-07-20 10:46:40.470[0m | [34m[1mDEBUG   [0m | [36mearth2studio.data.utils[0m:[36m_make_local_details[0m:[36m1070[0m - [34m[1mCopying /gcp-public-data-arco-era5/ar/full_37-1h-0p25deg-chunk-1.zarr-v3/2m_temperature/926496.0.0 to local cache[0m
[32m2026-07-20 10:46:40.480[0m | [34m[1mDEBUG   [0m | [36mearth2studio.data.utils[0m:[36m_make_local_details[0m:[36m1070[0m - [34m[1mCopying /gcp-public-data-arco-era5/ar/full_37-1h-0p25deg-chunk-1.zarr-v3/temperature/926496.0.0.0 to local cache[0m
[32m2026-07-20 10:46:40.565[0m | [34m[1mDEBUG   [0m | [36mearth2studio.data.utils[0m:[36m_make_local_details[0m:[36m1070[0m - [34m[1mCopying /gcp-public-data-arco-era5/ar/full_37-1h-0p25deg-chunk-1.zarr-v3/geopotential/926496.0.0.0 to local cache[0m
[32m2026-07-20 10:46:40.570[0m | [34m[1mDEBUG   [0m | [36mearth2studio.data.utils[0m:[36m_make_local_details[0m:[36m1070[0m - [34m[1mCopying /gcp-public-data-arco-era5/ar/full_37-1h-0p25deg-chunk-1.zarr-v3/10m_v_component_of_wind/926496.0.0 to local cache[0m
[32m2026-07-20 10:46:40.572[0m | [34m[1mDEBUG   [0m | [36mearth2studio.data.utils[0m:[36m_make_local_details[0m:[36m1070[0m - [34m[1mCopying /gcp-public-data-arco-era5/ar/full_37-1h-0p25deg-chunk-1.zarr-v3/2m_dewpoint_temperature/926496.0.0 to local cache[0m
[32m2026-07-20 10:46:40.573[0m | [34m[1mDEBUG   [0m | [36mearth2studio.data.utils[0m:[36m_make_local_details[0m:[36m1070[0m - [34m[1mCopying /gcp-public-data-arco-era5/ar/full_37-1h-0p25deg-chunk-1.zarr-v3/skin_temperature/926496.0.0 to local cache[0m
[32m2026-07-20 10:46:40.573[0m | [34m[1mDEBUG   [0m | [36mearth2studio.data.utils[0m:[36m_make_local_details[0m:[36m1070[0m - [34m[1mCopying /gcp-public-data-arco-era5/ar/full_37-1h-0p25deg-chunk-1.zarr-v3/soil_temperature_level_2/926496.0.0 to local cache[0m
[32m2026-07-20 10:46:40.574[0m | [34m[1mDEBUG   [0m | [36mearth2studio.data.utils[0m:[36m_make_local_details[0m:[36m1070[0m - [34m[1mCopying /gcp-public-data-arco-era5/ar/full_37-1h-0p25deg-chunk-1.zarr-v3/mean_sea_level_pressure/926496.0.0 to local cache[0m
[32m2026-07-20 10:46:40.576[0m | [34m[1mDEBUG   [0m | [36mearth2studio.data.utils[0m:[36m_make_local_details[0m:[36m1070[0m - [34m[1mCopying /gcp-public-data-arco-era5/ar/full_37-1h-0p25deg-chunk-1.zarr-v3/soil_temperature_level_1/926496.0.0 to local cache[0m
[32m2026-07-20 10:46:40.578[0m | [34m[1mDEBUG   [0m | [36mearth2studio.data.utils[0m:[36m_make_local_details[0m:[36m1070[0m - [34m[1mCopying /gcp-public-data-arco-era5/ar/full_37-1h-0p25deg-chunk-1.zarr-v3/vertical_velocity/926496.0.0.0 to local cache[0m
[32m2026-07-20 10:46:40.579[0m | [34m[1mDEBUG   [0m | [36mearth2studio.data.utils[0m:[36m_make_local_details[0m:[36m1070[0m - [34m[1mCopying /gcp-public-data-arco-era5/ar/full_37-1h-0p25deg-chunk-1.zarr-v3/volumetric_soil_water_layer_2/926496.0.0 to local cache[0m
[32m2026-07-20 10:46:40.579[0m | [34m[1mDEBUG   [0m | [36mearth2studio.data.utils[0m:[36m_make_local_details[0m:[36m1070[0m - [34m[1mCopying /gcp-public-data-arco-era5/ar/full_37-1h-0p25deg-chunk-1.zarr-v3/volumetric_soil_water_layer_1/926496.0.0 to local cache[0m
[32m2026-07-20 10:46:40.580[0m | [34m[1mDEBUG   [0m | [36mearth2studio.data.utils[0m:[36m_make_local_details[0m:[36m1070[0m - [34m[1mCopying /gcp-public-data-arco-era5/ar/full_37-1h-0p25deg-chunk-1.zarr-v3/10m_u_component_of_wind/926496.0.0 to local cache[0m
[32m2026-07-20 10:46:40.582[0m | [34m[1mDEBUG   [0m | [36mearth2studio.data.utils[0m:[36m_make_local_details[0m:[36m1070[0m - [34m[1mCopying /gcp-public-data-arco-era5/ar/full_37-1h-0p25deg-chunk-1.zarr-v3/total_column_water/926496.0.0 to local cache[0m
[32m2026-07-20 10:46:40.584[0m | [34m[1mDEBUG   [0m | [36mearth2studio.data.utils[0m:[36m_make_local_details[0m:[36m1070[0m - [34m[1mCopying /gcp-public-data-arco-era5/ar/full_37-1h-0p25deg-chunk-1.zarr-v3/specific_humidity/926496.0.0.0 to local cache[0m
[32m2026-07-20 10:46:40.585[0m | [34m[1mDEBUG   [0m | [36mearth2studio.data.utils[0m:[36m_make_local_details[0m:[36m1070[0m - [34m[1mCopying /gcp-public-data-arco-era5/ar/full_37-1h-0p25deg-chunk-1.zarr-v3/u_component_of_wind/926496.0.0.0 to local cache[0m
[32m2026-07-20 10:46:40.586[0m | [34m[1mDEBUG   [0m | [36mearth2studio.data.utils[0m:[36m_make_local_details[0m:[36m1070[0m - [34m[1mCopying /gcp-public-data-arco-era5/ar/full_37-1h-0p25deg-chunk-1.zarr-v3/v_component_of_wind/926496.0.0.0 to local cache[0m
[32m2026-07-20 10:46:40.625[0m | [34m[1mDEBUG   [0m | [36mearth2studio.data.utils[0m:[36m_make_local_details[0m:[36m1070[0m - [34m[1mCopying /gcp-public-data-arco-era5/ar/full_37-1h-0p25deg-chunk-1.zarr-v3/surface_pressure/926496.0.0 to local cache[0m
[32m2026-07-20 10:46:46.798[0m | [34m[1mDEBUG   [0m | [36mearth2studio.data.utils[0m:[36m_make_local_details[0m:[36m1070[0m - [34m[1mCopying /gcp-public-data-arco-era5/ar/full_37-1h-0p25deg-chunk-1.zarr-v3/v_component_of_wind/926502.0.0.0 to local cache[0m
[32m2026-07-20 10:46:46.800[0m | [34m[1mDEBUG   [0m | [36mearth2studio.data.utils[0m:[36m_make_local_details[0m:[36m1070[0m - [34m[1mCopying /gcp-public-data-arco-era5/ar/full_37-1h-0p25deg-chunk-1.zarr-v3/volumetric_soil_water_layer_2/926502.0.0 to local cache[0m
[32m2026-07-20 10:46:46.800[0m | [34m[1mDEBUG   [0m | [36mearth2studio.data.utils[0m:[36m_make_local_details[0m:[36m1070[0m - [34m[1mCopying /gcp-public-data-arco-era5/ar/full_37-1h-0p25deg-chunk-1.zarr-v3/geopotential/926502.0.0.0 to local cache[0m
[32m2026-07-20 10:46:46.802[0m | [34m[1mDEBUG   [0m | [36mearth2studio.data.utils[0m:[36m_make_local_details[0m:[36m1070[0m - [34m[1mCopying /gcp-public-data-arco-era5/ar/full_37-1h-0p25deg-chunk-1.zarr-v3/mean_sea_level_pressure/926502.0.0 to local cache[0m
[32m2026-07-20 10:46:46.804[0m | [34m[1mDEBUG   [0m | [36mearth2studio.data.utils[0m:[36m_make_local_details[0m:[36m1070[0m - [34m[1mCopying /gcp-public-data-arco-era5/ar/full_37-1h-0p25deg-chunk-1.zarr-v3/temperature/926502.0.0.0 to local cache[0m
[32m2026-07-20 10:46:46.805[0m | [34m[1mDEBUG   [0m | [36mearth2studio.data.utils[0m:[36m_make_local_details[0m:[36m1070[0m - [34m[1mCopying /gcp-public-data-arco-era5/ar/full_37-1h-0p25deg-chunk-1.zarr-v3/soil_temperature_level_1/926502.0.0 to local cache[0m
[32m2026-07-20 10:46:46.807[0m | [34m[1mDEBUG   [0m | [36mearth2studio.data.utils[0m:[36m_make_local_details[0m:[36m1070[0m - [34m[1mCopying /gcp-public-data-arco-era5/ar/full_37-1h-0p25deg-chunk-1.zarr-v3/skin_temperature/926502.0.0 to local cache[0m
[32m2026-07-20 10:46:46.833[0m | [34m[1mDEBUG   [0m | [36mearth2studio.data.utils[0m:[36m_make_local_details[0m:[36m1070[0m - [34m[1mCopying /gcp-public-data-arco-era5/ar/full_37-1h-0p25deg-chunk-1.zarr-v3/vertical_velocity/926502.0.0.0 to local cache[0m
[32m2026-07-20 10:46:46.856[0m | [34m[1mDEBUG   [0m | [36mearth2studio.data.utils[0m:[36m_make_local_details[0m:[36m1070[0m - [34m[1mCopying /gcp-public-data-arco-era5/ar/full_37-1h-0p25deg-chunk-1.zarr-v3/surface_pressure/926502.0.0 to local cache[0m
[32m2026-07-20 10:46:46.882[0m | [34m[1mDEBUG   [0m | [36mearth2studio.data.utils[0m:[36m_make_local_details[0m:[36m1070[0m - [34m[1mCopying /gcp-public-data-arco-era5/ar/full_37-1h-0p25deg-chunk-1.zarr-v3/2m_temperature/926502.0.0 to local cache[0m
[32m2026-07-20 10:46:46.882[0m | [34m[1mDEBUG   [0m | [36mearth2studio.data.utils[0m:[36m_make_local_details[0m:[36m1070[0m - [34m[1mCopying /gcp-public-data-arco-era5/ar/full_37-1h-0p25deg-chunk-1.zarr-v3/total_column_water/926502.0.0 to local cache[0m
[32m2026-07-20 10:46:46.891[0m | [34m[1mDEBUG   [0m | [36mearth2studio.data.utils[0m:[36m_make_local_details[0m:[36m1070[0m - [34m[1mCopying /gcp-public-data-arco-era5/ar/full_37-1h-0p25deg-chunk-1.zarr-v3/10m_u_component_of_wind/926502.0.0 to local cache[0m
[32m2026-07-20 10:46:46.892[0m | [34m[1mDEBUG   [0m | [36mearth2studio.data.utils[0m:[36m_make_local_details[0m:[36m1070[0m - [34m[1mCopying /gcp-public-data-arco-era5/ar/full_37-1h-0p25deg-chunk-1.zarr-v3/2m_dewpoint_temperature/926502.0.0 to local cache[0m
[32m2026-07-20 10:46:46.898[0m | [34m[1mDEBUG   [0m | [36mearth2studio.data.utils[0m:[36m_make_local_details[0m:[36m1070[0m - [34m[1mCopying /gcp-public-data-arco-era5/ar/full_37-1h-0p25deg-chunk-1.zarr-v3/soil_temperature_level_2/926502.0.0 to local cache[0m
[32m2026-07-20 10:46:46.900[0m | [34m[1mDEBUG   [0m | [36mearth2studio.data.utils[0m:[36m_make_local_details[0m:[36m1070[0m - [34m[1mCopying /gcp-public-data-arco-era5/ar/full_37-1h-0p25deg-chunk-1.zarr-v3/u_component_of_wind/926502.0.0.0 to local cache[0m
[32m2026-07-20 10:46:46.901[0m | [34m[1mDEBUG   [0m | [36mearth2studio.data.utils[0m:[36m_make_local_details[0m:[36m1070[0m - [34m[1mCopying /gcp-public-data-arco-era5/ar/full_37-1h-0p25deg-chunk-1.zarr-v3/10m_v_component_of_wind/926502.0.0 to local cache[0m
[32m2026-07-20 10:46:46.902[0m | [34m[1mDEBUG   [0m | [36mearth2studio.data.utils[0m:[36m_make_local_details[0m:[36m1070[0m - [34m[1mCopying /gcp-public-data-arco-era5/ar/full_37-1h-0p25deg-chunk-1.zarr-v3/specific_humidity/926502.0.0.0 to local cache[0m
[32m2026-07-20 10:46:46.904[0m | [34m[1mDEBUG   [0m | [36mearth2studio.data.utils[0m:[36m_make_local_details[0m:[36m1070[0m - [34m[1mCopying /gcp-public-data-arco-era5/ar/full_37-1h-0p25deg-chunk-1.zarr-v3/volumetric_soil_water_layer_1/926502.0.0 to local cache[0m
target_step 11: sum=2.9811e-02
Saved /cluster/projects/nn12107k/robin/earth2studio/aifs_attributions_vestlandet/aifs_ig_attributions_vestlandet_init2005-09-11T06_target2005-09-14T06.nc
Cleaned up temporary input data cache: /cluster/projects/nn12107k/robin/e2s_data_cache_1wymo1ni
Init: 2005-09-11 12:00:00 -> target valid time 2005-09-14 06:00:00 (11 steps, target_step=10)
[32m2026-07-20 10:50:44.744[0m | [34m[1mDEBUG   [0m | [36mearth2studio.data.utils[0m:[36m_make_local_details[0m:[36m1070[0m - [34m[1mCopying /gcp-public-data-arco-era5/ar/full_37-1h-0p25deg-chunk-1.zarr-v3/.zattrs to local cache[0m
[32m2026-07-20 10:50:45.574[0m | [34m[1mDEBUG   [0m | [36mearth2studio.data.utils[0m:[36m_make_local_details[0m:[36m1070[0m - [34m[1mCopying /gcp-public-data-arco-era5/ar/full_37-1h-0p25deg-chunk-1.zarr-v3/.zgroup to local cache[0m
[32m2026-07-20 10:50:45.652[0m | [34m[1mDEBUG   [0m | [36mearth2studio.data.utils[0m:[36m_make_local_details[0m:[36m1070[0m - [34m[1mCopying /gcp-public-data-arco-era5/ar/full_37-1h-0p25deg-chunk-1.zarr-v3/.zmetadata to local cache[0m
[32m2026-07-20 10:50:45.958[0m | [34m[1mDEBUG   [0m | [36mearth2studio.data.utils[0m:[36m_make_local_details[0m:[36m1070[0m - [34m[1mCopying /gcp-public-data-arco-era5/ar/full_37-1h-0p25deg-chunk-1.zarr-v3/level/0 to local cache[0m
[32m2026-07-20 10:50:46.227[0m | [34m[1mDEBUG   [0m | [36mearth2studio.data.utils[0m:[36m_make_local_details[0m:[36m1070[0m - [34m[1mCopying /gcp-public-data-arco-era5/ar/model-level-1h-0p25deg.zarr-v1/.zattrs to local cache[0m
[32m2026-07-20 10:50:46.553[0m | [34m[1mDEBUG   [0m | [36mearth2studio.data.utils[0m:[36m_make_local_details[0m:[36m1070[0m - [34m[1mCopying /gcp-public-data-arco-era5/ar/model-level-1h-0p25deg.zarr-v1/.zgroup to local cache[0m
[32m2026-07-20 10:50:46.559[0m | [34m[1mDEBUG   [0m | [36mearth2studio.data.utils[0m:[36m_make_local_details[0m:[36m1070[0m - [34m[1mCopying /gcp-public-data-arco-era5/ar/model-level-1h-0p25deg.zarr-v1/.zmetadata to local cache[0m
[32m2026-07-20 10:50:46.878[0m | [34m[1mDEBUG   [0m | [36mearth2studio.data.utils[0m:[36m_make_local_details[0m:[36m1070[0m - [34m[1mCopying /gcp-public-data-arco-era5/ar/model-level-1h-0p25deg.zarr-v1/hybrid/0 to local cache[0m
[32m2026-07-20 10:50:47.087[0m | [34m[1mDEBUG   [0m | [36mearth2studio.data.utils[0m:[36m_make_local_details[0m:[36m1070[0m - [34m[1mCopying /gcp-public-data-arco-era5/ar/full_37-1h-0p25deg-chunk-1.zarr-v3/2m_dewpoint_temperature/926502.0.0 to local cache[0m
[32m2026-07-20 10:50:47.090[0m | [34m[1mDEBUG   [0m | [36mearth2studio.data.utils[0m:[36m_make_local_details[0m:[36m1070[0m - [34m[1mCopying /gcp-public-data-arco-era5/ar/full_37-1h-0p25deg-chunk-1.zarr-v3/10m_u_component_of_wind/926502.0.0 to local cache[0m
[32m2026-07-20 10:50:47.169[0m | [34m[1mDEBUG   [0m | [36mearth2studio.data.utils[0m:[36m_make_local_details[0m:[36m1070[0m - [34m[1mCopying /gcp-public-data-arco-era5/ar/full_37-1h-0p25deg-chunk-1.zarr-v3/total_column_water/926502.0.0 to local cache[0m
[32m2026-07-20 10:50:47.178[0m | [34m[1mDEBUG   [0m | [36mearth2studio.data.utils[0m:[36m_make_local_details[0m:[36m1070[0m - [34m[1mCopying /gcp-public-data-arco-era5/ar/full_37-1h-0p25deg-chunk-1.zarr-v3/skin_temperature/926502.0.0 to local cache[0m
[32m2026-07-20 10:50:47.179[0m | [34m[1mDEBUG   [0m | [36mearth2studio.data.utils[0m:[36m_make_local_details[0m:[36m1070[0m - [34m[1mCopying /gcp-public-data-arco-era5/ar/full_37-1h-0p25deg-chunk-1.zarr-v3/vertical_velocity/926502.0.0.0 to local cache[0m
[32m2026-07-20 10:50:47.197[0m | [34m[1mDEBUG   [0m | [36mearth2studio.data.utils[0m:[36m_make_local_details[0m:[36m1070[0m - [34m[1mCopying /gcp-public-data-arco-era5/ar/full_37-1h-0p25deg-chunk-1.zarr-v3/geopotential/926502.0.0.0 to local cache[0m
[32m2026-07-20 10:50:47.200[0m | [34m[1mDEBUG   [0m | [36mearth2studio.data.utils[0m:[36m_make_local_details[0m:[36m1070[0m - [34m[1mCopying /gcp-public-data-arco-era5/ar/full_37-1h-0p25deg-chunk-1.zarr-v3/surface_pressure/926502.0.0 to local cache[0m
[32m2026-07-20 10:50:47.202[0m | [34m[1mDEBUG   [0m | [36mearth2studio.data.utils[0m:[36m_make_local_details[0m:[36m1070[0m - [34m[1mCopying /gcp-public-data-arco-era5/ar/full_37-1h-0p25deg-chunk-1.zarr-v3/soil_temperature_level_1/926502.0.0 to local cache[0m
[32m2026-07-20 10:50:47.204[0m | [34m[1mDEBUG   [0m | [36mearth2studio.data.utils[0m:[36m_make_local_details[0m:[36m1070[0m - [34m[1mCopying /gcp-public-data-arco-era5/ar/full_37-1h-0p25deg-chunk-1.zarr-v3/specific_humidity/926502.0.0.0 to local cache[0m
[32m2026-07-20 10:50:47.204[0m | [34m[1mDEBUG   [0m | [36mearth2studio.data.utils[0m:[36m_make_local_details[0m:[36m1070[0m - [34m[1mCopying /gcp-public-data-arco-era5/ar/full_37-1h-0p25deg-chunk-1.zarr-v3/temperature/926502.0.0.0 to local cache[0m
[32m2026-07-20 10:50:47.205[0m | [34m[1mDEBUG   [0m | [36mearth2studio.data.utils[0m:[36m_make_local_details[0m:[36m1070[0m - [34m[1mCopying /gcp-public-data-arco-era5/ar/full_37-1h-0p25deg-chunk-1.zarr-v3/v_component_of_wind/926502.0.0.0 to local cache[0m
[32m2026-07-20 10:50:47.205[0m | [34m[1mDEBUG   [0m | [36mearth2studio.data.utils[0m:[36m_make_local_details[0m:[36m1070[0m - [34m[1mCopying /gcp-public-data-arco-era5/ar/full_37-1h-0p25deg-chunk-1.zarr-v3/mean_sea_level_pressure/926502.0.0 to local cache[0m
[32m2026-07-20 10:50:47.206[0m | [34m[1mDEBUG   [0m | [36mearth2studio.data.utils[0m:[36m_make_local_details[0m:[36m1070[0m - [34m[1mCopying /gcp-public-data-arco-era5/ar/full_37-1h-0p25deg-chunk-1.zarr-v3/2m_temperature/926502.0.0 to local cache[0m
[32m2026-07-20 10:50:47.207[0m | [34m[1mDEBUG   [0m | [36mearth2studio.data.utils[0m:[36m_make_local_details[0m:[36m1070[0m - [34m[1mCopying /gcp-public-data-arco-era5/ar/full_37-1h-0p25deg-chunk-1.zarr-v3/volumetric_soil_water_layer_1/926502.0.0 to local cache[0m
[32m2026-07-20 10:50:47.208[0m | [34m[1mDEBUG   [0m | [36mearth2studio.data.utils[0m:[36m_make_local_details[0m:[36m1070[0m - [34m[1mCopying /gcp-public-data-arco-era5/ar/full_37-1h-0p25deg-chunk-1.zarr-v3/u_component_of_wind/926502.0.0.0 to local cache[0m
[32m2026-07-20 10:50:47.212[0m | [34m[1mDEBUG   [0m | [36mearth2studio.data.utils[0m:[36m_make_local_details[0m:[36m1070[0m - [34m[1mCopying /gcp-public-data-arco-era5/ar/full_37-1h-0p25deg-chunk-1.zarr-v3/soil_temperature_level_2/926502.0.0 to local cache[0m
[32m2026-07-20 10:50:47.213[0m | [34m[1mDEBUG   [0m | [36mearth2studio.data.utils[0m:[36m_make_local_details[0m:[36m1070[0m - [34m[1mCopying /gcp-public-data-arco-era5/ar/full_37-1h-0p25deg-chunk-1.zarr-v3/10m_v_component_of_wind/926502.0.0 to local cache[0m
[32m2026-07-20 10:50:47.214[0m | [34m[1mDEBUG   [0m | [36mearth2studio.data.utils[0m:[36m_make_local_details[0m:[36m1070[0m - [34m[1mCopying /gcp-public-data-arco-era5/ar/full_37-1h-0p25deg-chunk-1.zarr-v3/volumetric_soil_water_layer_2/926502.0.0 to local cache[0m
[32m2026-07-20 10:50:52.710[0m | [34m[1mDEBUG   [0m | [36mearth2studio.data.utils[0m:[36m_make_local_details[0m:[36m1070[0m - [34m[1mCopying /gcp-public-data-arco-era5/ar/full_37-1h-0p25deg-chunk-1.zarr-v3/10m_v_component_of_wind/926508.0.0 to local cache[0m
[32m2026-07-20 10:50:52.713[0m | [34m[1mDEBUG   [0m | [36mearth2studio.data.utils[0m:[36m_make_local_details[0m:[36m1070[0m - [34m[1mCopying /gcp-public-data-arco-era5/ar/full_37-1h-0p25deg-chunk-1.zarr-v3/volumetric_soil_water_layer_2/926508.0.0 to local cache[0m
[32m2026-07-20 10:50:52.715[0m | [34m[1mDEBUG   [0m | [36mearth2studio.data.utils[0m:[36m_make_local_details[0m:[36m1070[0m - [34m[1mCopying /gcp-public-data-arco-era5/ar/full_37-1h-0p25deg-chunk-1.zarr-v3/total_column_water/926508.0.0 to local cache[0m
[32m2026-07-20 10:50:52.715[0m | [34m[1mDEBUG   [0m | [36mearth2studio.data.utils[0m:[36m_make_local_details[0m:[36m1070[0m - [34m[1mCopying /gcp-public-data-arco-era5/ar/full_37-1h-0p25deg-chunk-1.zarr-v3/volumetric_soil_water_layer_1/926508.0.0 to local cache[0m
[32m2026-07-20 10:50:52.716[0m | [34m[1mDEBUG   [0m | [36mearth2studio.data.utils[0m:[36m_make_local_details[0m:[36m1070[0m - [34m[1mCopying /gcp-public-data-arco-era5/ar/full_37-1h-0p25deg-chunk-1.zarr-v3/temperature/926508.0.0.0 to local cache[0m
[32m2026-07-20 10:50:52.718[0m | [34m[1mDEBUG   [0m | [36mearth2studio.data.utils[0m:[36m_make_local_details[0m:[36m1070[0m - [34m[1mCopying /gcp-public-data-arco-era5/ar/full_37-1h-0p25deg-chunk-1.zarr-v3/soil_temperature_level_1/926508.0.0 to local cache[0m
[32m2026-07-20 10:50:52.719[0m | [34m[1mDEBUG   [0m | [36mearth2studio.data.utils[0m:[36m_make_local_details[0m:[36m1070[0m - [34m[1mCopying /gcp-public-data-arco-era5/ar/full_37-1h-0p25deg-chunk-1.zarr-v3/2m_temperature/926508.0.0 to local cache[0m
[32m2026-07-20 10:50:52.721[0m | [34m[1mDEBUG   [0m | [36mearth2studio.data.utils[0m:[36m_make_local_details[0m:[36m1070[0m - [34m[1mCopying /gcp-public-data-arco-era5/ar/full_37-1h-0p25deg-chunk-1.zarr-v3/v_component_of_wind/926508.0.0.0 to local cache[0m
[32m2026-07-20 10:50:52.722[0m | [34m[1mDEBUG   [0m | [36mearth2studio.data.utils[0m:[36m_make_local_details[0m:[36m1070[0m - [34m[1mCopying /gcp-public-data-arco-era5/ar/full_37-1h-0p25deg-chunk-1.zarr-v3/skin_temperature/926508.0.0 to local cache[0m
[32m2026-07-20 10:50:52.725[0m | [34m[1mDEBUG   [0m | [36mearth2studio.data.utils[0m:[36m_make_local_details[0m:[36m1070[0m - [34m[1mCopying /gcp-public-data-arco-era5/ar/full_37-1h-0p25deg-chunk-1.zarr-v3/10m_u_component_of_wind/926508.0.0 to local cache[0m
[32m2026-07-20 10:50:52.794[0m | [34m[1mDEBUG   [0m | [36mearth2studio.data.utils[0m:[36m_make_local_details[0m:[36m1070[0m - [34m[1mCopying /gcp-public-data-arco-era5/ar/full_37-1h-0p25deg-chunk-1.zarr-v3/geopotential/926508.0.0.0 to local cache[0m
[32m2026-07-20 10:50:52.796[0m | [34m[1mDEBUG   [0m | [36mearth2studio.data.utils[0m:[36m_make_local_details[0m:[36m1070[0m - [34m[1mCopying /gcp-public-data-arco-era5/ar/full_37-1h-0p25deg-chunk-1.zarr-v3/u_component_of_wind/926508.0.0.0 to local cache[0m
[32m2026-07-20 10:50:52.806[0m | [34m[1mDEBUG   [0m | [36mearth2studio.data.utils[0m:[36m_make_local_details[0m:[36m1070[0m - [34m[1mCopying /gcp-public-data-arco-era5/ar/full_37-1h-0p25deg-chunk-1.zarr-v3/2m_dewpoint_temperature/926508.0.0 to local cache[0m
[32m2026-07-20 10:50:52.812[0m | [34m[1mDEBUG   [0m | [36mearth2studio.data.utils[0m:[36m_make_local_details[0m:[36m1070[0m - [34m[1mCopying /gcp-public-data-arco-era5/ar/full_37-1h-0p25deg-chunk-1.zarr-v3/mean_sea_level_pressure/926508.0.0 to local cache[0m
[32m2026-07-20 10:50:52.813[0m | [34m[1mDEBUG   [0m | [36mearth2studio.data.utils[0m:[36m_make_local_details[0m:[36m1070[0m - [34m[1mCopying /gcp-public-data-arco-era5/ar/full_37-1h-0p25deg-chunk-1.zarr-v3/soil_temperature_level_2/926508.0.0 to local cache[0m
[32m2026-07-20 10:50:52.814[0m | [34m[1mDEBUG   [0m | [36mearth2studio.data.utils[0m:[36m_make_local_details[0m:[36m1070[0m - [34m[1mCopying /gcp-public-data-arco-era5/ar/full_37-1h-0p25deg-chunk-1.zarr-v3/surface_pressure/926508.0.0 to local cache[0m
[32m2026-07-20 10:50:52.839[0m | [34m[1mDEBUG   [0m | [36mearth2studio.data.utils[0m:[36m_make_local_details[0m:[36m1070[0m - [34m[1mCopying /gcp-public-data-arco-era5/ar/full_37-1h-0p25deg-chunk-1.zarr-v3/specific_humidity/926508.0.0.0 to local cache[0m
[32m2026-07-20 10:50:52.897[0m | [34m[1mDEBUG   [0m | [36mearth2studio.data.utils[0m:[36m_make_local_details[0m:[36m1070[0m - [34m[1mCopying /gcp-public-data-arco-era5/ar/full_37-1h-0p25deg-chunk-1.zarr-v3/vertical_velocity/926508.0.0.0 to local cache[0m
target_step 10: sum=6.1962e-03
Saved /cluster/projects/nn12107k/robin/earth2studio/aifs_attributions_vestlandet/aifs_ig_attributions_vestlandet_init2005-09-11T12_target2005-09-14T06.nc
Cleaned up temporary input data cache: /cluster/projects/nn12107k/robin/e2s_data_cache_ez94uq5d
Init: 2005-09-11 18:00:00 -> target valid time 2005-09-14 06:00:00 (10 steps, target_step=9)
[32m2026-07-20 10:54:32.887[0m | [34m[1mDEBUG   [0m | [36mearth2studio.data.utils[0m:[36m_make_local_details[0m:[36m1070[0m - [34m[1mCopying /gcp-public-data-arco-era5/ar/full_37-1h-0p25deg-chunk-1.zarr-v3/.zattrs to local cache[0m
[32m2026-07-20 10:54:33.811[0m | [34m[1mDEBUG   [0m | [36mearth2studio.data.utils[0m:[36m_make_local_details[0m:[36m1070[0m - [34m[1mCopying /gcp-public-data-arco-era5/ar/full_37-1h-0p25deg-chunk-1.zarr-v3/.zgroup to local cache[0m
[32m2026-07-20 10:54:33.891[0m | [34m[1mDEBUG   [0m | [36mearth2studio.data.utils[0m:[36m_make_local_details[0m:[36m1070[0m - [34m[1mCopying /gcp-public-data-arco-era5/ar/full_37-1h-0p25deg-chunk-1.zarr-v3/.zmetadata to local cache[0m
[32m2026-07-20 10:54:34.309[0m | [34m[1mDEBUG   [0m | [36mearth2studio.data.utils[0m:[36m_make_local_details[0m:[36m1070[0m - [34m[1mCopying /gcp-public-data-arco-era5/ar/full_37-1h-0p25deg-chunk-1.zarr-v3/level/0 to local cache[0m
[32m2026-07-20 10:54:34.576[0m | [34m[1mDEBUG   [0m | [36mearth2studio.data.utils[0m:[36m_make_local_details[0m:[36m1070[0m - [34m[1mCopying /gcp-public-data-arco-era5/ar/model-level-1h-0p25deg.zarr-v1/.zattrs to local cache[0m
[32m2026-07-20 10:54:34.882[0m | [34m[1mDEBUG   [0m | [36mearth2studio.data.utils[0m:[36m_make_local_details[0m:[36m1070[0m - [34m[1mCopying /gcp-public-data-arco-era5/ar/model-level-1h-0p25deg.zarr-v1/.zmetadata to local cache[0m
[32m2026-07-20 10:54:34.887[0m | [34m[1mDEBUG   [0m | [36mearth2studio.data.utils[0m:[36m_make_local_details[0m:[36m1070[0m - [34m[1mCopying /gcp-public-data-arco-era5/ar/model-level-1h-0p25deg.zarr-v1/.zgroup to local cache[0m
[32m2026-07-20 10:54:35.198[0m | [34m[1mDEBUG   [0m | [36mearth2studio.data.utils[0m:[36m_make_local_details[0m:[36m1070[0m - [34m[1mCopying /gcp-public-data-arco-era5/ar/model-level-1h-0p25deg.zarr-v1/hybrid/0 to local cache[0m
[32m2026-07-20 10:54:35.454[0m | [34m[1mDEBUG   [0m | [36mearth2studio.data.utils[0m:[36m_make_local_details[0m:[36m1070[0m - [34m[1mCopying /gcp-public-data-arco-era5/ar/full_37-1h-0p25deg-chunk-1.zarr-v3/total_column_water/926508.0.0 to local cache[0m
[32m2026-07-20 10:54:35.458[0m | [34m[1mDEBUG   [0m | [36mearth2studio.data.utils[0m:[36m_make_local_details[0m:[36m1070[0m - [34m[1mCopying /gcp-public-data-arco-era5/ar/full_37-1h-0p25deg-chunk-1.zarr-v3/2m_temperature/926508.0.0 to local cache[0m
[32m2026-07-20 10:54:35.537[0m | [34m[1mDEBUG   [0m | [36mearth2studio.data.utils[0m:[36m_make_local_details[0m:[36m1070[0m - [34m[1mCopying /gcp-public-data-arco-era5/ar/full_37-1h-0p25deg-chunk-1.zarr-v3/soil_temperature_level_2/926508.0.0 to local cache[0m
[32m2026-07-20 10:54:35.558[0m | [34m[1mDEBUG   [0m | [36mearth2studio.data.utils[0m:[36m_make_local_details[0m:[36m1070[0m - [34m[1mCopying /gcp-public-data-arco-era5/ar/full_37-1h-0p25deg-chunk-1.zarr-v3/u_component_of_wind/926508.0.0.0 to local cache[0m
[32m2026-07-20 10:54:35.560[0m | [34m[1mDEBUG   [0m | [36mearth2studio.data.utils[0m:[36m_make_local_details[0m:[36m1070[0m - [34m[1mCopying /gcp-public-data-arco-era5/ar/full_37-1h-0p25deg-chunk-1.zarr-v3/temperature/926508.0.0.0 to local cache[0m
[32m2026-07-20 10:54:35.561[0m | [34m[1mDEBUG   [0m | [36mearth2studio.data.utils[0m:[36m_make_local_details[0m:[36m1070[0m - [34m[1mCopying /gcp-public-data-arco-era5/ar/full_37-1h-0p25deg-chunk-1.zarr-v3/2m_dewpoint_temperature/926508.0.0 to local cache[0m
[32m2026-07-20 10:54:35.561[0m | [34m[1mDEBUG   [0m | [36mearth2studio.data.utils[0m:[36m_make_local_details[0m:[36m1070[0m - [34m[1mCopying /gcp-public-data-arco-era5/ar/full_37-1h-0p25deg-chunk-1.zarr-v3/v_component_of_wind/926508.0.0.0 to local cache[0m
[32m2026-07-20 10:54:35.564[0m | [34m[1mDEBUG   [0m | [36mearth2studio.data.utils[0m:[36m_make_local_details[0m:[36m1070[0m - [34m[1mCopying /gcp-public-data-arco-era5/ar/full_37-1h-0p25deg-chunk-1.zarr-v3/specific_humidity/926508.0.0.0 to local cache[0m
[32m2026-07-20 10:54:35.565[0m | [34m[1mDEBUG   [0m | [36mearth2studio.data.utils[0m:[36m_make_local_details[0m:[36m1070[0m - [34m[1mCopying /gcp-public-data-arco-era5/ar/full_37-1h-0p25deg-chunk-1.zarr-v3/vertical_velocity/926508.0.0.0 to local cache[0m
[32m2026-07-20 10:54:35.565[0m | [34m[1mDEBUG   [0m | [36mearth2studio.data.utils[0m:[36m_make_local_details[0m:[36m1070[0m - [34m[1mCopying /gcp-public-data-arco-era5/ar/full_37-1h-0p25deg-chunk-1.zarr-v3/geopotential/926508.0.0.0 to local cache[0m
[32m2026-07-20 10:54:35.566[0m | [34m[1mDEBUG   [0m | [36mearth2studio.data.utils[0m:[36m_make_local_details[0m:[36m1070[0m - [34m[1mCopying /gcp-public-data-arco-era5/ar/full_37-1h-0p25deg-chunk-1.zarr-v3/surface_pressure/926508.0.0 to local cache[0m
[32m2026-07-20 10:54:35.568[0m | [34m[1mDEBUG   [0m | [36mearth2studio.data.utils[0m:[36m_make_local_details[0m:[36m1070[0m - [34m[1mCopying /gcp-public-data-arco-era5/ar/full_37-1h-0p25deg-chunk-1.zarr-v3/10m_v_component_of_wind/926508.0.0 to local cache[0m
[32m2026-07-20 10:54:35.568[0m | [34m[1mDEBUG   [0m | [36mearth2studio.data.utils[0m:[36m_make_local_details[0m:[36m1070[0m - [34m[1mCopying /gcp-public-data-arco-era5/ar/full_37-1h-0p25deg-chunk-1.zarr-v3/skin_temperature/926508.0.0 to local cache[0m
[32m2026-07-20 10:54:35.568[0m | [34m[1mDEBUG   [0m | [36mearth2studio.data.utils[0m:[36m_make_local_details[0m:[36m1070[0m - [34m[1mCopying /gcp-public-data-arco-era5/ar/full_37-1h-0p25deg-chunk-1.zarr-v3/volumetric_soil_water_layer_1/926508.0.0 to local cache[0m
[32m2026-07-20 10:54:35.572[0m | [34m[1mDEBUG   [0m | [36mearth2studio.data.utils[0m:[36m_make_local_details[0m:[36m1070[0m - [34m[1mCopying /gcp-public-data-arco-era5/ar/full_37-1h-0p25deg-chunk-1.zarr-v3/volumetric_soil_water_layer_2/926508.0.0 to local cache[0m
[32m2026-07-20 10:54:35.573[0m | [34m[1mDEBUG   [0m | [36mearth2studio.data.utils[0m:[36m_make_local_details[0m:[36m1070[0m - [34m[1mCopying /gcp-public-data-arco-era5/ar/full_37-1h-0p25deg-chunk-1.zarr-v3/mean_sea_level_pressure/926508.0.0 to local cache[0m
[32m2026-07-20 10:54:35.573[0m | [34m[1mDEBUG   [0m | [36mearth2studio.data.utils[0m:[36m_make_local_details[0m:[36m1070[0m - [34m[1mCopying /gcp-public-data-arco-era5/ar/full_37-1h-0p25deg-chunk-1.zarr-v3/10m_u_component_of_wind/926508.0.0 to local cache[0m
[32m2026-07-20 10:54:35.574[0m | [34m[1mDEBUG   [0m | [36mearth2studio.data.utils[0m:[36m_make_local_details[0m:[36m1070[0m - [34m[1mCopying /gcp-public-data-arco-era5/ar/full_37-1h-0p25deg-chunk-1.zarr-v3/soil_temperature_level_1/926508.0.0 to local cache[0m
[32m2026-07-20 10:54:41.679[0m | [34m[1mDEBUG   [0m | [36mearth2studio.data.utils[0m:[36m_make_local_details[0m:[36m1070[0m - [34m[1mCopying /gcp-public-data-arco-era5/ar/full_37-1h-0p25deg-chunk-1.zarr-v3/vertical_velocity/926514.0.0.0 to local cache[0m
[32m2026-07-20 10:54:41.681[0m | [34m[1mDEBUG   [0m | [36mearth2studio.data.utils[0m:[36m_make_local_details[0m:[36m1070[0m - [34m[1mCopying /gcp-public-data-arco-era5/ar/full_37-1h-0p25deg-chunk-1.zarr-v3/10m_v_component_of_wind/926514.0.0 to local cache[0m
[32m2026-07-20 10:54:41.682[0m | [34m[1mDEBUG   [0m | [36mearth2studio.data.utils[0m:[36m_make_local_details[0m:[36m1070[0m - [34m[1mCopying /gcp-public-data-arco-era5/ar/full_37-1h-0p25deg-chunk-1.zarr-v3/mean_sea_level_pressure/926514.0.0 to local cache[0m
[32m2026-07-20 10:54:41.683[0m | [34m[1mDEBUG   [0m | [36mearth2studio.data.utils[0m:[36m_make_local_details[0m:[36m1070[0m - [34m[1mCopying /gcp-public-data-arco-era5/ar/full_37-1h-0p25deg-chunk-1.zarr-v3/skin_temperature/926514.0.0 to local cache[0m
[32m2026-07-20 10:54:41.685[0m | [34m[1mDEBUG   [0m | [36mearth2studio.data.utils[0m:[36m_make_local_details[0m:[36m1070[0m - [34m[1mCopying /gcp-public-data-arco-era5/ar/full_37-1h-0p25deg-chunk-1.zarr-v3/temperature/926514.0.0.0 to local cache[0m
[32m2026-07-20 10:54:41.686[0m | [34m[1mDEBUG   [0m | [36mearth2studio.data.utils[0m:[36m_make_local_details[0m:[36m1070[0m - [34m[1mCopying /gcp-public-data-arco-era5/ar/full_37-1h-0p25deg-chunk-1.zarr-v3/10m_u_component_of_wind/926514.0.0 to local cache[0m
[32m2026-07-20 10:54:41.690[0m | [34m[1mDEBUG   [0m | [36mearth2studio.data.utils[0m:[36m_make_local_details[0m:[36m1070[0m - [34m[1mCopying /gcp-public-data-arco-era5/ar/full_37-1h-0p25deg-chunk-1.zarr-v3/specific_humidity/926514.0.0.0 to local cache[0m
[32m2026-07-20 10:54:41.692[0m | [34m[1mDEBUG   [0m | [36mearth2studio.data.utils[0m:[36m_make_local_details[0m:[36m1070[0m - [34m[1mCopying /gcp-public-data-arco-era5/ar/full_37-1h-0p25deg-chunk-1.zarr-v3/surface_pressure/926514.0.0 to local cache[0m
[32m2026-07-20 10:54:41.694[0m | [34m[1mDEBUG   [0m | [36mearth2studio.data.utils[0m:[36m_make_local_details[0m:[36m1070[0m - [34m[1mCopying /gcp-public-data-arco-era5/ar/full_37-1h-0p25deg-chunk-1.zarr-v3/total_column_water/926514.0.0 to local cache[0m
[32m2026-07-20 10:54:41.704[0m | [34m[1mDEBUG   [0m | [36mearth2studio.data.utils[0m:[36m_make_local_details[0m:[36m1070[0m - [34m[1mCopying /gcp-public-data-arco-era5/ar/full_37-1h-0p25deg-chunk-1.zarr-v3/2m_temperature/926514.0.0 to local cache[0m
[32m2026-07-20 10:54:41.768[0m | [34m[1mDEBUG   [0m | [36mearth2studio.data.utils[0m:[36m_make_local_details[0m:[36m1070[0m - [34m[1mCopying /gcp-public-data-arco-era5/ar/full_37-1h-0p25deg-chunk-1.zarr-v3/volumetric_soil_water_layer_2/926514.0.0 to local cache[0m
[32m2026-07-20 10:54:41.773[0m | [34m[1mDEBUG   [0m | [36mearth2studio.data.utils[0m:[36m_make_local_details[0m:[36m1070[0m - [34m[1mCopying /gcp-public-data-arco-era5/ar/full_37-1h-0p25deg-chunk-1.zarr-v3/geopotential/926514.0.0.0 to local cache[0m
[32m2026-07-20 10:54:41.778[0m | [34m[1mDEBUG   [0m | [36mearth2studio.data.utils[0m:[36m_make_local_details[0m:[36m1070[0m - [34m[1mCopying /gcp-public-data-arco-era5/ar/full_37-1h-0p25deg-chunk-1.zarr-v3/soil_temperature_level_1/926514.0.0 to local cache[0m
[32m2026-07-20 10:54:41.783[0m | [34m[1mDEBUG   [0m | [36mearth2studio.data.utils[0m:[36m_make_local_details[0m:[36m1070[0m - [34m[1mCopying /gcp-public-data-arco-era5/ar/full_37-1h-0p25deg-chunk-1.zarr-v3/soil_temperature_level_2/926514.0.0 to local cache[0m
[32m2026-07-20 10:54:41.786[0m | [34m[1mDEBUG   [0m | [36mearth2studio.data.utils[0m:[36m_make_local_details[0m:[36m1070[0m - [34m[1mCopying /gcp-public-data-arco-era5/ar/full_37-1h-0p25deg-chunk-1.zarr-v3/volumetric_soil_water_layer_1/926514.0.0 to local cache[0m
[32m2026-07-20 10:54:41.790[0m | [34m[1mDEBUG   [0m | [36mearth2studio.data.utils[0m:[36m_make_local_details[0m:[36m1070[0m - [34m[1mCopying /gcp-public-data-arco-era5/ar/full_37-1h-0p25deg-chunk-1.zarr-v3/2m_dewpoint_temperature/926514.0.0 to local cache[0m
[32m2026-07-20 10:54:41.798[0m | [34m[1mDEBUG   [0m | [36mearth2studio.data.utils[0m:[36m_make_local_details[0m:[36m1070[0m - [34m[1mCopying /gcp-public-data-arco-era5/ar/full_37-1h-0p25deg-chunk-1.zarr-v3/v_component_of_wind/926514.0.0.0 to local cache[0m
[32m2026-07-20 10:54:41.851[0m | [34m[1mDEBUG   [0m | [36mearth2studio.data.utils[0m:[36m_make_local_details[0m:[36m1070[0m - [34m[1mCopying /gcp-public-data-arco-era5/ar/full_37-1h-0p25deg-chunk-1.zarr-v3/u_component_of_wind/926514.0.0.0 to local cache[0m
target_step 9: sum=3.2551e-03
Saved /cluster/projects/nn12107k/robin/earth2studio/aifs_attributions_vestlandet/aifs_ig_attributions_vestlandet_init2005-09-11T18_target2005-09-14T06.nc
Cleaned up temporary input data cache: /cluster/projects/nn12107k/robin/e2s_data_cache_r7h6t10n
Init: 2005-09-12 00:00:00 -> target valid time 2005-09-14 06:00:00 (9 steps, target_step=8)
[32m2026-07-20 10:58:02.265[0m | [34m[1mDEBUG   [0m | [36mearth2studio.data.utils[0m:[36m_make_local_details[0m:[36m1070[0m - [34m[1mCopying /gcp-public-data-arco-era5/ar/full_37-1h-0p25deg-chunk-1.zarr-v3/.zattrs to local cache[0m
[32m2026-07-20 10:58:03.174[0m | [34m[1mDEBUG   [0m | [36mearth2studio.data.utils[0m:[36m_make_local_details[0m:[36m1070[0m - [34m[1mCopying /gcp-public-data-arco-era5/ar/full_37-1h-0p25deg-chunk-1.zarr-v3/.zgroup to local cache[0m
[32m2026-07-20 10:58:03.253[0m | [34m[1mDEBUG   [0m | [36mearth2studio.data.utils[0m:[36m_make_local_details[0m:[36m1070[0m - [34m[1mCopying /gcp-public-data-arco-era5/ar/full_37-1h-0p25deg-chunk-1.zarr-v3/.zmetadata to local cache[0m
[32m2026-07-20 10:58:03.558[0m | [34m[1mDEBUG   [0m | [36mearth2studio.data.utils[0m:[36m_make_local_details[0m:[36m1070[0m - [34m[1mCopying /gcp-public-data-arco-era5/ar/full_37-1h-0p25deg-chunk-1.zarr-v3/level/0 to local cache[0m
[32m2026-07-20 10:58:03.829[0m | [34m[1mDEBUG   [0m | [36mearth2studio.data.utils[0m:[36m_make_local_details[0m:[36m1070[0m - [34m[1mCopying /gcp-public-data-arco-era5/ar/model-level-1h-0p25deg.zarr-v1/.zattrs to local cache[0m
[32m2026-07-20 10:58:04.158[0m | [34m[1mDEBUG   [0m | [36mearth2studio.data.utils[0m:[36m_make_local_details[0m:[36m1070[0m - [34m[1mCopying /gcp-public-data-arco-era5/ar/model-level-1h-0p25deg.zarr-v1/.zgroup to local cache[0m
[32m2026-07-20 10:58:04.159[0m | [34m[1mDEBUG   [0m | [36mearth2studio.data.utils[0m:[36m_make_local_details[0m:[36m1070[0m - [34m[1mCopying /gcp-public-data-arco-era5/ar/model-level-1h-0p25deg.zarr-v1/.zmetadata to local cache[0m
[32m2026-07-20 10:58:04.509[0m | [34m[1mDEBUG   [0m | [36mearth2studio.data.utils[0m:[36m_make_local_details[0m:[36m1070[0m - [34m[1mCopying /gcp-public-data-arco-era5/ar/model-level-1h-0p25deg.zarr-v1/hybrid/0 to local cache[0m
[32m2026-07-20 10:58:04.988[0m | [34m[1mDEBUG   [0m | [36mearth2studio.data.utils[0m:[36m_make_local_details[0m:[36m1070[0m - [34m[1mCopying /gcp-public-data-arco-era5/ar/full_37-1h-0p25deg-chunk-1.zarr-v3/volumetric_soil_water_layer_1/926514.0.0 to local cache[0m
[32m2026-07-20 10:58:04.992[0m | [34m[1mDEBUG   [0m | [36mearth2studio.data.utils[0m:[36m_make_local_details[0m:[36m1070[0m - [34m[1mCopying /gcp-public-data-arco-era5/ar/full_37-1h-0p25deg-chunk-1.zarr-v3/u_component_of_wind/926514.0.0.0 to local cache[0m
[32m2026-07-20 10:58:05.074[0m | [34m[1mDEBUG   [0m | [36mearth2studio.data.utils[0m:[36m_make_local_details[0m:[36m1070[0m - [34m[1mCopying /gcp-public-data-arco-era5/ar/full_37-1h-0p25deg-chunk-1.zarr-v3/10m_v_component_of_wind/926514.0.0 to local cache[0m
[32m2026-07-20 10:58:05.075[0m | [34m[1mDEBUG   [0m | [36mearth2studio.data.utils[0m:[36m_make_local_details[0m:[36m1070[0m - [34m[1mCopying /gcp-public-data-arco-era5/ar/full_37-1h-0p25deg-chunk-1.zarr-v3/temperature/926514.0.0.0 to local cache[0m
[32m2026-07-20 10:58:05.079[0m | [34m[1mDEBUG   [0m | [36mearth2studio.data.utils[0m:[36m_make_local_details[0m:[36m1070[0m - [34m[1mCopying /gcp-public-data-arco-era5/ar/full_37-1h-0p25deg-chunk-1.zarr-v3/geopotential/926514.0.0.0 to local cache[0m
[32m2026-07-20 10:58:05.079[0m | [34m[1mDEBUG   [0m | [36mearth2studio.data.utils[0m:[36m_make_local_details[0m:[36m1070[0m - [34m[1mCopying /gcp-public-data-arco-era5/ar/full_37-1h-0p25deg-chunk-1.zarr-v3/vertical_velocity/926514.0.0.0 to local cache[0m
[32m2026-07-20 10:58:05.081[0m | [34m[1mDEBUG   [0m | [36mearth2studio.data.utils[0m:[36m_make_local_details[0m:[36m1070[0m - [34m[1mCopying /gcp-public-data-arco-era5/ar/full_37-1h-0p25deg-chunk-1.zarr-v3/total_column_water/926514.0.0 to local cache[0m
[32m2026-07-20 10:58:05.096[0m | [34m[1mDEBUG   [0m | [36mearth2studio.data.utils[0m:[36m_make_local_details[0m:[36m1070[0m - [34m[1mCopying /gcp-public-data-arco-era5/ar/full_37-1h-0p25deg-chunk-1.zarr-v3/skin_temperature/926514.0.0 to local cache[0m
[32m2026-07-20 10:58:05.097[0m | [34m[1mDEBUG   [0m | [36mearth2studio.data.utils[0m:[36m_make_local_details[0m:[36m1070[0m - [34m[1mCopying /gcp-public-data-arco-era5/ar/full_37-1h-0p25deg-chunk-1.zarr-v3/2m_temperature/926514.0.0 to local cache[0m
[32m2026-07-20 10:58:05.098[0m | [34m[1mDEBUG   [0m | [36mearth2studio.data.utils[0m:[36m_make_local_details[0m:[36m1070[0m - [34m[1mCopying /gcp-public-data-arco-era5/ar/full_37-1h-0p25deg-chunk-1.zarr-v3/volumetric_soil_water_layer_2/926514.0.0 to local cache[0m
[32m2026-07-20 10:58:05.100[0m | [34m[1mDEBUG   [0m | [36mearth2studio.data.utils[0m:[36m_make_local_details[0m:[36m1070[0m - [34m[1mCopying /gcp-public-data-arco-era5/ar/full_37-1h-0p25deg-chunk-1.zarr-v3/2m_dewpoint_temperature/926514.0.0 to local cache[0m
[32m2026-07-20 10:58:05.102[0m | [34m[1mDEBUG   [0m | [36mearth2studio.data.utils[0m:[36m_make_local_details[0m:[36m1070[0m - [34m[1mCopying /gcp-public-data-arco-era5/ar/full_37-1h-0p25deg-chunk-1.zarr-v3/10m_u_component_of_wind/926514.0.0 to local cache[0m
[32m2026-07-20 10:58:05.104[0m | [34m[1mDEBUG   [0m | [36mearth2studio.data.utils[0m:[36m_make_local_details[0m:[36m1070[0m - [34m[1mCopying /gcp-public-data-arco-era5/ar/full_37-1h-0p25deg-chunk-1.zarr-v3/soil_temperature_level_2/926514.0.0 to local cache[0m
[32m2026-07-20 10:58:05.106[0m | [34m[1mDEBUG   [0m | [36mearth2studio.data.utils[0m:[36m_make_local_details[0m:[36m1070[0m - [34m[1mCopying /gcp-public-data-arco-era5/ar/full_37-1h-0p25deg-chunk-1.zarr-v3/mean_sea_level_pressure/926514.0.0 to local cache[0m
[32m2026-07-20 10:58:05.108[0m | [34m[1mDEBUG   [0m | [36mearth2studio.data.utils[0m:[36m_make_local_details[0m:[36m1070[0m - [34m[1mCopying /gcp-public-data-arco-era5/ar/full_37-1h-0p25deg-chunk-1.zarr-v3/specific_humidity/926514.0.0.0 to local cache[0m
[32m2026-07-20 10:58:05.113[0m | [34m[1mDEBUG   [0m | [36mearth2studio.data.utils[0m:[36m_make_local_details[0m:[36m1070[0m - [34m[1mCopying /gcp-public-data-arco-era5/ar/full_37-1h-0p25deg-chunk-1.zarr-v3/v_component_of_wind/926514.0.0.0 to local cache[0m
[32m2026-07-20 10:58:05.125[0m | [34m[1mDEBUG   [0m | [36mearth2studio.data.utils[0m:[36m_make_local_details[0m:[36m1070[0m - [34m[1mCopying /gcp-public-data-arco-era5/ar/full_37-1h-0p25deg-chunk-1.zarr-v3/soil_temperature_level_1/926514.0.0 to local cache[0m
[32m2026-07-20 10:58:05.132[0m | [34m[1mDEBUG   [0m | [36mearth2studio.data.utils[0m:[36m_make_local_details[0m:[36m1070[0m - [34m[1mCopying /gcp-public-data-arco-era5/ar/full_37-1h-0p25deg-chunk-1.zarr-v3/surface_pressure/926514.0.0 to local cache[0m
[32m2026-07-20 10:58:11.101[0m | [34m[1mDEBUG   [0m | [36mearth2studio.data.utils[0m:[36m_make_local_details[0m:[36m1070[0m - [34m[1mCopying /gcp-public-data-arco-era5/ar/full_37-1h-0p25deg-chunk-1.zarr-v3/soil_temperature_level_1/926520.0.0 to local cache[0m
[32m2026-07-20 10:58:11.103[0m | [34m[1mDEBUG   [0m | [36mearth2studio.data.utils[0m:[36m_make_local_details[0m:[36m1070[0m - [34m[1mCopying /gcp-public-data-arco-era5/ar/full_37-1h-0p25deg-chunk-1.zarr-v3/surface_pressure/926520.0.0 to local cache[0m
[32m2026-07-20 10:58:11.105[0m | [34m[1mDEBUG   [0m | [36mearth2studio.data.utils[0m:[36m_make_local_details[0m:[36m1070[0m - [34m[1mCopying /gcp-public-data-arco-era5/ar/full_37-1h-0p25deg-chunk-1.zarr-v3/specific_humidity/926520.0.0.0 to local cache[0m
[32m2026-07-20 10:58:11.106[0m | [34m[1mDEBUG   [0m | [36mearth2studio.data.utils[0m:[36m_make_local_details[0m:[36m1070[0m - [34m[1mCopying /gcp-public-data-arco-era5/ar/full_37-1h-0p25deg-chunk-1.zarr-v3/2m_temperature/926520.0.0 to local cache[0m
[32m2026-07-20 10:58:11.108[0m | [34m[1mDEBUG   [0m | [36mearth2studio.data.utils[0m:[36m_make_local_details[0m:[36m1070[0m - [34m[1mCopying /gcp-public-data-arco-era5/ar/full_37-1h-0p25deg-chunk-1.zarr-v3/10m_u_component_of_wind/926520.0.0 to local cache[0m
[32m2026-07-20 10:58:11.110[0m | [34m[1mDEBUG   [0m | [36mearth2studio.data.utils[0m:[36m_make_local_details[0m:[36m1070[0m - [34m[1mCopying /gcp-public-data-arco-era5/ar/full_37-1h-0p25deg-chunk-1.zarr-v3/volumetric_soil_water_layer_1/926520.0.0 to local cache[0m
[32m2026-07-20 10:58:11.112[0m | [34m[1mDEBUG   [0m | [36mearth2studio.data.utils[0m:[36m_make_local_details[0m:[36m1070[0m - [34m[1mCopying /gcp-public-data-arco-era5/ar/full_37-1h-0p25deg-chunk-1.zarr-v3/vertical_velocity/926520.0.0.0 to local cache[0m
[32m2026-07-20 10:58:11.119[0m | [34m[1mDEBUG   [0m | [36mearth2studio.data.utils[0m:[36m_make_local_details[0m:[36m1070[0m - [34m[1mCopying /gcp-public-data-arco-era5/ar/full_37-1h-0p25deg-chunk-1.zarr-v3/total_column_water/926520.0.0 to local cache[0m
[32m2026-07-20 10:58:11.120[0m | [34m[1mDEBUG   [0m | [36mearth2studio.data.utils[0m:[36m_make_local_details[0m:[36m1070[0m - [34m[1mCopying /gcp-public-data-arco-era5/ar/full_37-1h-0p25deg-chunk-1.zarr-v3/10m_v_component_of_wind/926520.0.0 to local cache[0m
[32m2026-07-20 10:58:11.188[0m | [34m[1mDEBUG   [0m | [36mearth2studio.data.utils[0m:[36m_make_local_details[0m:[36m1070[0m - [34m[1mCopying /gcp-public-data-arco-era5/ar/full_37-1h-0p25deg-chunk-1.zarr-v3/skin_temperature/926520.0.0 to local cache[0m
[32m2026-07-20 10:58:11.190[0m | [34m[1mDEBUG   [0m | [36mearth2studio.data.utils[0m:[36m_make_local_details[0m:[36m1070[0m - [34m[1mCopying /gcp-public-data-arco-era5/ar/full_37-1h-0p25deg-chunk-1.zarr-v3/volumetric_soil_water_layer_2/926520.0.0 to local cache[0m
[32m2026-07-20 10:58:11.203[0m | [34m[1mDEBUG   [0m | [36mearth2studio.data.utils[0m:[36m_make_local_details[0m:[36m1070[0m - [34m[1mCopying /gcp-public-data-arco-era5/ar/full_37-1h-0p25deg-chunk-1.zarr-v3/soil_temperature_level_2/926520.0.0 to local cache[0m
[32m2026-07-20 10:58:11.205[0m | [34m[1mDEBUG   [0m | [36mearth2studio.data.utils[0m:[36m_make_local_details[0m:[36m1070[0m - [34m[1mCopying /gcp-public-data-arco-era5/ar/full_37-1h-0p25deg-chunk-1.zarr-v3/geopotential/926520.0.0.0 to local cache[0m
[32m2026-07-20 10:58:11.206[0m | [34m[1mDEBUG   [0m | [36mearth2studio.data.utils[0m:[36m_make_local_details[0m:[36m1070[0m - [34m[1mCopying /gcp-public-data-arco-era5/ar/full_37-1h-0p25deg-chunk-1.zarr-v3/u_component_of_wind/926520.0.0.0 to local cache[0m
[32m2026-07-20 10:58:11.207[0m | [34m[1mDEBUG   [0m | [36mearth2studio.data.utils[0m:[36m_make_local_details[0m:[36m1070[0m - [34m[1mCopying /gcp-public-data-arco-era5/ar/full_37-1h-0p25deg-chunk-1.zarr-v3/2m_dewpoint_temperature/926520.0.0 to local cache[0m
[32m2026-07-20 10:58:11.209[0m | [34m[1mDEBUG   [0m | [36mearth2studio.data.utils[0m:[36m_make_local_details[0m:[36m1070[0m - [34m[1mCopying /gcp-public-data-arco-era5/ar/full_37-1h-0p25deg-chunk-1.zarr-v3/v_component_of_wind/926520.0.0.0 to local cache[0m
[32m2026-07-20 10:58:11.210[0m | [34m[1mDEBUG   [0m | [36mearth2studio.data.utils[0m:[36m_make_local_details[0m:[36m1070[0m - [34m[1mCopying /gcp-public-data-arco-era5/ar/full_37-1h-0p25deg-chunk-1.zarr-v3/mean_sea_level_pressure/926520.0.0 to local cache[0m
[32m2026-07-20 10:58:11.252[0m | [34m[1mDEBUG   [0m | [36mearth2studio.data.utils[0m:[36m_make_local_details[0m:[36m1070[0m - [34m[1mCopying /gcp-public-data-arco-era5/ar/full_37-1h-0p25deg-chunk-1.zarr-v3/temperature/926520.0.0.0 to local cache[0m
target_step 8: sum=-1.3515e-02
Saved /cluster/projects/nn12107k/robin/earth2studio/aifs_attributions_vestlandet/aifs_ig_attributions_vestlandet_init2005-09-12T00_target2005-09-14T06.nc
Cleaned up temporary input data cache: /cluster/projects/nn12107k/robin/e2s_data_cache_uvkyegmu
Init: 2005-09-12 06:00:00 -> target valid time 2005-09-14 06:00:00 (8 steps, target_step=7)
[32m2026-07-20 11:01:12.442[0m | [34m[1mDEBUG   [0m | [36mearth2studio.data.utils[0m:[36m_make_local_details[0m:[36m1070[0m - [34m[1mCopying /gcp-public-data-arco-era5/ar/full_37-1h-0p25deg-chunk-1.zarr-v3/.zattrs to local cache[0m
[32m2026-07-20 11:01:13.352[0m | [34m[1mDEBUG   [0m | [36mearth2studio.data.utils[0m:[36m_make_local_details[0m:[36m1070[0m - [34m[1mCopying /gcp-public-data-arco-era5/ar/full_37-1h-0p25deg-chunk-1.zarr-v3/.zgroup to local cache[0m
[32m2026-07-20 11:01:13.431[0m | [34m[1mDEBUG   [0m | [36mearth2studio.data.utils[0m:[36m_make_local_details[0m:[36m1070[0m - [34m[1mCopying /gcp-public-data-arco-era5/ar/full_37-1h-0p25deg-chunk-1.zarr-v3/.zmetadata to local cache[0m
[32m2026-07-20 11:01:13.741[0m | [34m[1mDEBUG   [0m | [36mearth2studio.data.utils[0m:[36m_make_local_details[0m:[36m1070[0m - [34m[1mCopying /gcp-public-data-arco-era5/ar/full_37-1h-0p25deg-chunk-1.zarr-v3/level/0 to local cache[0m
[32m2026-07-20 11:01:14.015[0m | [34m[1mDEBUG   [0m | [36mearth2studio.data.utils[0m:[36m_make_local_details[0m:[36m1070[0m - [34m[1mCopying /gcp-public-data-arco-era5/ar/model-level-1h-0p25deg.zarr-v1/.zattrs to local cache[0m
[32m2026-07-20 11:01:14.373[0m | [34m[1mDEBUG   [0m | [36mearth2studio.data.utils[0m:[36m_make_local_details[0m:[36m1070[0m - [34m[1mCopying /gcp-public-data-arco-era5/ar/model-level-1h-0p25deg.zarr-v1/.zgroup to local cache[0m
[32m2026-07-20 11:01:14.377[0m | [34m[1mDEBUG   [0m | [36mearth2studio.data.utils[0m:[36m_make_local_details[0m:[36m1070[0m - [34m[1mCopying /gcp-public-data-arco-era5/ar/model-level-1h-0p25deg.zarr-v1/.zmetadata to local cache[0m
[32m2026-07-20 11:01:14.691[0m | [34m[1mDEBUG   [0m | [36mearth2studio.data.utils[0m:[36m_make_local_details[0m:[36m1070[0m - [34m[1mCopying /gcp-public-data-arco-era5/ar/model-level-1h-0p25deg.zarr-v1/hybrid/0 to local cache[0m
[32m2026-07-20 11:01:14.935[0m | [34m[1mDEBUG   [0m | [36mearth2studio.data.utils[0m:[36m_make_local_details[0m:[36m1070[0m - [34m[1mCopying /gcp-public-data-arco-era5/ar/full_37-1h-0p25deg-chunk-1.zarr-v3/v_component_of_wind/926520.0.0.0 to local cache[0m
[32m2026-07-20 11:01:14.939[0m | [34m[1mDEBUG   [0m | [36mearth2studio.data.utils[0m:[36m_make_local_details[0m:[36m1070[0m - [34m[1mCopying /gcp-public-data-arco-era5/ar/full_37-1h-0p25deg-chunk-1.zarr-v3/temperature/926520.0.0.0 to local cache[0m
[32m2026-07-20 11:01:15.020[0m | [34m[1mDEBUG   [0m | [36mearth2studio.data.utils[0m:[36m_make_local_details[0m:[36m1070[0m - [34m[1mCopying /gcp-public-data-arco-era5/ar/full_37-1h-0p25deg-chunk-1.zarr-v3/volumetric_soil_water_layer_1/926520.0.0 to local cache[0m
[32m2026-07-20 11:01:15.026[0m | [34m[1mDEBUG   [0m | [36mearth2studio.data.utils[0m:[36m_make_local_details[0m:[36m1070[0m - [34m[1mCopying /gcp-public-data-arco-era5/ar/full_37-1h-0p25deg-chunk-1.zarr-v3/u_component_of_wind/926520.0.0.0 to local cache[0m
[32m2026-07-20 11:01:15.039[0m | [34m[1mDEBUG   [0m | [36mearth2studio.data.utils[0m:[36m_make_local_details[0m:[36m1070[0m - [34m[1mCopying /gcp-public-data-arco-era5/ar/full_37-1h-0p25deg-chunk-1.zarr-v3/surface_pressure/926520.0.0 to local cache[0m
[32m2026-07-20 11:01:15.041[0m | [34m[1mDEBUG   [0m | [36mearth2studio.data.utils[0m:[36m_make_local_details[0m:[36m1070[0m - [34m[1mCopying /gcp-public-data-arco-era5/ar/full_37-1h-0p25deg-chunk-1.zarr-v3/volumetric_soil_water_layer_2/926520.0.0 to local cache[0m
[32m2026-07-20 11:01:15.042[0m | [34m[1mDEBUG   [0m | [36mearth2studio.data.utils[0m:[36m_make_local_details[0m:[36m1070[0m - [34m[1mCopying /gcp-public-data-arco-era5/ar/full_37-1h-0p25deg-chunk-1.zarr-v3/specific_humidity/926520.0.0.0 to local cache[0m
[32m2026-07-20 11:01:15.044[0m | [34m[1mDEBUG   [0m | [36mearth2studio.data.utils[0m:[36m_make_local_details[0m:[36m1070[0m - [34m[1mCopying /gcp-public-data-arco-era5/ar/full_37-1h-0p25deg-chunk-1.zarr-v3/geopotential/926520.0.0.0 to local cache[0m
[32m2026-07-20 11:01:15.045[0m | [34m[1mDEBUG   [0m | [36mearth2studio.data.utils[0m:[36m_make_local_details[0m:[36m1070[0m - [34m[1mCopying /gcp-public-data-arco-era5/ar/full_37-1h-0p25deg-chunk-1.zarr-v3/total_column_water/926520.0.0 to local cache[0m
[32m2026-07-20 11:01:15.046[0m | [34m[1mDEBUG   [0m | [36mearth2studio.data.utils[0m:[36m_make_local_details[0m:[36m1070[0m - [34m[1mCopying /gcp-public-data-arco-era5/ar/full_37-1h-0p25deg-chunk-1.zarr-v3/2m_temperature/926520.0.0 to local cache[0m
[32m2026-07-20 11:01:15.047[0m | [34m[1mDEBUG   [0m | [36mearth2studio.data.utils[0m:[36m_make_local_details[0m:[36m1070[0m - [34m[1mCopying /gcp-public-data-arco-era5/ar/full_37-1h-0p25deg-chunk-1.zarr-v3/soil_temperature_level_1/926520.0.0 to local cache[0m
[32m2026-07-20 11:01:15.049[0m | [34m[1mDEBUG   [0m | [36mearth2studio.data.utils[0m:[36m_make_local_details[0m:[36m1070[0m - [34m[1mCopying /gcp-public-data-arco-era5/ar/full_37-1h-0p25deg-chunk-1.zarr-v3/vertical_velocity/926520.0.0.0 to local cache[0m
[32m2026-07-20 11:01:15.052[0m | [34m[1mDEBUG   [0m | [36mearth2studio.data.utils[0m:[36m_make_local_details[0m:[36m1070[0m - [34m[1mCopying /gcp-public-data-arco-era5/ar/full_37-1h-0p25deg-chunk-1.zarr-v3/soil_temperature_level_2/926520.0.0 to local cache[0m
[32m2026-07-20 11:01:15.053[0m | [34m[1mDEBUG   [0m | [36mearth2studio.data.utils[0m:[36m_make_local_details[0m:[36m1070[0m - [34m[1mCopying /gcp-public-data-arco-era5/ar/full_37-1h-0p25deg-chunk-1.zarr-v3/mean_sea_level_pressure/926520.0.0 to local cache[0m
[32m2026-07-20 11:01:15.063[0m | [34m[1mDEBUG   [0m | [36mearth2studio.data.utils[0m:[36m_make_local_details[0m:[36m1070[0m - [34m[1mCopying /gcp-public-data-arco-era5/ar/full_37-1h-0p25deg-chunk-1.zarr-v3/10m_u_component_of_wind/926520.0.0 to local cache[0m
[32m2026-07-20 11:01:15.095[0m | [34m[1mDEBUG   [0m | [36mearth2studio.data.utils[0m:[36m_make_local_details[0m:[36m1070[0m - [34m[1mCopying /gcp-public-data-arco-era5/ar/full_37-1h-0p25deg-chunk-1.zarr-v3/skin_temperature/926520.0.0 to local cache[0m
[32m2026-07-20 11:01:15.107[0m | [34m[1mDEBUG   [0m | [36mearth2studio.data.utils[0m:[36m_make_local_details[0m:[36m1070[0m - [34m[1mCopying /gcp-public-data-arco-era5/ar/full_37-1h-0p25deg-chunk-1.zarr-v3/10m_v_component_of_wind/926520.0.0 to local cache[0m
[32m2026-07-20 11:01:16.046[0m | [34m[1mDEBUG   [0m | [36mearth2studio.data.utils[0m:[36m_make_local_details[0m:[36m1070[0m - [34m[1mCopying /gcp-public-data-arco-era5/ar/full_37-1h-0p25deg-chunk-1.zarr-v3/2m_dewpoint_temperature/926520.0.0 to local cache[0m
[32m2026-07-20 11:01:20.288[0m | [34m[1mDEBUG   [0m | [36mearth2studio.data.utils[0m:[36m_make_local_details[0m:[36m1070[0m - [34m[1mCopying /gcp-public-data-arco-era5/ar/full_37-1h-0p25deg-chunk-1.zarr-v3/10m_u_component_of_wind/926526.0.0 to local cache[0m
[32m2026-07-20 11:01:20.290[0m | [34m[1mDEBUG   [0m | [36mearth2studio.data.utils[0m:[36m_make_local_details[0m:[36m1070[0m - [34m[1mCopying /gcp-public-data-arco-era5/ar/full_37-1h-0p25deg-chunk-1.zarr-v3/skin_temperature/926526.0.0 to local cache[0m
[32m2026-07-20 11:01:20.291[0m | [34m[1mDEBUG   [0m | [36mearth2studio.data.utils[0m:[36m_make_local_details[0m:[36m1070[0m - [34m[1mCopying /gcp-public-data-arco-era5/ar/full_37-1h-0p25deg-chunk-1.zarr-v3/2m_temperature/926526.0.0 to local cache[0m
[32m2026-07-20 11:01:20.294[0m | [34m[1mDEBUG   [0m | [36mearth2studio.data.utils[0m:[36m_make_local_details[0m:[36m1070[0m - [34m[1mCopying /gcp-public-data-arco-era5/ar/full_37-1h-0p25deg-chunk-1.zarr-v3/soil_temperature_level_2/926526.0.0 to local cache[0m
[32m2026-07-20 11:01:20.296[0m | [34m[1mDEBUG   [0m | [36mearth2studio.data.utils[0m:[36m_make_local_details[0m:[36m1070[0m - [34m[1mCopying /gcp-public-data-arco-era5/ar/full_37-1h-0p25deg-chunk-1.zarr-v3/v_component_of_wind/926526.0.0.0 to local cache[0m
[32m2026-07-20 11:01:20.296[0m | [34m[1mDEBUG   [0m | [36mearth2studio.data.utils[0m:[36m_make_local_details[0m:[36m1070[0m - [34m[1mCopying /gcp-public-data-arco-era5/ar/full_37-1h-0p25deg-chunk-1.zarr-v3/temperature/926526.0.0.0 to local cache[0m
[32m2026-07-20 11:01:20.298[0m | [34m[1mDEBUG   [0m | [36mearth2studio.data.utils[0m:[36m_make_local_details[0m:[36m1070[0m - [34m[1mCopying /gcp-public-data-arco-era5/ar/full_37-1h-0p25deg-chunk-1.zarr-v3/surface_pressure/926526.0.0 to local cache[0m
[32m2026-07-20 11:01:20.300[0m | [34m[1mDEBUG   [0m | [36mearth2studio.data.utils[0m:[36m_make_local_details[0m:[36m1070[0m - [34m[1mCopying /gcp-public-data-arco-era5/ar/full_37-1h-0p25deg-chunk-1.zarr-v3/geopotential/926526.0.0.0 to local cache[0m
[32m2026-07-20 11:01:20.304[0m | [34m[1mDEBUG   [0m | [36mearth2studio.data.utils[0m:[36m_make_local_details[0m:[36m1070[0m - [34m[1mCopying /gcp-public-data-arco-era5/ar/full_37-1h-0p25deg-chunk-1.zarr-v3/total_column_water/926526.0.0 to local cache[0m
[32m2026-07-20 11:01:20.309[0m | [34m[1mDEBUG   [0m | [36mearth2studio.data.utils[0m:[36m_make_local_details[0m:[36m1070[0m - [34m[1mCopying /gcp-public-data-arco-era5/ar/full_37-1h-0p25deg-chunk-1.zarr-v3/volumetric_soil_water_layer_2/926526.0.0 to local cache[0m
[32m2026-07-20 11:01:20.369[0m | [34m[1mDEBUG   [0m | [36mearth2studio.data.utils[0m:[36m_make_local_details[0m:[36m1070[0m - [34m[1mCopying /gcp-public-data-arco-era5/ar/full_37-1h-0p25deg-chunk-1.zarr-v3/10m_v_component_of_wind/926526.0.0 to local cache[0m
[32m2026-07-20 11:01:20.375[0m | [34m[1mDEBUG   [0m | [36mearth2studio.data.utils[0m:[36m_make_local_details[0m:[36m1070[0m - [34m[1mCopying /gcp-public-data-arco-era5/ar/full_37-1h-0p25deg-chunk-1.zarr-v3/u_component_of_wind/926526.0.0.0 to local cache[0m
[32m2026-07-20 11:01:20.386[0m | [34m[1mDEBUG   [0m | [36mearth2studio.data.utils[0m:[36m_make_local_details[0m:[36m1070[0m - [34m[1mCopying /gcp-public-data-arco-era5/ar/full_37-1h-0p25deg-chunk-1.zarr-v3/mean_sea_level_pressure/926526.0.0 to local cache[0m
[32m2026-07-20 11:01:20.387[0m | [34m[1mDEBUG   [0m | [36mearth2studio.data.utils[0m:[36m_make_local_details[0m:[36m1070[0m - [34m[1mCopying /gcp-public-data-arco-era5/ar/full_37-1h-0p25deg-chunk-1.zarr-v3/vertical_velocity/926526.0.0.0 to local cache[0m
[32m2026-07-20 11:01:20.388[0m | [34m[1mDEBUG   [0m | [36mearth2studio.data.utils[0m:[36m_make_local_details[0m:[36m1070[0m - [34m[1mCopying /gcp-public-data-arco-era5/ar/full_37-1h-0p25deg-chunk-1.zarr-v3/soil_temperature_level_1/926526.0.0 to local cache[0m
[32m2026-07-20 11:01:20.390[0m | [34m[1mDEBUG   [0m | [36mearth2studio.data.utils[0m:[36m_make_local_details[0m:[36m1070[0m - [34m[1mCopying /gcp-public-data-arco-era5/ar/full_37-1h-0p25deg-chunk-1.zarr-v3/2m_dewpoint_temperature/926526.0.0 to local cache[0m
[32m2026-07-20 11:01:20.391[0m | [34m[1mDEBUG   [0m | [36mearth2studio.data.utils[0m:[36m_make_local_details[0m:[36m1070[0m - [34m[1mCopying /gcp-public-data-arco-era5/ar/full_37-1h-0p25deg-chunk-1.zarr-v3/specific_humidity/926526.0.0.0 to local cache[0m
[32m2026-07-20 11:01:20.474[0m | [34m[1mDEBUG   [0m | [36mearth2studio.data.utils[0m:[36m_make_local_details[0m:[36m1070[0m - [34m[1mCopying /gcp-public-data-arco-era5/ar/full_37-1h-0p25deg-chunk-1.zarr-v3/volumetric_soil_water_layer_1/926526.0.0 to local cache[0m
target_step 7: sum=-2.1521e-02
Saved /cluster/projects/nn12107k/robin/earth2studio/aifs_attributions_vestlandet/aifs_ig_attributions_vestlandet_init2005-09-12T06_target2005-09-14T06.nc
Cleaned up temporary input data cache: /cluster/projects/nn12107k/robin/e2s_data_cache_2038627u
Init: 2005-09-12 12:00:00 -> target valid time 2005-09-14 06:00:00 (7 steps, target_step=6)
[32m2026-07-20 11:04:02.537[0m | [34m[1mDEBUG   [0m | [36mearth2studio.data.utils[0m:[36m_make_local_details[0m:[36m1070[0m - [34m[1mCopying /gcp-public-data-arco-era5/ar/full_37-1h-0p25deg-chunk-1.zarr-v3/.zattrs to local cache[0m
[32m2026-07-20 11:04:03.442[0m | [34m[1mDEBUG   [0m | [36mearth2studio.data.utils[0m:[36m_make_local_details[0m:[36m1070[0m - [34m[1mCopying /gcp-public-data-arco-era5/ar/full_37-1h-0p25deg-chunk-1.zarr-v3/.zgroup to local cache[0m
[32m2026-07-20 11:04:03.515[0m | [34m[1mDEBUG   [0m | [36mearth2studio.data.utils[0m:[36m_make_local_details[0m:[36m1070[0m - [34m[1mCopying /gcp-public-data-arco-era5/ar/full_37-1h-0p25deg-chunk-1.zarr-v3/.zmetadata to local cache[0m
[32m2026-07-20 11:04:03.822[0m | [34m[1mDEBUG   [0m | [36mearth2studio.data.utils[0m:[36m_make_local_details[0m:[36m1070[0m - [34m[1mCopying /gcp-public-data-arco-era5/ar/full_37-1h-0p25deg-chunk-1.zarr-v3/level/0 to local cache[0m
[32m2026-07-20 11:04:04.092[0m | [34m[1mDEBUG   [0m | [36mearth2studio.data.utils[0m:[36m_make_local_details[0m:[36m1070[0m - [34m[1mCopying /gcp-public-data-arco-era5/ar/model-level-1h-0p25deg.zarr-v1/.zattrs to local cache[0m
[32m2026-07-20 11:04:04.405[0m | [34m[1mDEBUG   [0m | [36mearth2studio.data.utils[0m:[36m_make_local_details[0m:[36m1070[0m - [34m[1mCopying /gcp-public-data-arco-era5/ar/model-level-1h-0p25deg.zarr-v1/.zgroup to local cache[0m
[32m2026-07-20 11:04:04.447[0m | [34m[1mDEBUG   [0m | [36mearth2studio.data.utils[0m:[36m_make_local_details[0m:[36m1070[0m - [34m[1mCopying /gcp-public-data-arco-era5/ar/model-level-1h-0p25deg.zarr-v1/.zmetadata to local cache[0m
[32m2026-07-20 11:04:04.747[0m | [34m[1mDEBUG   [0m | [36mearth2studio.data.utils[0m:[36m_make_local_details[0m:[36m1070[0m - [34m[1mCopying /gcp-public-data-arco-era5/ar/model-level-1h-0p25deg.zarr-v1/hybrid/0 to local cache[0m
[32m2026-07-20 11:04:05.088[0m | [34m[1mDEBUG   [0m | [36mearth2studio.data.utils[0m:[36m_make_local_details[0m:[36m1070[0m - [34m[1mCopying /gcp-public-data-arco-era5/ar/full_37-1h-0p25deg-chunk-1.zarr-v3/2m_dewpoint_temperature/926526.0.0 to local cache[0m
[32m2026-07-20 11:04:05.130[0m | [34m[1mDEBUG   [0m | [36mearth2studio.data.utils[0m:[36m_make_local_details[0m:[36m1070[0m - [34m[1mCopying /gcp-public-data-arco-era5/ar/full_37-1h-0p25deg-chunk-1.zarr-v3/mean_sea_level_pressure/926526.0.0 to local cache[0m
[32m2026-07-20 11:04:05.163[0m | [34m[1mDEBUG   [0m | [36mearth2studio.data.utils[0m:[36m_make_local_details[0m:[36m1070[0m - [34m[1mCopying /gcp-public-data-arco-era5/ar/full_37-1h-0p25deg-chunk-1.zarr-v3/10m_u_component_of_wind/926526.0.0 to local cache[0m
[32m2026-07-20 11:04:05.191[0m | [34m[1mDEBUG   [0m | [36mearth2studio.data.utils[0m:[36m_make_local_details[0m:[36m1070[0m - [34m[1mCopying /gcp-public-data-arco-era5/ar/full_37-1h-0p25deg-chunk-1.zarr-v3/soil_temperature_level_1/926526.0.0 to local cache[0m
[32m2026-07-20 11:04:05.193[0m | [34m[1mDEBUG   [0m | [36mearth2studio.data.utils[0m:[36m_make_local_details[0m:[36m1070[0m - [34m[1mCopying /gcp-public-data-arco-era5/ar/full_37-1h-0p25deg-chunk-1.zarr-v3/soil_temperature_level_2/926526.0.0 to local cache[0m
[32m2026-07-20 11:04:05.194[0m | [34m[1mDEBUG   [0m | [36mearth2studio.data.utils[0m:[36m_make_local_details[0m:[36m1070[0m - [34m[1mCopying /gcp-public-data-arco-era5/ar/full_37-1h-0p25deg-chunk-1.zarr-v3/vertical_velocity/926526.0.0.0 to local cache[0m
[32m2026-07-20 11:04:05.196[0m | [34m[1mDEBUG   [0m | [36mearth2studio.data.utils[0m:[36m_make_local_details[0m:[36m1070[0m - [34m[1mCopying /gcp-public-data-arco-era5/ar/full_37-1h-0p25deg-chunk-1.zarr-v3/u_component_of_wind/926526.0.0.0 to local cache[0m
[32m2026-07-20 11:04:05.197[0m | [34m[1mDEBUG   [0m | [36mearth2studio.data.utils[0m:[36m_make_local_details[0m:[36m1070[0m - [34m[1mCopying /gcp-public-data-arco-era5/ar/full_37-1h-0p25deg-chunk-1.zarr-v3/10m_v_component_of_wind/926526.0.0 to local cache[0m
[32m2026-07-20 11:04:05.200[0m | [34m[1mDEBUG   [0m | [36mearth2studio.data.utils[0m:[36m_make_local_details[0m:[36m1070[0m - [34m[1mCopying /gcp-public-data-arco-era5/ar/full_37-1h-0p25deg-chunk-1.zarr-v3/total_column_water/926526.0.0 to local cache[0m
[32m2026-07-20 11:04:05.201[0m | [34m[1mDEBUG   [0m | [36mearth2studio.data.utils[0m:[36m_make_local_details[0m:[36m1070[0m - [34m[1mCopying /gcp-public-data-arco-era5/ar/full_37-1h-0p25deg-chunk-1.zarr-v3/2m_temperature/926526.0.0 to local cache[0m
[32m2026-07-20 11:04:05.202[0m | [34m[1mDEBUG   [0m | [36mearth2studio.data.utils[0m:[36m_make_local_details[0m:[36m1070[0m - [34m[1mCopying /gcp-public-data-arco-era5/ar/full_37-1h-0p25deg-chunk-1.zarr-v3/temperature/926526.0.0.0 to local cache[0m
[32m2026-07-20 11:04:05.203[0m | [34m[1mDEBUG   [0m | [36mearth2studio.data.utils[0m:[36m_make_local_details[0m:[36m1070[0m - [34m[1mCopying /gcp-public-data-arco-era5/ar/full_37-1h-0p25deg-chunk-1.zarr-v3/surface_pressure/926526.0.0 to local cache[0m
[32m2026-07-20 11:04:05.204[0m | [34m[1mDEBUG   [0m | [36mearth2studio.data.utils[0m:[36m_make_local_details[0m:[36m1070[0m - [34m[1mCopying /gcp-public-data-arco-era5/ar/full_37-1h-0p25deg-chunk-1.zarr-v3/geopotential/926526.0.0.0 to local cache[0m
[32m2026-07-20 11:04:05.205[0m | [34m[1mDEBUG   [0m | [36mearth2studio.data.utils[0m:[36m_make_local_details[0m:[36m1070[0m - [34m[1mCopying /gcp-public-data-arco-era5/ar/full_37-1h-0p25deg-chunk-1.zarr-v3/skin_temperature/926526.0.0 to local cache[0m
[32m2026-07-20 11:04:05.206[0m | [34m[1mDEBUG   [0m | [36mearth2studio.data.utils[0m:[36m_make_local_details[0m:[36m1070[0m - [34m[1mCopying /gcp-public-data-arco-era5/ar/full_37-1h-0p25deg-chunk-1.zarr-v3/specific_humidity/926526.0.0.0 to local cache[0m
[32m2026-07-20 11:04:05.210[0m | [34m[1mDEBUG   [0m | [36mearth2studio.data.utils[0m:[36m_make_local_details[0m:[36m1070[0m - [34m[1mCopying /gcp-public-data-arco-era5/ar/full_37-1h-0p25deg-chunk-1.zarr-v3/v_component_of_wind/926526.0.0.0 to local cache[0m
[32m2026-07-20 11:04:05.211[0m | [34m[1mDEBUG   [0m | [36mearth2studio.data.utils[0m:[36m_make_local_details[0m:[36m1070[0m - [34m[1mCopying /gcp-public-data-arco-era5/ar/full_37-1h-0p25deg-chunk-1.zarr-v3/volumetric_soil_water_layer_1/926526.0.0 to local cache[0m
[32m2026-07-20 11:04:05.297[0m | [34m[1mDEBUG   [0m | [36mearth2studio.data.utils[0m:[36m_make_local_details[0m:[36m1070[0m - [34m[1mCopying /gcp-public-data-arco-era5/ar/full_37-1h-0p25deg-chunk-1.zarr-v3/volumetric_soil_water_layer_2/926526.0.0 to local cache[0m
[32m2026-07-20 11:04:10.399[0m | [34m[1mDEBUG   [0m | [36mearth2studio.data.utils[0m:[36m_make_local_details[0m:[36m1070[0m - [34m[1mCopying /gcp-public-data-arco-era5/ar/full_37-1h-0p25deg-chunk-1.zarr-v3/10m_u_component_of_wind/926532.0.0 to local cache[0m
[32m2026-07-20 11:04:10.401[0m | [34m[1mDEBUG   [0m | [36mearth2studio.data.utils[0m:[36m_make_local_details[0m:[36m1070[0m - [34m[1mCopying /gcp-public-data-arco-era5/ar/full_37-1h-0p25deg-chunk-1.zarr-v3/2m_dewpoint_temperature/926532.0.0 to local cache[0m
[32m2026-07-20 11:04:10.403[0m | [34m[1mDEBUG   [0m | [36mearth2studio.data.utils[0m:[36m_make_local_details[0m:[36m1070[0m - [34m[1mCopying /gcp-public-data-arco-era5/ar/full_37-1h-0p25deg-chunk-1.zarr-v3/temperature/926532.0.0.0 to local cache[0m
[32m2026-07-20 11:04:10.403[0m | [34m[1mDEBUG   [0m | [36mearth2studio.data.utils[0m:[36m_make_local_details[0m:[36m1070[0m - [34m[1mCopying /gcp-public-data-arco-era5/ar/full_37-1h-0p25deg-chunk-1.zarr-v3/skin_temperature/926532.0.0 to local cache[0m
[32m2026-07-20 11:04:10.404[0m | [34m[1mDEBUG   [0m | [36mearth2studio.data.utils[0m:[36m_make_local_details[0m:[36m1070[0m - [34m[1mCopying /gcp-public-data-arco-era5/ar/full_37-1h-0p25deg-chunk-1.zarr-v3/soil_temperature_level_1/926532.0.0 to local cache[0m
[32m2026-07-20 11:04:10.405[0m | [34m[1mDEBUG   [0m | [36mearth2studio.data.utils[0m:[36m_make_local_details[0m:[36m1070[0m - [34m[1mCopying /gcp-public-data-arco-era5/ar/full_37-1h-0p25deg-chunk-1.zarr-v3/specific_humidity/926532.0.0.0 to local cache[0m
[32m2026-07-20 11:04:10.407[0m | [34m[1mDEBUG   [0m | [36mearth2studio.data.utils[0m:[36m_make_local_details[0m:[36m1070[0m - [34m[1mCopying /gcp-public-data-arco-era5/ar/full_37-1h-0p25deg-chunk-1.zarr-v3/volumetric_soil_water_layer_1/926532.0.0 to local cache[0m
[32m2026-07-20 11:04:10.408[0m | [34m[1mDEBUG   [0m | [36mearth2studio.data.utils[0m:[36m_make_local_details[0m:[36m1070[0m - [34m[1mCopying /gcp-public-data-arco-era5/ar/full_37-1h-0p25deg-chunk-1.zarr-v3/2m_temperature/926532.0.0 to local cache[0m
[32m2026-07-20 11:04:10.409[0m | [34m[1mDEBUG   [0m | [36mearth2studio.data.utils[0m:[36m_make_local_details[0m:[36m1070[0m - [34m[1mCopying /gcp-public-data-arco-era5/ar/full_37-1h-0p25deg-chunk-1.zarr-v3/total_column_water/926532.0.0 to local cache[0m
[32m2026-07-20 11:04:10.486[0m | [34m[1mDEBUG   [0m | [36mearth2studio.data.utils[0m:[36m_make_local_details[0m:[36m1070[0m - [34m[1mCopying /gcp-public-data-arco-era5/ar/full_37-1h-0p25deg-chunk-1.zarr-v3/mean_sea_level_pressure/926532.0.0 to local cache[0m
[32m2026-07-20 11:04:10.491[0m | [34m[1mDEBUG   [0m | [36mearth2studio.data.utils[0m:[36m_make_local_details[0m:[36m1070[0m - [34m[1mCopying /gcp-public-data-arco-era5/ar/full_37-1h-0p25deg-chunk-1.zarr-v3/vertical_velocity/926532.0.0.0 to local cache[0m
[32m2026-07-20 11:04:10.494[0m | [34m[1mDEBUG   [0m | [36mearth2studio.data.utils[0m:[36m_make_local_details[0m:[36m1070[0m - [34m[1mCopying /gcp-public-data-arco-era5/ar/full_37-1h-0p25deg-chunk-1.zarr-v3/v_component_of_wind/926532.0.0.0 to local cache[0m
[32m2026-07-20 11:04:10.503[0m | [34m[1mDEBUG   [0m | [36mearth2studio.data.utils[0m:[36m_make_local_details[0m:[36m1070[0m - [34m[1mCopying /gcp-public-data-arco-era5/ar/full_37-1h-0p25deg-chunk-1.zarr-v3/u_component_of_wind/926532.0.0.0 to local cache[0m
[32m2026-07-20 11:04:10.504[0m | [34m[1mDEBUG   [0m | [36mearth2studio.data.utils[0m:[36m_make_local_details[0m:[36m1070[0m - [34m[1mCopying /gcp-public-data-arco-era5/ar/full_37-1h-0p25deg-chunk-1.zarr-v3/surface_pressure/926532.0.0 to local cache[0m
[32m2026-07-20 11:04:10.507[0m | [34m[1mDEBUG   [0m | [36mearth2studio.data.utils[0m:[36m_make_local_details[0m:[36m1070[0m - [34m[1mCopying /gcp-public-data-arco-era5/ar/full_37-1h-0p25deg-chunk-1.zarr-v3/volumetric_soil_water_layer_2/926532.0.0 to local cache[0m
[32m2026-07-20 11:04:10.507[0m | [34m[1mDEBUG   [0m | [36mearth2studio.data.utils[0m:[36m_make_local_details[0m:[36m1070[0m - [34m[1mCopying /gcp-public-data-arco-era5/ar/full_37-1h-0p25deg-chunk-1.zarr-v3/soil_temperature_level_2/926532.0.0 to local cache[0m
[32m2026-07-20 11:04:10.509[0m | [34m[1mDEBUG   [0m | [36mearth2studio.data.utils[0m:[36m_make_local_details[0m:[36m1070[0m - [34m[1mCopying /gcp-public-data-arco-era5/ar/full_37-1h-0p25deg-chunk-1.zarr-v3/geopotential/926532.0.0.0 to local cache[0m
[32m2026-07-20 11:04:10.510[0m | [34m[1mDEBUG   [0m | [36mearth2studio.data.utils[0m:[36m_make_local_details[0m:[36m1070[0m - [34m[1mCopying /gcp-public-data-arco-era5/ar/full_37-1h-0p25deg-chunk-1.zarr-v3/10m_v_component_of_wind/926532.0.0 to local cache[0m
target_step 6: sum=-3.8581e-02
Saved /cluster/projects/nn12107k/robin/earth2studio/aifs_attributions_vestlandet/aifs_ig_attributions_vestlandet_init2005-09-12T12_target2005-09-14T06.nc
Cleaned up temporary input data cache: /cluster/projects/nn12107k/robin/e2s_data_cache_rgvpx8in
Init: 2005-09-12 18:00:00 -> target valid time 2005-09-14 06:00:00 (6 steps, target_step=5)
[32m2026-07-20 11:06:33.573[0m | [34m[1mDEBUG   [0m | [36mearth2studio.data.utils[0m:[36m_make_local_details[0m:[36m1070[0m - [34m[1mCopying /gcp-public-data-arco-era5/ar/full_37-1h-0p25deg-chunk-1.zarr-v3/.zattrs to local cache[0m
[32m2026-07-20 11:06:34.472[0m | [34m[1mDEBUG   [0m | [36mearth2studio.data.utils[0m:[36m_make_local_details[0m:[36m1070[0m - [34m[1mCopying /gcp-public-data-arco-era5/ar/full_37-1h-0p25deg-chunk-1.zarr-v3/.zgroup to local cache[0m
[32m2026-07-20 11:06:34.553[0m | [34m[1mDEBUG   [0m | [36mearth2studio.data.utils[0m:[36m_make_local_details[0m:[36m1070[0m - [34m[1mCopying /gcp-public-data-arco-era5/ar/full_37-1h-0p25deg-chunk-1.zarr-v3/.zmetadata to local cache[0m
[32m2026-07-20 11:06:34.861[0m | [34m[1mDEBUG   [0m | [36mearth2studio.data.utils[0m:[36m_make_local_details[0m:[36m1070[0m - [34m[1mCopying /gcp-public-data-arco-era5/ar/full_37-1h-0p25deg-chunk-1.zarr-v3/level/0 to local cache[0m
[32m2026-07-20 11:06:35.131[0m | [34m[1mDEBUG   [0m | [36mearth2studio.data.utils[0m:[36m_make_local_details[0m:[36m1070[0m - [34m[1mCopying /gcp-public-data-arco-era5/ar/model-level-1h-0p25deg.zarr-v1/.zattrs to local cache[0m
[32m2026-07-20 11:06:35.427[0m | [34m[1mDEBUG   [0m | [36mearth2studio.data.utils[0m:[36m_make_local_details[0m:[36m1070[0m - [34m[1mCopying /gcp-public-data-arco-era5/ar/model-level-1h-0p25deg.zarr-v1/.zgroup to local cache[0m
[32m2026-07-20 11:06:35.431[0m | [34m[1mDEBUG   [0m | [36mearth2studio.data.utils[0m:[36m_make_local_details[0m:[36m1070[0m - [34m[1mCopying /gcp-public-data-arco-era5/ar/model-level-1h-0p25deg.zarr-v1/.zmetadata to local cache[0m
[32m2026-07-20 11:06:35.739[0m | [34m[1mDEBUG   [0m | [36mearth2studio.data.utils[0m:[36m_make_local_details[0m:[36m1070[0m - [34m[1mCopying /gcp-public-data-arco-era5/ar/model-level-1h-0p25deg.zarr-v1/hybrid/0 to local cache[0m
[32m2026-07-20 11:06:35.968[0m | [34m[1mDEBUG   [0m | [36mearth2studio.data.utils[0m:[36m_make_local_details[0m:[36m1070[0m - [34m[1mCopying /gcp-public-data-arco-era5/ar/full_37-1h-0p25deg-chunk-1.zarr-v3/10m_u_component_of_wind/926532.0.0 to local cache[0m
[32m2026-07-20 11:06:35.989[0m | [34m[1mDEBUG   [0m | [36mearth2studio.data.utils[0m:[36m_make_local_details[0m:[36m1070[0m - [34m[1mCopying /gcp-public-data-arco-era5/ar/full_37-1h-0p25deg-chunk-1.zarr-v3/geopotential/926532.0.0.0 to local cache[0m
[32m2026-07-20 11:06:36.050[0m | [34m[1mDEBUG   [0m | [36mearth2studio.data.utils[0m:[36m_make_local_details[0m:[36m1070[0m - [34m[1mCopying /gcp-public-data-arco-era5/ar/full_37-1h-0p25deg-chunk-1.zarr-v3/surface_pressure/926532.0.0 to local cache[0m
[32m2026-07-20 11:06:36.052[0m | [34m[1mDEBUG   [0m | [36mearth2studio.data.utils[0m:[36m_make_local_details[0m:[36m1070[0m - [34m[1mCopying /gcp-public-data-arco-era5/ar/full_37-1h-0p25deg-chunk-1.zarr-v3/specific_humidity/926532.0.0.0 to local cache[0m
[32m2026-07-20 11:06:36.058[0m | [34m[1mDEBUG   [0m | [36mearth2studio.data.utils[0m:[36m_make_local_details[0m:[36m1070[0m - [34m[1mCopying /gcp-public-data-arco-era5/ar/full_37-1h-0p25deg-chunk-1.zarr-v3/u_component_of_wind/926532.0.0.0 to local cache[0m
[32m2026-07-20 11:06:36.076[0m | [34m[1mDEBUG   [0m | [36mearth2studio.data.utils[0m:[36m_make_local_details[0m:[36m1070[0m - [34m[1mCopying /gcp-public-data-arco-era5/ar/full_37-1h-0p25deg-chunk-1.zarr-v3/v_component_of_wind/926532.0.0.0 to local cache[0m
[32m2026-07-20 11:06:36.080[0m | [34m[1mDEBUG   [0m | [36mearth2studio.data.utils[0m:[36m_make_local_details[0m:[36m1070[0m - [34m[1mCopying /gcp-public-data-arco-era5/ar/full_37-1h-0p25deg-chunk-1.zarr-v3/volumetric_soil_water_layer_2/926532.0.0 to local cache[0m
[32m2026-07-20 11:06:36.082[0m | [34m[1mDEBUG   [0m | [36mearth2studio.data.utils[0m:[36m_make_local_details[0m:[36m1070[0m - [34m[1mCopying /gcp-public-data-arco-era5/ar/full_37-1h-0p25deg-chunk-1.zarr-v3/soil_temperature_level_1/926532.0.0 to local cache[0m
[32m2026-07-20 11:06:36.083[0m | [34m[1mDEBUG   [0m | [36mearth2studio.data.utils[0m:[36m_make_local_details[0m:[36m1070[0m - [34m[1mCopying /gcp-public-data-arco-era5/ar/full_37-1h-0p25deg-chunk-1.zarr-v3/soil_temperature_level_2/926532.0.0 to local cache[0m
[32m2026-07-20 11:06:36.083[0m | [34m[1mDEBUG   [0m | [36mearth2studio.data.utils[0m:[36m_make_local_details[0m:[36m1070[0m - [34m[1mCopying /gcp-public-data-arco-era5/ar/full_37-1h-0p25deg-chunk-1.zarr-v3/temperature/926532.0.0.0 to local cache[0m
[32m2026-07-20 11:06:36.084[0m | [34m[1mDEBUG   [0m | [36mearth2studio.data.utils[0m:[36m_make_local_details[0m:[36m1070[0m - [34m[1mCopying /gcp-public-data-arco-era5/ar/full_37-1h-0p25deg-chunk-1.zarr-v3/mean_sea_level_pressure/926532.0.0 to local cache[0m
[32m2026-07-20 11:06:36.086[0m | [34m[1mDEBUG   [0m | [36mearth2studio.data.utils[0m:[36m_make_local_details[0m:[36m1070[0m - [34m[1mCopying /gcp-public-data-arco-era5/ar/full_37-1h-0p25deg-chunk-1.zarr-v3/2m_dewpoint_temperature/926532.0.0 to local cache[0m
[32m2026-07-20 11:06:36.087[0m | [34m[1mDEBUG   [0m | [36mearth2studio.data.utils[0m:[36m_make_local_details[0m:[36m1070[0m - [34m[1mCopying /gcp-public-data-arco-era5/ar/full_37-1h-0p25deg-chunk-1.zarr-v3/skin_temperature/926532.0.0 to local cache[0m
[32m2026-07-20 11:06:36.088[0m | [34m[1mDEBUG   [0m | [36mearth2studio.data.utils[0m:[36m_make_local_details[0m:[36m1070[0m - [34m[1mCopying /gcp-public-data-arco-era5/ar/full_37-1h-0p25deg-chunk-1.zarr-v3/volumetric_soil_water_layer_1/926532.0.0 to local cache[0m
[32m2026-07-20 11:06:36.091[0m | [34m[1mDEBUG   [0m | [36mearth2studio.data.utils[0m:[36m_make_local_details[0m:[36m1070[0m - [34m[1mCopying /gcp-public-data-arco-era5/ar/full_37-1h-0p25deg-chunk-1.zarr-v3/total_column_water/926532.0.0 to local cache[0m
[32m2026-07-20 11:06:36.092[0m | [34m[1mDEBUG   [0m | [36mearth2studio.data.utils[0m:[36m_make_local_details[0m:[36m1070[0m - [34m[1mCopying /gcp-public-data-arco-era5/ar/full_37-1h-0p25deg-chunk-1.zarr-v3/vertical_velocity/926532.0.0.0 to local cache[0m
[32m2026-07-20 11:06:36.092[0m | [34m[1mDEBUG   [0m | [36mearth2studio.data.utils[0m:[36m_make_local_details[0m:[36m1070[0m - [34m[1mCopying /gcp-public-data-arco-era5/ar/full_37-1h-0p25deg-chunk-1.zarr-v3/2m_temperature/926532.0.0 to local cache[0m
[32m2026-07-20 11:06:36.093[0m | [34m[1mDEBUG   [0m | [36mearth2studio.data.utils[0m:[36m_make_local_details[0m:[36m1070[0m - [34m[1mCopying /gcp-public-data-arco-era5/ar/full_37-1h-0p25deg-chunk-1.zarr-v3/10m_v_component_of_wind/926532.0.0 to local cache[0m
[32m2026-07-20 11:06:41.510[0m | [34m[1mDEBUG   [0m | [36mearth2studio.data.utils[0m:[36m_make_local_details[0m:[36m1070[0m - [34m[1mCopying /gcp-public-data-arco-era5/ar/full_37-1h-0p25deg-chunk-1.zarr-v3/total_column_water/926538.0.0 to local cache[0m
[32m2026-07-20 11:06:41.511[0m | [34m[1mDEBUG   [0m | [36mearth2studio.data.utils[0m:[36m_make_local_details[0m:[36m1070[0m - [34m[1mCopying /gcp-public-data-arco-era5/ar/full_37-1h-0p25deg-chunk-1.zarr-v3/2m_dewpoint_temperature/926538.0.0 to local cache[0m
[32m2026-07-20 11:06:41.512[0m | [34m[1mDEBUG   [0m | [36mearth2studio.data.utils[0m:[36m_make_local_details[0m:[36m1070[0m - [34m[1mCopying /gcp-public-data-arco-era5/ar/full_37-1h-0p25deg-chunk-1.zarr-v3/geopotential/926538.0.0.0 to local cache[0m
[32m2026-07-20 11:06:41.514[0m | [34m[1mDEBUG   [0m | [36mearth2studio.data.utils[0m:[36m_make_local_details[0m:[36m1070[0m - [34m[1mCopying /gcp-public-data-arco-era5/ar/full_37-1h-0p25deg-chunk-1.zarr-v3/vertical_velocity/926538.0.0.0 to local cache[0m
[32m2026-07-20 11:06:41.514[0m | [34m[1mDEBUG   [0m | [36mearth2studio.data.utils[0m:[36m_make_local_details[0m:[36m1070[0m - [34m[1mCopying /gcp-public-data-arco-era5/ar/full_37-1h-0p25deg-chunk-1.zarr-v3/10m_v_component_of_wind/926538.0.0 to local cache[0m
[32m2026-07-20 11:06:41.516[0m | [34m[1mDEBUG   [0m | [36mearth2studio.data.utils[0m:[36m_make_local_details[0m:[36m1070[0m - [34m[1mCopying /gcp-public-data-arco-era5/ar/full_37-1h-0p25deg-chunk-1.zarr-v3/mean_sea_level_pressure/926538.0.0 to local cache[0m
[32m2026-07-20 11:06:41.517[0m | [34m[1mDEBUG   [0m | [36mearth2studio.data.utils[0m:[36m_make_local_details[0m:[36m1070[0m - [34m[1mCopying /gcp-public-data-arco-era5/ar/full_37-1h-0p25deg-chunk-1.zarr-v3/2m_temperature/926538.0.0 to local cache[0m
[32m2026-07-20 11:06:41.521[0m | [34m[1mDEBUG   [0m | [36mearth2studio.data.utils[0m:[36m_make_local_details[0m:[36m1070[0m - [34m[1mCopying /gcp-public-data-arco-era5/ar/full_37-1h-0p25deg-chunk-1.zarr-v3/10m_u_component_of_wind/926538.0.0 to local cache[0m
[32m2026-07-20 11:06:41.586[0m | [34m[1mDEBUG   [0m | [36mearth2studio.data.utils[0m:[36m_make_local_details[0m:[36m1070[0m - [34m[1mCopying /gcp-public-data-arco-era5/ar/full_37-1h-0p25deg-chunk-1.zarr-v3/specific_humidity/926538.0.0.0 to local cache[0m
[32m2026-07-20 11:06:41.593[0m | [34m[1mDEBUG   [0m | [36mearth2studio.data.utils[0m:[36m_make_local_details[0m:[36m1070[0m - [34m[1mCopying /gcp-public-data-arco-era5/ar/full_37-1h-0p25deg-chunk-1.zarr-v3/v_component_of_wind/926538.0.0.0 to local cache[0m
[32m2026-07-20 11:06:41.598[0m | [34m[1mDEBUG   [0m | [36mearth2studio.data.utils[0m:[36m_make_local_details[0m:[36m1070[0m - [34m[1mCopying /gcp-public-data-arco-era5/ar/full_37-1h-0p25deg-chunk-1.zarr-v3/u_component_of_wind/926538.0.0.0 to local cache[0m
[32m2026-07-20 11:06:41.603[0m | [34m[1mDEBUG   [0m | [36mearth2studio.data.utils[0m:[36m_make_local_details[0m:[36m1070[0m - [34m[1mCopying /gcp-public-data-arco-era5/ar/full_37-1h-0p25deg-chunk-1.zarr-v3/volumetric_soil_water_layer_1/926538.0.0 to local cache[0m
[32m2026-07-20 11:06:41.606[0m | [34m[1mDEBUG   [0m | [36mearth2studio.data.utils[0m:[36m_make_local_details[0m:[36m1070[0m - [34m[1mCopying /gcp-public-data-arco-era5/ar/full_37-1h-0p25deg-chunk-1.zarr-v3/surface_pressure/926538.0.0 to local cache[0m
[32m2026-07-20 11:06:41.607[0m | [34m[1mDEBUG   [0m | [36mearth2studio.data.utils[0m:[36m_make_local_details[0m:[36m1070[0m - [34m[1mCopying /gcp-public-data-arco-era5/ar/full_37-1h-0p25deg-chunk-1.zarr-v3/temperature/926538.0.0.0 to local cache[0m
[32m2026-07-20 11:06:41.608[0m | [34m[1mDEBUG   [0m | [36mearth2studio.data.utils[0m:[36m_make_local_details[0m:[36m1070[0m - [34m[1mCopying /gcp-public-data-arco-era5/ar/full_37-1h-0p25deg-chunk-1.zarr-v3/soil_temperature_level_1/926538.0.0 to local cache[0m
[32m2026-07-20 11:06:41.613[0m | [34m[1mDEBUG   [0m | [36mearth2studio.data.utils[0m:[36m_make_local_details[0m:[36m1070[0m - [34m[1mCopying /gcp-public-data-arco-era5/ar/full_37-1h-0p25deg-chunk-1.zarr-v3/volumetric_soil_water_layer_2/926538.0.0 to local cache[0m
[32m2026-07-20 11:06:41.615[0m | [34m[1mDEBUG   [0m | [36mearth2studio.data.utils[0m:[36m_make_local_details[0m:[36m1070[0m - [34m[1mCopying /gcp-public-data-arco-era5/ar/full_37-1h-0p25deg-chunk-1.zarr-v3/soil_temperature_level_2/926538.0.0 to local cache[0m
[32m2026-07-20 11:06:41.661[0m | [34m[1mDEBUG   [0m | [36mearth2studio.data.utils[0m:[36m_make_local_details[0m:[36m1070[0m - [34m[1mCopying /gcp-public-data-arco-era5/ar/full_37-1h-0p25deg-chunk-1.zarr-v3/skin_temperature/926538.0.0 to local cache[0m
target_step 5: sum=-3.7670e-02
Saved /cluster/projects/nn12107k/robin/earth2studio/aifs_attributions_vestlandet/aifs_ig_attributions_vestlandet_init2005-09-12T18_target2005-09-14T06.nc
Cleaned up temporary input data cache: /cluster/projects/nn12107k/robin/e2s_data_cache_v0ui3_a9
Init: 2005-09-13 00:00:00 -> target valid time 2005-09-14 06:00:00 (5 steps, target_step=4)
[32m2026-07-20 11:08:45.336[0m | [34m[1mDEBUG   [0m | [36mearth2studio.data.utils[0m:[36m_make_local_details[0m:[36m1070[0m - [34m[1mCopying /gcp-public-data-arco-era5/ar/full_37-1h-0p25deg-chunk-1.zarr-v3/.zattrs to local cache[0m
[32m2026-07-20 11:08:46.233[0m | [34m[1mDEBUG   [0m | [36mearth2studio.data.utils[0m:[36m_make_local_details[0m:[36m1070[0m - [34m[1mCopying /gcp-public-data-arco-era5/ar/full_37-1h-0p25deg-chunk-1.zarr-v3/.zgroup to local cache[0m
[32m2026-07-20 11:08:46.306[0m | [34m[1mDEBUG   [0m | [36mearth2studio.data.utils[0m:[36m_make_local_details[0m:[36m1070[0m - [34m[1mCopying /gcp-public-data-arco-era5/ar/full_37-1h-0p25deg-chunk-1.zarr-v3/.zmetadata to local cache[0m
[32m2026-07-20 11:08:46.611[0m | [34m[1mDEBUG   [0m | [36mearth2studio.data.utils[0m:[36m_make_local_details[0m:[36m1070[0m - [34m[1mCopying /gcp-public-data-arco-era5/ar/full_37-1h-0p25deg-chunk-1.zarr-v3/level/0 to local cache[0m
[32m2026-07-20 11:08:46.878[0m | [34m[1mDEBUG   [0m | [36mearth2studio.data.utils[0m:[36m_make_local_details[0m:[36m1070[0m - [34m[1mCopying /gcp-public-data-arco-era5/ar/model-level-1h-0p25deg.zarr-v1/.zattrs to local cache[0m
[32m2026-07-20 11:08:47.200[0m | [34m[1mDEBUG   [0m | [36mearth2studio.data.utils[0m:[36m_make_local_details[0m:[36m1070[0m - [34m[1mCopying /gcp-public-data-arco-era5/ar/model-level-1h-0p25deg.zarr-v1/.zgroup to local cache[0m
[32m2026-07-20 11:08:47.202[0m | [34m[1mDEBUG   [0m | [36mearth2studio.data.utils[0m:[36m_make_local_details[0m:[36m1070[0m - [34m[1mCopying /gcp-public-data-arco-era5/ar/model-level-1h-0p25deg.zarr-v1/.zmetadata to local cache[0m
[32m2026-07-20 11:08:47.519[0m | [34m[1mDEBUG   [0m | [36mearth2studio.data.utils[0m:[36m_make_local_details[0m:[36m1070[0m - [34m[1mCopying /gcp-public-data-arco-era5/ar/model-level-1h-0p25deg.zarr-v1/hybrid/0 to local cache[0m
[32m2026-07-20 11:08:47.774[0m | [34m[1mDEBUG   [0m | [36mearth2studio.data.utils[0m:[36m_make_local_details[0m:[36m1070[0m - [34m[1mCopying /gcp-public-data-arco-era5/ar/full_37-1h-0p25deg-chunk-1.zarr-v3/mean_sea_level_pressure/926538.0.0 to local cache[0m
[32m2026-07-20 11:08:47.776[0m | [34m[1mDEBUG   [0m | [36mearth2studio.data.utils[0m:[36m_make_local_details[0m:[36m1070[0m - [34m[1mCopying /gcp-public-data-arco-era5/ar/full_37-1h-0p25deg-chunk-1.zarr-v3/10m_u_component_of_wind/926538.0.0 to local cache[0m
[32m2026-07-20 11:08:47.867[0m | [34m[1mDEBUG   [0m | [36mearth2studio.data.utils[0m:[36m_make_local_details[0m:[36m1070[0m - [34m[1mCopying /gcp-public-data-arco-era5/ar/full_37-1h-0p25deg-chunk-1.zarr-v3/surface_pressure/926538.0.0 to local cache[0m
[32m2026-07-20 11:08:47.871[0m | [34m[1mDEBUG   [0m | [36mearth2studio.data.utils[0m:[36m_make_local_details[0m:[36m1070[0m - [34m[1mCopying /gcp-public-data-arco-era5/ar/full_37-1h-0p25deg-chunk-1.zarr-v3/temperature/926538.0.0.0 to local cache[0m
[32m2026-07-20 11:08:47.873[0m | [34m[1mDEBUG   [0m | [36mearth2studio.data.utils[0m:[36m_make_local_details[0m:[36m1070[0m - [34m[1mCopying /gcp-public-data-arco-era5/ar/full_37-1h-0p25deg-chunk-1.zarr-v3/total_column_water/926538.0.0 to local cache[0m
[32m2026-07-20 11:08:47.875[0m | [34m[1mDEBUG   [0m | [36mearth2studio.data.utils[0m:[36m_make_local_details[0m:[36m1070[0m - [34m[1mCopying /gcp-public-data-arco-era5/ar/full_37-1h-0p25deg-chunk-1.zarr-v3/volumetric_soil_water_layer_1/926538.0.0 to local cache[0m
[32m2026-07-20 11:08:47.876[0m | [34m[1mDEBUG   [0m | [36mearth2studio.data.utils[0m:[36m_make_local_details[0m:[36m1070[0m - [34m[1mCopying /gcp-public-data-arco-era5/ar/full_37-1h-0p25deg-chunk-1.zarr-v3/v_component_of_wind/926538.0.0.0 to local cache[0m
[32m2026-07-20 11:08:47.878[0m | [34m[1mDEBUG   [0m | [36mearth2studio.data.utils[0m:[36m_make_local_details[0m:[36m1070[0m - [34m[1mCopying /gcp-public-data-arco-era5/ar/full_37-1h-0p25deg-chunk-1.zarr-v3/volumetric_soil_water_layer_2/926538.0.0 to local cache[0m
[32m2026-07-20 11:08:47.884[0m | [34m[1mDEBUG   [0m | [36mearth2studio.data.utils[0m:[36m_make_local_details[0m:[36m1070[0m - [34m[1mCopying /gcp-public-data-arco-era5/ar/full_37-1h-0p25deg-chunk-1.zarr-v3/soil_temperature_level_1/926538.0.0 to local cache[0m
[32m2026-07-20 11:08:47.885[0m | [34m[1mDEBUG   [0m | [36mearth2studio.data.utils[0m:[36m_make_local_details[0m:[36m1070[0m - [34m[1mCopying /gcp-public-data-arco-era5/ar/full_37-1h-0p25deg-chunk-1.zarr-v3/soil_temperature_level_2/926538.0.0 to local cache[0m
[32m2026-07-20 11:08:47.887[0m | [34m[1mDEBUG   [0m | [36mearth2studio.data.utils[0m:[36m_make_local_details[0m:[36m1070[0m - [34m[1mCopying /gcp-public-data-arco-era5/ar/full_37-1h-0p25deg-chunk-1.zarr-v3/skin_temperature/926538.0.0 to local cache[0m
[32m2026-07-20 11:08:47.887[0m | [34m[1mDEBUG   [0m | [36mearth2studio.data.utils[0m:[36m_make_local_details[0m:[36m1070[0m - [34m[1mCopying /gcp-public-data-arco-era5/ar/full_37-1h-0p25deg-chunk-1.zarr-v3/vertical_velocity/926538.0.0.0 to local cache[0m
[32m2026-07-20 11:08:47.888[0m | [34m[1mDEBUG   [0m | [36mearth2studio.data.utils[0m:[36m_make_local_details[0m:[36m1070[0m - [34m[1mCopying /gcp-public-data-arco-era5/ar/full_37-1h-0p25deg-chunk-1.zarr-v3/2m_temperature/926538.0.0 to local cache[0m
[32m2026-07-20 11:08:47.890[0m | [34m[1mDEBUG   [0m | [36mearth2studio.data.utils[0m:[36m_make_local_details[0m:[36m1070[0m - [34m[1mCopying /gcp-public-data-arco-era5/ar/full_37-1h-0p25deg-chunk-1.zarr-v3/specific_humidity/926538.0.0.0 to local cache[0m
[32m2026-07-20 11:08:47.892[0m | [34m[1mDEBUG   [0m | [36mearth2studio.data.utils[0m:[36m_make_local_details[0m:[36m1070[0m - [34m[1mCopying /gcp-public-data-arco-era5/ar/full_37-1h-0p25deg-chunk-1.zarr-v3/2m_dewpoint_temperature/926538.0.0 to local cache[0m
[32m2026-07-20 11:08:47.892[0m | [34m[1mDEBUG   [0m | [36mearth2studio.data.utils[0m:[36m_make_local_details[0m:[36m1070[0m - [34m[1mCopying /gcp-public-data-arco-era5/ar/full_37-1h-0p25deg-chunk-1.zarr-v3/u_component_of_wind/926538.0.0.0 to local cache[0m
[32m2026-07-20 11:08:47.893[0m | [34m[1mDEBUG   [0m | [36mearth2studio.data.utils[0m:[36m_make_local_details[0m:[36m1070[0m - [34m[1mCopying /gcp-public-data-arco-era5/ar/full_37-1h-0p25deg-chunk-1.zarr-v3/10m_v_component_of_wind/926538.0.0 to local cache[0m
[32m2026-07-20 11:08:47.895[0m | [34m[1mDEBUG   [0m | [36mearth2studio.data.utils[0m:[36m_make_local_details[0m:[36m1070[0m - [34m[1mCopying /gcp-public-data-arco-era5/ar/full_37-1h-0p25deg-chunk-1.zarr-v3/geopotential/926538.0.0.0 to local cache[0m
[32m2026-07-20 11:08:52.809[0m | [34m[1mDEBUG   [0m | [36mearth2studio.data.utils[0m:[36m_make_local_details[0m:[36m1070[0m - [34m[1mCopying /gcp-public-data-arco-era5/ar/full_37-1h-0p25deg-chunk-1.zarr-v3/total_column_water/926544.0.0 to local cache[0m
[32m2026-07-20 11:08:52.810[0m | [34m[1mDEBUG   [0m | [36mearth2studio.data.utils[0m:[36m_make_local_details[0m:[36m1070[0m - [34m[1mCopying /gcp-public-data-arco-era5/ar/full_37-1h-0p25deg-chunk-1.zarr-v3/soil_temperature_level_2/926544.0.0 to local cache[0m
[32m2026-07-20 11:08:52.812[0m | [34m[1mDEBUG   [0m | [36mearth2studio.data.utils[0m:[36m_make_local_details[0m:[36m1070[0m - [34m[1mCopying /gcp-public-data-arco-era5/ar/full_37-1h-0p25deg-chunk-1.zarr-v3/temperature/926544.0.0.0 to local cache[0m
[32m2026-07-20 11:08:52.812[0m | [34m[1mDEBUG   [0m | [36mearth2studio.data.utils[0m:[36m_make_local_details[0m:[36m1070[0m - [34m[1mCopying /gcp-public-data-arco-era5/ar/full_37-1h-0p25deg-chunk-1.zarr-v3/volumetric_soil_water_layer_1/926544.0.0 to local cache[0m
[32m2026-07-20 11:08:52.814[0m | [34m[1mDEBUG   [0m | [36mearth2studio.data.utils[0m:[36m_make_local_details[0m:[36m1070[0m - [34m[1mCopying /gcp-public-data-arco-era5/ar/full_37-1h-0p25deg-chunk-1.zarr-v3/skin_temperature/926544.0.0 to local cache[0m
[32m2026-07-20 11:08:52.814[0m | [34m[1mDEBUG   [0m | [36mearth2studio.data.utils[0m:[36m_make_local_details[0m:[36m1070[0m - [34m[1mCopying /gcp-public-data-arco-era5/ar/full_37-1h-0p25deg-chunk-1.zarr-v3/specific_humidity/926544.0.0.0 to local cache[0m
[32m2026-07-20 11:08:52.817[0m | [34m[1mDEBUG   [0m | [36mearth2studio.data.utils[0m:[36m_make_local_details[0m:[36m1070[0m - [34m[1mCopying /gcp-public-data-arco-era5/ar/full_37-1h-0p25deg-chunk-1.zarr-v3/10m_u_component_of_wind/926544.0.0 to local cache[0m
[32m2026-07-20 11:08:52.820[0m | [34m[1mDEBUG   [0m | [36mearth2studio.data.utils[0m:[36m_make_local_details[0m:[36m1070[0m - [34m[1mCopying /gcp-public-data-arco-era5/ar/full_37-1h-0p25deg-chunk-1.zarr-v3/2m_dewpoint_temperature/926544.0.0 to local cache[0m
[32m2026-07-20 11:08:52.823[0m | [34m[1mDEBUG   [0m | [36mearth2studio.data.utils[0m:[36m_make_local_details[0m:[36m1070[0m - [34m[1mCopying /gcp-public-data-arco-era5/ar/full_37-1h-0p25deg-chunk-1.zarr-v3/v_component_of_wind/926544.0.0.0 to local cache[0m
[32m2026-07-20 11:08:52.892[0m | [34m[1mDEBUG   [0m | [36mearth2studio.data.utils[0m:[36m_make_local_details[0m:[36m1070[0m - [34m[1mCopying /gcp-public-data-arco-era5/ar/full_37-1h-0p25deg-chunk-1.zarr-v3/10m_v_component_of_wind/926544.0.0 to local cache[0m
[32m2026-07-20 11:08:52.895[0m | [34m[1mDEBUG   [0m | [36mearth2studio.data.utils[0m:[36m_make_local_details[0m:[36m1070[0m - [34m[1mCopying /gcp-public-data-arco-era5/ar/full_37-1h-0p25deg-chunk-1.zarr-v3/u_component_of_wind/926544.0.0.0 to local cache[0m
[32m2026-07-20 11:08:52.899[0m | [34m[1mDEBUG   [0m | [36mearth2studio.data.utils[0m:[36m_make_local_details[0m:[36m1070[0m - [34m[1mCopying /gcp-public-data-arco-era5/ar/full_37-1h-0p25deg-chunk-1.zarr-v3/geopotential/926544.0.0.0 to local cache[0m
[32m2026-07-20 11:08:52.902[0m | [34m[1mDEBUG   [0m | [36mearth2studio.data.utils[0m:[36m_make_local_details[0m:[36m1070[0m - [34m[1mCopying /gcp-public-data-arco-era5/ar/full_37-1h-0p25deg-chunk-1.zarr-v3/soil_temperature_level_1/926544.0.0 to local cache[0m
[32m2026-07-20 11:08:52.906[0m | [34m[1mDEBUG   [0m | [36mearth2studio.data.utils[0m:[36m_make_local_details[0m:[36m1070[0m - [34m[1mCopying /gcp-public-data-arco-era5/ar/full_37-1h-0p25deg-chunk-1.zarr-v3/mean_sea_level_pressure/926544.0.0 to local cache[0m
[32m2026-07-20 11:08:52.909[0m | [34m[1mDEBUG   [0m | [36mearth2studio.data.utils[0m:[36m_make_local_details[0m:[36m1070[0m - [34m[1mCopying /gcp-public-data-arco-era5/ar/full_37-1h-0p25deg-chunk-1.zarr-v3/volumetric_soil_water_layer_2/926544.0.0 to local cache[0m
[32m2026-07-20 11:08:52.911[0m | [34m[1mDEBUG   [0m | [36mearth2studio.data.utils[0m:[36m_make_local_details[0m:[36m1070[0m - [34m[1mCopying /gcp-public-data-arco-era5/ar/full_37-1h-0p25deg-chunk-1.zarr-v3/vertical_velocity/926544.0.0.0 to local cache[0m
[32m2026-07-20 11:08:52.912[0m | [34m[1mDEBUG   [0m | [36mearth2studio.data.utils[0m:[36m_make_local_details[0m:[36m1070[0m - [34m[1mCopying /gcp-public-data-arco-era5/ar/full_37-1h-0p25deg-chunk-1.zarr-v3/surface_pressure/926544.0.0 to local cache[0m
[32m2026-07-20 11:08:52.916[0m | [34m[1mDEBUG   [0m | [36mearth2studio.data.utils[0m:[36m_make_local_details[0m:[36m1070[0m - [34m[1mCopying /gcp-public-data-arco-era5/ar/full_37-1h-0p25deg-chunk-1.zarr-v3/2m_temperature/926544.0.0 to local cache[0m
target_step 4: sum=-3.2719e-02
Saved /cluster/projects/nn12107k/robin/earth2studio/aifs_attributions_vestlandet/aifs_ig_attributions_vestlandet_init2005-09-13T00_target2005-09-14T06.nc
Cleaned up temporary input data cache: /cluster/projects/nn12107k/robin/e2s_data_cache_yrbi48dk
Init: 2005-09-13 06:00:00 -> target valid time 2005-09-14 06:00:00 (4 steps, target_step=3)
[32m2026-07-20 11:10:38.076[0m | [34m[1mDEBUG   [0m | [36mearth2studio.data.utils[0m:[36m_make_local_details[0m:[36m1070[0m - [34m[1mCopying /gcp-public-data-arco-era5/ar/full_37-1h-0p25deg-chunk-1.zarr-v3/.zattrs to local cache[0m
[32m2026-07-20 11:10:38.978[0m | [34m[1mDEBUG   [0m | [36mearth2studio.data.utils[0m:[36m_make_local_details[0m:[36m1070[0m - [34m[1mCopying /gcp-public-data-arco-era5/ar/full_37-1h-0p25deg-chunk-1.zarr-v3/.zgroup to local cache[0m
[32m2026-07-20 11:10:39.060[0m | [34m[1mDEBUG   [0m | [36mearth2studio.data.utils[0m:[36m_make_local_details[0m:[36m1070[0m - [34m[1mCopying /gcp-public-data-arco-era5/ar/full_37-1h-0p25deg-chunk-1.zarr-v3/.zmetadata to local cache[0m
[32m2026-07-20 11:10:39.370[0m | [34m[1mDEBUG   [0m | [36mearth2studio.data.utils[0m:[36m_make_local_details[0m:[36m1070[0m - [34m[1mCopying /gcp-public-data-arco-era5/ar/full_37-1h-0p25deg-chunk-1.zarr-v3/level/0 to local cache[0m
[32m2026-07-20 11:10:39.652[0m | [34m[1mDEBUG   [0m | [36mearth2studio.data.utils[0m:[36m_make_local_details[0m:[36m1070[0m - [34m[1mCopying /gcp-public-data-arco-era5/ar/model-level-1h-0p25deg.zarr-v1/.zattrs to local cache[0m
[32m2026-07-20 11:10:39.944[0m | [34m[1mDEBUG   [0m | [36mearth2studio.data.utils[0m:[36m_make_local_details[0m:[36m1070[0m - [34m[1mCopying /gcp-public-data-arco-era5/ar/model-level-1h-0p25deg.zarr-v1/.zmetadata to local cache[0m
[32m2026-07-20 11:10:39.946[0m | [34m[1mDEBUG   [0m | [36mearth2studio.data.utils[0m:[36m_make_local_details[0m:[36m1070[0m - [34m[1mCopying /gcp-public-data-arco-era5/ar/model-level-1h-0p25deg.zarr-v1/.zgroup to local cache[0m
[32m2026-07-20 11:10:40.262[0m | [34m[1mDEBUG   [0m | [36mearth2studio.data.utils[0m:[36m_make_local_details[0m:[36m1070[0m - [34m[1mCopying /gcp-public-data-arco-era5/ar/model-level-1h-0p25deg.zarr-v1/hybrid/0 to local cache[0m
[32m2026-07-20 11:10:40.495[0m | [34m[1mDEBUG   [0m | [36mearth2studio.data.utils[0m:[36m_make_local_details[0m:[36m1070[0m - [34m[1mCopying /gcp-public-data-arco-era5/ar/full_37-1h-0p25deg-chunk-1.zarr-v3/2m_dewpoint_temperature/926544.0.0 to local cache[0m
[32m2026-07-20 11:10:40.498[0m | [34m[1mDEBUG   [0m | [36mearth2studio.data.utils[0m:[36m_make_local_details[0m:[36m1070[0m - [34m[1mCopying /gcp-public-data-arco-era5/ar/full_37-1h-0p25deg-chunk-1.zarr-v3/10m_u_component_of_wind/926544.0.0 to local cache[0m
[32m2026-07-20 11:10:40.591[0m | [34m[1mDEBUG   [0m | [36mearth2studio.data.utils[0m:[36m_make_local_details[0m:[36m1070[0m - [34m[1mCopying /gcp-public-data-arco-era5/ar/full_37-1h-0p25deg-chunk-1.zarr-v3/10m_v_component_of_wind/926544.0.0 to local cache[0m
[32m2026-07-20 11:10:40.593[0m | [34m[1mDEBUG   [0m | [36mearth2studio.data.utils[0m:[36m_make_local_details[0m:[36m1070[0m - [34m[1mCopying /gcp-public-data-arco-era5/ar/full_37-1h-0p25deg-chunk-1.zarr-v3/v_component_of_wind/926544.0.0.0 to local cache[0m
[32m2026-07-20 11:10:40.593[0m | [34m[1mDEBUG   [0m | [36mearth2studio.data.utils[0m:[36m_make_local_details[0m:[36m1070[0m - [34m[1mCopying /gcp-public-data-arco-era5/ar/full_37-1h-0p25deg-chunk-1.zarr-v3/mean_sea_level_pressure/926544.0.0 to local cache[0m
[32m2026-07-20 11:10:40.595[0m | [34m[1mDEBUG   [0m | [36mearth2studio.data.utils[0m:[36m_make_local_details[0m:[36m1070[0m - [34m[1mCopying /gcp-public-data-arco-era5/ar/full_37-1h-0p25deg-chunk-1.zarr-v3/soil_temperature_level_1/926544.0.0 to local cache[0m
[32m2026-07-20 11:10:40.596[0m | [34m[1mDEBUG   [0m | [36mearth2studio.data.utils[0m:[36m_make_local_details[0m:[36m1070[0m - [34m[1mCopying /gcp-public-data-arco-era5/ar/full_37-1h-0p25deg-chunk-1.zarr-v3/vertical_velocity/926544.0.0.0 to local cache[0m
[32m2026-07-20 11:10:40.597[0m | [34m[1mDEBUG   [0m | [36mearth2studio.data.utils[0m:[36m_make_local_details[0m:[36m1070[0m - [34m[1mCopying /gcp-public-data-arco-era5/ar/full_37-1h-0p25deg-chunk-1.zarr-v3/u_component_of_wind/926544.0.0.0 to local cache[0m
[32m2026-07-20 11:10:40.606[0m | [34m[1mDEBUG   [0m | [36mearth2studio.data.utils[0m:[36m_make_local_details[0m:[36m1070[0m - [34m[1mCopying /gcp-public-data-arco-era5/ar/full_37-1h-0p25deg-chunk-1.zarr-v3/temperature/926544.0.0.0 to local cache[0m
[32m2026-07-20 11:10:40.607[0m | [34m[1mDEBUG   [0m | [36mearth2studio.data.utils[0m:[36m_make_local_details[0m:[36m1070[0m - [34m[1mCopying /gcp-public-data-arco-era5/ar/full_37-1h-0p25deg-chunk-1.zarr-v3/surface_pressure/926544.0.0 to local cache[0m
[32m2026-07-20 11:10:40.609[0m | [34m[1mDEBUG   [0m | [36mearth2studio.data.utils[0m:[36m_make_local_details[0m:[36m1070[0m - [34m[1mCopying /gcp-public-data-arco-era5/ar/full_37-1h-0p25deg-chunk-1.zarr-v3/skin_temperature/926544.0.0 to local cache[0m
[32m2026-07-20 11:10:40.610[0m | [34m[1mDEBUG   [0m | [36mearth2studio.data.utils[0m:[36m_make_local_details[0m:[36m1070[0m - [34m[1mCopying /gcp-public-data-arco-era5/ar/full_37-1h-0p25deg-chunk-1.zarr-v3/geopotential/926544.0.0.0 to local cache[0m
[32m2026-07-20 11:10:40.610[0m | [34m[1mDEBUG   [0m | [36mearth2studio.data.utils[0m:[36m_make_local_details[0m:[36m1070[0m - [34m[1mCopying /gcp-public-data-arco-era5/ar/full_37-1h-0p25deg-chunk-1.zarr-v3/volumetric_soil_water_layer_2/926544.0.0 to local cache[0m
[32m2026-07-20 11:10:40.612[0m | [34m[1mDEBUG   [0m | [36mearth2studio.data.utils[0m:[36m_make_local_details[0m:[36m1070[0m - [34m[1mCopying /gcp-public-data-arco-era5/ar/full_37-1h-0p25deg-chunk-1.zarr-v3/specific_humidity/926544.0.0.0 to local cache[0m
[32m2026-07-20 11:10:40.614[0m | [34m[1mDEBUG   [0m | [36mearth2studio.data.utils[0m:[36m_make_local_details[0m:[36m1070[0m - [34m[1mCopying /gcp-public-data-arco-era5/ar/full_37-1h-0p25deg-chunk-1.zarr-v3/2m_temperature/926544.0.0 to local cache[0m
[32m2026-07-20 11:10:40.616[0m | [34m[1mDEBUG   [0m | [36mearth2studio.data.utils[0m:[36m_make_local_details[0m:[36m1070[0m - [34m[1mCopying /gcp-public-data-arco-era5/ar/full_37-1h-0p25deg-chunk-1.zarr-v3/total_column_water/926544.0.0 to local cache[0m
[32m2026-07-20 11:10:40.622[0m | [34m[1mDEBUG   [0m | [36mearth2studio.data.utils[0m:[36m_make_local_details[0m:[36m1070[0m - [34m[1mCopying /gcp-public-data-arco-era5/ar/full_37-1h-0p25deg-chunk-1.zarr-v3/soil_temperature_level_2/926544.0.0 to local cache[0m
[32m2026-07-20 11:10:40.667[0m | [34m[1mDEBUG   [0m | [36mearth2studio.data.utils[0m:[36m_make_local_details[0m:[36m1070[0m - [34m[1mCopying /gcp-public-data-arco-era5/ar/full_37-1h-0p25deg-chunk-1.zarr-v3/volumetric_soil_water_layer_1/926544.0.0 to local cache[0m
[32m2026-07-20 11:10:46.190[0m | [34m[1mDEBUG   [0m | [36mearth2studio.data.utils[0m:[36m_make_local_details[0m:[36m1070[0m - [34m[1mCopying /gcp-public-data-arco-era5/ar/full_37-1h-0p25deg-chunk-1.zarr-v3/2m_temperature/926550.0.0 to local cache[0m
[32m2026-07-20 11:10:46.193[0m | [34m[1mDEBUG   [0m | [36mearth2studio.data.utils[0m:[36m_make_local_details[0m:[36m1070[0m - [34m[1mCopying /gcp-public-data-arco-era5/ar/full_37-1h-0p25deg-chunk-1.zarr-v3/surface_pressure/926550.0.0 to local cache[0m
[32m2026-07-20 11:10:46.194[0m | [34m[1mDEBUG   [0m | [36mearth2studio.data.utils[0m:[36m_make_local_details[0m:[36m1070[0m - [34m[1mCopying /gcp-public-data-arco-era5/ar/full_37-1h-0p25deg-chunk-1.zarr-v3/soil_temperature_level_1/926550.0.0 to local cache[0m
[32m2026-07-20 11:10:46.196[0m | [34m[1mDEBUG   [0m | [36mearth2studio.data.utils[0m:[36m_make_local_details[0m:[36m1070[0m - [34m[1mCopying /gcp-public-data-arco-era5/ar/full_37-1h-0p25deg-chunk-1.zarr-v3/mean_sea_level_pressure/926550.0.0 to local cache[0m
[32m2026-07-20 11:10:46.196[0m | [34m[1mDEBUG   [0m | [36mearth2studio.data.utils[0m:[36m_make_local_details[0m:[36m1070[0m - [34m[1mCopying /gcp-public-data-arco-era5/ar/full_37-1h-0p25deg-chunk-1.zarr-v3/10m_u_component_of_wind/926550.0.0 to local cache[0m
[32m2026-07-20 11:10:46.198[0m | [34m[1mDEBUG   [0m | [36mearth2studio.data.utils[0m:[36m_make_local_details[0m:[36m1070[0m - [34m[1mCopying /gcp-public-data-arco-era5/ar/full_37-1h-0p25deg-chunk-1.zarr-v3/skin_temperature/926550.0.0 to local cache[0m
[32m2026-07-20 11:10:46.206[0m | [34m[1mDEBUG   [0m | [36mearth2studio.data.utils[0m:[36m_make_local_details[0m:[36m1070[0m - [34m[1mCopying /gcp-public-data-arco-era5/ar/full_37-1h-0p25deg-chunk-1.zarr-v3/volumetric_soil_water_layer_1/926550.0.0 to local cache[0m
[32m2026-07-20 11:10:46.218[0m | [34m[1mDEBUG   [0m | [36mearth2studio.data.utils[0m:[36m_make_local_details[0m:[36m1070[0m - [34m[1mCopying /gcp-public-data-arco-era5/ar/full_37-1h-0p25deg-chunk-1.zarr-v3/10m_v_component_of_wind/926550.0.0 to local cache[0m
[32m2026-07-20 11:10:46.226[0m | [34m[1mDEBUG   [0m | [36mearth2studio.data.utils[0m:[36m_make_local_details[0m:[36m1070[0m - [34m[1mCopying /gcp-public-data-arco-era5/ar/full_37-1h-0p25deg-chunk-1.zarr-v3/temperature/926550.0.0.0 to local cache[0m
[32m2026-07-20 11:10:46.245[0m | [34m[1mDEBUG   [0m | [36mearth2studio.data.utils[0m:[36m_make_local_details[0m:[36m1070[0m - [34m[1mCopying /gcp-public-data-arco-era5/ar/full_37-1h-0p25deg-chunk-1.zarr-v3/geopotential/926550.0.0.0 to local cache[0m
[32m2026-07-20 11:10:46.258[0m | [34m[1mDEBUG   [0m | [36mearth2studio.data.utils[0m:[36m_make_local_details[0m:[36m1070[0m - [34m[1mCopying /gcp-public-data-arco-era5/ar/full_37-1h-0p25deg-chunk-1.zarr-v3/specific_humidity/926550.0.0.0 to local cache[0m
[32m2026-07-20 11:10:46.277[0m | [34m[1mDEBUG   [0m | [36mearth2studio.data.utils[0m:[36m_make_local_details[0m:[36m1070[0m - [34m[1mCopying /gcp-public-data-arco-era5/ar/full_37-1h-0p25deg-chunk-1.zarr-v3/vertical_velocity/926550.0.0.0 to local cache[0m
[32m2026-07-20 11:10:46.278[0m | [34m[1mDEBUG   [0m | [36mearth2studio.data.utils[0m:[36m_make_local_details[0m:[36m1070[0m - [34m[1mCopying /gcp-public-data-arco-era5/ar/full_37-1h-0p25deg-chunk-1.zarr-v3/v_component_of_wind/926550.0.0.0 to local cache[0m
[32m2026-07-20 11:10:46.284[0m | [34m[1mDEBUG   [0m | [36mearth2studio.data.utils[0m:[36m_make_local_details[0m:[36m1070[0m - [34m[1mCopying /gcp-public-data-arco-era5/ar/full_37-1h-0p25deg-chunk-1.zarr-v3/volumetric_soil_water_layer_2/926550.0.0 to local cache[0m
[32m2026-07-20 11:10:46.290[0m | [34m[1mDEBUG   [0m | [36mearth2studio.data.utils[0m:[36m_make_local_details[0m:[36m1070[0m - [34m[1mCopying /gcp-public-data-arco-era5/ar/full_37-1h-0p25deg-chunk-1.zarr-v3/soil_temperature_level_2/926550.0.0 to local cache[0m
[32m2026-07-20 11:10:46.291[0m | [34m[1mDEBUG   [0m | [36mearth2studio.data.utils[0m:[36m_make_local_details[0m:[36m1070[0m - [34m[1mCopying /gcp-public-data-arco-era5/ar/full_37-1h-0p25deg-chunk-1.zarr-v3/total_column_water/926550.0.0 to local cache[0m
[32m2026-07-20 11:10:46.299[0m | [34m[1mDEBUG   [0m | [36mearth2studio.data.utils[0m:[36m_make_local_details[0m:[36m1070[0m - [34m[1mCopying /gcp-public-data-arco-era5/ar/full_37-1h-0p25deg-chunk-1.zarr-v3/2m_dewpoint_temperature/926550.0.0 to local cache[0m
[32m2026-07-20 11:10:46.375[0m | [34m[1mDEBUG   [0m | [36mearth2studio.data.utils[0m:[36m_make_local_details[0m:[36m1070[0m - [34m[1mCopying /gcp-public-data-arco-era5/ar/full_37-1h-0p25deg-chunk-1.zarr-v3/u_component_of_wind/926550.0.0.0 to local cache[0m
target_step 3: sum=-1.6199e-02
Saved /cluster/projects/nn12107k/robin/earth2studio/aifs_attributions_vestlandet/aifs_ig_attributions_vestlandet_init2005-09-13T06_target2005-09-14T06.nc
Cleaned up temporary input data cache: /cluster/projects/nn12107k/robin/e2s_data_cache_5b4zddjc
Init: 2005-09-13 12:00:00 -> target valid time 2005-09-14 06:00:00 (3 steps, target_step=2)
[32m2026-07-20 11:12:12.458[0m | [34m[1mDEBUG   [0m | [36mearth2studio.data.utils[0m:[36m_make_local_details[0m:[36m1070[0m - [34m[1mCopying /gcp-public-data-arco-era5/ar/full_37-1h-0p25deg-chunk-1.zarr-v3/.zattrs to local cache[0m
[32m2026-07-20 11:12:13.348[0m | [34m[1mDEBUG   [0m | [36mearth2studio.data.utils[0m:[36m_make_local_details[0m:[36m1070[0m - [34m[1mCopying /gcp-public-data-arco-era5/ar/full_37-1h-0p25deg-chunk-1.zarr-v3/.zgroup to local cache[0m
[32m2026-07-20 11:12:13.428[0m | [34m[1mDEBUG   [0m | [36mearth2studio.data.utils[0m:[36m_make_local_details[0m:[36m1070[0m - [34m[1mCopying /gcp-public-data-arco-era5/ar/full_37-1h-0p25deg-chunk-1.zarr-v3/.zmetadata to local cache[0m
[32m2026-07-20 11:12:13.730[0m | [34m[1mDEBUG   [0m | [36mearth2studio.data.utils[0m:[36m_make_local_details[0m:[36m1070[0m - [34m[1mCopying /gcp-public-data-arco-era5/ar/full_37-1h-0p25deg-chunk-1.zarr-v3/level/0 to local cache[0m
[32m2026-07-20 11:12:14.006[0m | [34m[1mDEBUG   [0m | [36mearth2studio.data.utils[0m:[36m_make_local_details[0m:[36m1070[0m - [34m[1mCopying /gcp-public-data-arco-era5/ar/model-level-1h-0p25deg.zarr-v1/.zattrs to local cache[0m
[32m2026-07-20 11:12:14.305[0m | [34m[1mDEBUG   [0m | [36mearth2studio.data.utils[0m:[36m_make_local_details[0m:[36m1070[0m - [34m[1mCopying /gcp-public-data-arco-era5/ar/model-level-1h-0p25deg.zarr-v1/.zgroup to local cache[0m
[32m2026-07-20 11:12:14.307[0m | [34m[1mDEBUG   [0m | [36mearth2studio.data.utils[0m:[36m_make_local_details[0m:[36m1070[0m - [34m[1mCopying /gcp-public-data-arco-era5/ar/model-level-1h-0p25deg.zarr-v1/.zmetadata to local cache[0m
[32m2026-07-20 11:12:14.619[0m | [34m[1mDEBUG   [0m | [36mearth2studio.data.utils[0m:[36m_make_local_details[0m:[36m1070[0m - [34m[1mCopying /gcp-public-data-arco-era5/ar/model-level-1h-0p25deg.zarr-v1/hybrid/0 to local cache[0m
[32m2026-07-20 11:12:14.831[0m | [34m[1mDEBUG   [0m | [36mearth2studio.data.utils[0m:[36m_make_local_details[0m:[36m1070[0m - [34m[1mCopying /gcp-public-data-arco-era5/ar/full_37-1h-0p25deg-chunk-1.zarr-v3/10m_u_component_of_wind/926550.0.0 to local cache[0m
[32m2026-07-20 11:12:14.836[0m | [34m[1mDEBUG   [0m | [36mearth2studio.data.utils[0m:[36m_make_local_details[0m:[36m1070[0m - [34m[1mCopying /gcp-public-data-arco-era5/ar/full_37-1h-0p25deg-chunk-1.zarr-v3/total_column_water/926550.0.0 to local cache[0m
[32m2026-07-20 11:12:14.906[0m | [34m[1mDEBUG   [0m | [36mearth2studio.data.utils[0m:[36m_make_local_details[0m:[36m1070[0m - [34m[1mCopying /gcp-public-data-arco-era5/ar/full_37-1h-0p25deg-chunk-1.zarr-v3/skin_temperature/926550.0.0 to local cache[0m
[32m2026-07-20 11:12:14.908[0m | [34m[1mDEBUG   [0m | [36mearth2studio.data.utils[0m:[36m_make_local_details[0m:[36m1070[0m - [34m[1mCopying /gcp-public-data-arco-era5/ar/full_37-1h-0p25deg-chunk-1.zarr-v3/u_component_of_wind/926550.0.0.0 to local cache[0m
[32m2026-07-20 11:12:14.909[0m | [34m[1mDEBUG   [0m | [36mearth2studio.data.utils[0m:[36m_make_local_details[0m:[36m1070[0m - [34m[1mCopying /gcp-public-data-arco-era5/ar/full_37-1h-0p25deg-chunk-1.zarr-v3/volumetric_soil_water_layer_2/926550.0.0 to local cache[0m
[32m2026-07-20 11:12:14.931[0m | [34m[1mDEBUG   [0m | [36mearth2studio.data.utils[0m:[36m_make_local_details[0m:[36m1070[0m - [34m[1mCopying /gcp-public-data-arco-era5/ar/full_37-1h-0p25deg-chunk-1.zarr-v3/vertical_velocity/926550.0.0.0 to local cache[0m
[32m2026-07-20 11:12:14.932[0m | [34m[1mDEBUG   [0m | [36mearth2studio.data.utils[0m:[36m_make_local_details[0m:[36m1070[0m - [34m[1mCopying /gcp-public-data-arco-era5/ar/full_37-1h-0p25deg-chunk-1.zarr-v3/surface_pressure/926550.0.0 to local cache[0m
[32m2026-07-20 11:12:14.933[0m | [34m[1mDEBUG   [0m | [36mearth2studio.data.utils[0m:[36m_make_local_details[0m:[36m1070[0m - [34m[1mCopying /gcp-public-data-arco-era5/ar/full_37-1h-0p25deg-chunk-1.zarr-v3/10m_v_component_of_wind/926550.0.0 to local cache[0m
[32m2026-07-20 11:12:14.935[0m | [34m[1mDEBUG   [0m | [36mearth2studio.data.utils[0m:[36m_make_local_details[0m:[36m1070[0m - [34m[1mCopying /gcp-public-data-arco-era5/ar/full_37-1h-0p25deg-chunk-1.zarr-v3/geopotential/926550.0.0.0 to local cache[0m
[32m2026-07-20 11:12:14.935[0m | [34m[1mDEBUG   [0m | [36mearth2studio.data.utils[0m:[36m_make_local_details[0m:[36m1070[0m - [34m[1mCopying /gcp-public-data-arco-era5/ar/full_37-1h-0p25deg-chunk-1.zarr-v3/v_component_of_wind/926550.0.0.0 to local cache[0m
[32m2026-07-20 11:12:14.936[0m | [34m[1mDEBUG   [0m | [36mearth2studio.data.utils[0m:[36m_make_local_details[0m:[36m1070[0m - [34m[1mCopying /gcp-public-data-arco-era5/ar/full_37-1h-0p25deg-chunk-1.zarr-v3/mean_sea_level_pressure/926550.0.0 to local cache[0m
[32m2026-07-20 11:12:14.939[0m | [34m[1mDEBUG   [0m | [36mearth2studio.data.utils[0m:[36m_make_local_details[0m:[36m1070[0m - [34m[1mCopying /gcp-public-data-arco-era5/ar/full_37-1h-0p25deg-chunk-1.zarr-v3/soil_temperature_level_2/926550.0.0 to local cache[0m
[32m2026-07-20 11:12:14.940[0m | [34m[1mDEBUG   [0m | [36mearth2studio.data.utils[0m:[36m_make_local_details[0m:[36m1070[0m - [34m[1mCopying /gcp-public-data-arco-era5/ar/full_37-1h-0p25deg-chunk-1.zarr-v3/volumetric_soil_water_layer_1/926550.0.0 to local cache[0m
[32m2026-07-20 11:12:14.940[0m | [34m[1mDEBUG   [0m | [36mearth2studio.data.utils[0m:[36m_make_local_details[0m:[36m1070[0m - [34m[1mCopying /gcp-public-data-arco-era5/ar/full_37-1h-0p25deg-chunk-1.zarr-v3/2m_temperature/926550.0.0 to local cache[0m
[32m2026-07-20 11:12:14.943[0m | [34m[1mDEBUG   [0m | [36mearth2studio.data.utils[0m:[36m_make_local_details[0m:[36m1070[0m - [34m[1mCopying /gcp-public-data-arco-era5/ar/full_37-1h-0p25deg-chunk-1.zarr-v3/specific_humidity/926550.0.0.0 to local cache[0m
[32m2026-07-20 11:12:14.944[0m | [34m[1mDEBUG   [0m | [36mearth2studio.data.utils[0m:[36m_make_local_details[0m:[36m1070[0m - [34m[1mCopying /gcp-public-data-arco-era5/ar/full_37-1h-0p25deg-chunk-1.zarr-v3/2m_dewpoint_temperature/926550.0.0 to local cache[0m
[32m2026-07-20 11:12:14.945[0m | [34m[1mDEBUG   [0m | [36mearth2studio.data.utils[0m:[36m_make_local_details[0m:[36m1070[0m - [34m[1mCopying /gcp-public-data-arco-era5/ar/full_37-1h-0p25deg-chunk-1.zarr-v3/temperature/926550.0.0.0 to local cache[0m
[32m2026-07-20 11:12:14.952[0m | [34m[1mDEBUG   [0m | [36mearth2studio.data.utils[0m:[36m_make_local_details[0m:[36m1070[0m - [34m[1mCopying /gcp-public-data-arco-era5/ar/full_37-1h-0p25deg-chunk-1.zarr-v3/soil_temperature_level_1/926550.0.0 to local cache[0m
[32m2026-07-20 11:12:19.903[0m | [34m[1mDEBUG   [0m | [36mearth2studio.data.utils[0m:[36m_make_local_details[0m:[36m1070[0m - [34m[1mCopying /gcp-public-data-arco-era5/ar/full_37-1h-0p25deg-chunk-1.zarr-v3/mean_sea_level_pressure/926556.0.0 to local cache[0m
[32m2026-07-20 11:12:19.904[0m | [34m[1mDEBUG   [0m | [36mearth2studio.data.utils[0m:[36m_make_local_details[0m:[36m1070[0m - [34m[1mCopying /gcp-public-data-arco-era5/ar/full_37-1h-0p25deg-chunk-1.zarr-v3/volumetric_soil_water_layer_1/926556.0.0 to local cache[0m
[32m2026-07-20 11:12:19.905[0m | [34m[1mDEBUG   [0m | [36mearth2studio.data.utils[0m:[36m_make_local_details[0m:[36m1070[0m - [34m[1mCopying /gcp-public-data-arco-era5/ar/full_37-1h-0p25deg-chunk-1.zarr-v3/vertical_velocity/926556.0.0.0 to local cache[0m
[32m2026-07-20 11:12:19.906[0m | [34m[1mDEBUG   [0m | [36mearth2studio.data.utils[0m:[36m_make_local_details[0m:[36m1070[0m - [34m[1mCopying /gcp-public-data-arco-era5/ar/full_37-1h-0p25deg-chunk-1.zarr-v3/10m_v_component_of_wind/926556.0.0 to local cache[0m
[32m2026-07-20 11:12:19.908[0m | [34m[1mDEBUG   [0m | [36mearth2studio.data.utils[0m:[36m_make_local_details[0m:[36m1070[0m - [34m[1mCopying /gcp-public-data-arco-era5/ar/full_37-1h-0p25deg-chunk-1.zarr-v3/2m_temperature/926556.0.0 to local cache[0m
[32m2026-07-20 11:12:19.909[0m | [34m[1mDEBUG   [0m | [36mearth2studio.data.utils[0m:[36m_make_local_details[0m:[36m1070[0m - [34m[1mCopying /gcp-public-data-arco-era5/ar/full_37-1h-0p25deg-chunk-1.zarr-v3/v_component_of_wind/926556.0.0.0 to local cache[0m
[32m2026-07-20 11:12:19.909[0m | [34m[1mDEBUG   [0m | [36mearth2studio.data.utils[0m:[36m_make_local_details[0m:[36m1070[0m - [34m[1mCopying /gcp-public-data-arco-era5/ar/full_37-1h-0p25deg-chunk-1.zarr-v3/specific_humidity/926556.0.0.0 to local cache[0m
[32m2026-07-20 11:12:19.910[0m | [34m[1mDEBUG   [0m | [36mearth2studio.data.utils[0m:[36m_make_local_details[0m:[36m1070[0m - [34m[1mCopying /gcp-public-data-arco-era5/ar/full_37-1h-0p25deg-chunk-1.zarr-v3/total_column_water/926556.0.0 to local cache[0m
[32m2026-07-20 11:12:19.912[0m | [34m[1mDEBUG   [0m | [36mearth2studio.data.utils[0m:[36m_make_local_details[0m:[36m1070[0m - [34m[1mCopying /gcp-public-data-arco-era5/ar/full_37-1h-0p25deg-chunk-1.zarr-v3/skin_temperature/926556.0.0 to local cache[0m
[32m2026-07-20 11:12:19.988[0m | [34m[1mDEBUG   [0m | [36mearth2studio.data.utils[0m:[36m_make_local_details[0m:[36m1070[0m - [34m[1mCopying /gcp-public-data-arco-era5/ar/full_37-1h-0p25deg-chunk-1.zarr-v3/soil_temperature_level_1/926556.0.0 to local cache[0m
[32m2026-07-20 11:12:19.988[0m | [34m[1mDEBUG   [0m | [36mearth2studio.data.utils[0m:[36m_make_local_details[0m:[36m1070[0m - [34m[1mCopying /gcp-public-data-arco-era5/ar/full_37-1h-0p25deg-chunk-1.zarr-v3/2m_dewpoint_temperature/926556.0.0 to local cache[0m
[32m2026-07-20 11:12:19.992[0m | [34m[1mDEBUG   [0m | [36mearth2studio.data.utils[0m:[36m_make_local_details[0m:[36m1070[0m - [34m[1mCopying /gcp-public-data-arco-era5/ar/full_37-1h-0p25deg-chunk-1.zarr-v3/10m_u_component_of_wind/926556.0.0 to local cache[0m
[32m2026-07-20 11:12:19.998[0m | [34m[1mDEBUG   [0m | [36mearth2studio.data.utils[0m:[36m_make_local_details[0m:[36m1070[0m - [34m[1mCopying /gcp-public-data-arco-era5/ar/full_37-1h-0p25deg-chunk-1.zarr-v3/geopotential/926556.0.0.0 to local cache[0m
[32m2026-07-20 11:12:20.002[0m | [34m[1mDEBUG   [0m | [36mearth2studio.data.utils[0m:[36m_make_local_details[0m:[36m1070[0m - [34m[1mCopying /gcp-public-data-arco-era5/ar/full_37-1h-0p25deg-chunk-1.zarr-v3/u_component_of_wind/926556.0.0.0 to local cache[0m
[32m2026-07-20 11:12:20.003[0m | [34m[1mDEBUG   [0m | [36mearth2studio.data.utils[0m:[36m_make_local_details[0m:[36m1070[0m - [34m[1mCopying /gcp-public-data-arco-era5/ar/full_37-1h-0p25deg-chunk-1.zarr-v3/soil_temperature_level_2/926556.0.0 to local cache[0m
[32m2026-07-20 11:12:20.006[0m | [34m[1mDEBUG   [0m | [36mearth2studio.data.utils[0m:[36m_make_local_details[0m:[36m1070[0m - [34m[1mCopying /gcp-public-data-arco-era5/ar/full_37-1h-0p25deg-chunk-1.zarr-v3/temperature/926556.0.0.0 to local cache[0m
[32m2026-07-20 11:12:20.008[0m | [34m[1mDEBUG   [0m | [36mearth2studio.data.utils[0m:[36m_make_local_details[0m:[36m1070[0m - [34m[1mCopying /gcp-public-data-arco-era5/ar/full_37-1h-0p25deg-chunk-1.zarr-v3/volumetric_soil_water_layer_2/926556.0.0 to local cache[0m
[32m2026-07-20 11:12:20.009[0m | [34m[1mDEBUG   [0m | [36mearth2studio.data.utils[0m:[36m_make_local_details[0m:[36m1070[0m - [34m[1mCopying /gcp-public-data-arco-era5/ar/full_37-1h-0p25deg-chunk-1.zarr-v3/surface_pressure/926556.0.0 to local cache[0m
target_step 2: sum=-2.1660e-02
Saved /cluster/projects/nn12107k/robin/earth2studio/aifs_attributions_vestlandet/aifs_ig_attributions_vestlandet_init2005-09-13T12_target2005-09-14T06.nc
Cleaned up temporary input data cache: /cluster/projects/nn12107k/robin/e2s_data_cache_lrftn0k9
Init: 2005-09-13 18:00:00 -> target valid time 2005-09-14 06:00:00 (2 steps, target_step=1)
[32m2026-07-20 11:13:26.648[0m | [34m[1mDEBUG   [0m | [36mearth2studio.data.utils[0m:[36m_make_local_details[0m:[36m1070[0m - [34m[1mCopying /gcp-public-data-arco-era5/ar/full_37-1h-0p25deg-chunk-1.zarr-v3/.zattrs to local cache[0m
[32m2026-07-20 11:13:27.548[0m | [34m[1mDEBUG   [0m | [36mearth2studio.data.utils[0m:[36m_make_local_details[0m:[36m1070[0m - [34m[1mCopying /gcp-public-data-arco-era5/ar/full_37-1h-0p25deg-chunk-1.zarr-v3/.zgroup to local cache[0m
[32m2026-07-20 11:13:27.657[0m | [34m[1mDEBUG   [0m | [36mearth2studio.data.utils[0m:[36m_make_local_details[0m:[36m1070[0m - [34m[1mCopying /gcp-public-data-arco-era5/ar/full_37-1h-0p25deg-chunk-1.zarr-v3/.zmetadata to local cache[0m
[32m2026-07-20 11:13:27.979[0m | [34m[1mDEBUG   [0m | [36mearth2studio.data.utils[0m:[36m_make_local_details[0m:[36m1070[0m - [34m[1mCopying /gcp-public-data-arco-era5/ar/full_37-1h-0p25deg-chunk-1.zarr-v3/level/0 to local cache[0m
[32m2026-07-20 11:13:28.247[0m | [34m[1mDEBUG   [0m | [36mearth2studio.data.utils[0m:[36m_make_local_details[0m:[36m1070[0m - [34m[1mCopying /gcp-public-data-arco-era5/ar/model-level-1h-0p25deg.zarr-v1/.zattrs to local cache[0m
[32m2026-07-20 11:13:28.550[0m | [34m[1mDEBUG   [0m | [36mearth2studio.data.utils[0m:[36m_make_local_details[0m:[36m1070[0m - [34m[1mCopying /gcp-public-data-arco-era5/ar/model-level-1h-0p25deg.zarr-v1/.zgroup to local cache[0m
[32m2026-07-20 11:13:28.551[0m | [34m[1mDEBUG   [0m | [36mearth2studio.data.utils[0m:[36m_make_local_details[0m:[36m1070[0m - [34m[1mCopying /gcp-public-data-arco-era5/ar/model-level-1h-0p25deg.zarr-v1/.zmetadata to local cache[0m
[32m2026-07-20 11:13:28.868[0m | [34m[1mDEBUG   [0m | [36mearth2studio.data.utils[0m:[36m_make_local_details[0m:[36m1070[0m - [34m[1mCopying /gcp-public-data-arco-era5/ar/model-level-1h-0p25deg.zarr-v1/hybrid/0 to local cache[0m
[32m2026-07-20 11:13:29.133[0m | [34m[1mDEBUG   [0m | [36mearth2studio.data.utils[0m:[36m_make_local_details[0m:[36m1070[0m - [34m[1mCopying /gcp-public-data-arco-era5/ar/full_37-1h-0p25deg-chunk-1.zarr-v3/temperature/926556.0.0.0 to local cache[0m
[32m2026-07-20 11:13:29.134[0m | [34m[1mDEBUG   [0m | [36mearth2studio.data.utils[0m:[36m_make_local_details[0m:[36m1070[0m - [34m[1mCopying /gcp-public-data-arco-era5/ar/full_37-1h-0p25deg-chunk-1.zarr-v3/10m_u_component_of_wind/926556.0.0 to local cache[0m
[32m2026-07-20 11:13:29.165[0m | [34m[1mDEBUG   [0m | [36mearth2studio.data.utils[0m:[36m_make_local_details[0m:[36m1070[0m - [34m[1mCopying /gcp-public-data-arco-era5/ar/full_37-1h-0p25deg-chunk-1.zarr-v3/2m_dewpoint_temperature/926556.0.0 to local cache[0m
[32m2026-07-20 11:13:29.167[0m | [34m[1mDEBUG   [0m | [36mearth2studio.data.utils[0m:[36m_make_local_details[0m:[36m1070[0m - [34m[1mCopying /gcp-public-data-arco-era5/ar/full_37-1h-0p25deg-chunk-1.zarr-v3/2m_temperature/926556.0.0 to local cache[0m
[32m2026-07-20 11:13:29.168[0m | [34m[1mDEBUG   [0m | [36mearth2studio.data.utils[0m:[36m_make_local_details[0m:[36m1070[0m - [34m[1mCopying /gcp-public-data-arco-era5/ar/full_37-1h-0p25deg-chunk-1.zarr-v3/vertical_velocity/926556.0.0.0 to local cache[0m
[32m2026-07-20 11:13:29.169[0m | [34m[1mDEBUG   [0m | [36mearth2studio.data.utils[0m:[36m_make_local_details[0m:[36m1070[0m - [34m[1mCopying /gcp-public-data-arco-era5/ar/full_37-1h-0p25deg-chunk-1.zarr-v3/soil_temperature_level_2/926556.0.0 to local cache[0m
[32m2026-07-20 11:13:29.188[0m | [34m[1mDEBUG   [0m | [36mearth2studio.data.utils[0m:[36m_make_local_details[0m:[36m1070[0m - [34m[1mCopying /gcp-public-data-arco-era5/ar/full_37-1h-0p25deg-chunk-1.zarr-v3/volumetric_soil_water_layer_2/926556.0.0 to local cache[0m
[32m2026-07-20 11:13:29.190[0m | [34m[1mDEBUG   [0m | [36mearth2studio.data.utils[0m:[36m_make_local_details[0m:[36m1070[0m - [34m[1mCopying /gcp-public-data-arco-era5/ar/full_37-1h-0p25deg-chunk-1.zarr-v3/skin_temperature/926556.0.0 to local cache[0m
[32m2026-07-20 11:13:29.192[0m | [34m[1mDEBUG   [0m | [36mearth2studio.data.utils[0m:[36m_make_local_details[0m:[36m1070[0m - [34m[1mCopying /gcp-public-data-arco-era5/ar/full_37-1h-0p25deg-chunk-1.zarr-v3/v_component_of_wind/926556.0.0.0 to local cache[0m
[32m2026-07-20 11:13:29.193[0m | [34m[1mDEBUG   [0m | [36mearth2studio.data.utils[0m:[36m_make_local_details[0m:[36m1070[0m - [34m[1mCopying /gcp-public-data-arco-era5/ar/full_37-1h-0p25deg-chunk-1.zarr-v3/total_column_water/926556.0.0 to local cache[0m
[32m2026-07-20 11:13:29.194[0m | [34m[1mDEBUG   [0m | [36mearth2studio.data.utils[0m:[36m_make_local_details[0m:[36m1070[0m - [34m[1mCopying /gcp-public-data-arco-era5/ar/full_37-1h-0p25deg-chunk-1.zarr-v3/volumetric_soil_water_layer_1/926556.0.0 to local cache[0m
[32m2026-07-20 11:13:29.195[0m | [34m[1mDEBUG   [0m | [36mearth2studio.data.utils[0m:[36m_make_local_details[0m:[36m1070[0m - [34m[1mCopying /gcp-public-data-arco-era5/ar/full_37-1h-0p25deg-chunk-1.zarr-v3/mean_sea_level_pressure/926556.0.0 to local cache[0m
[32m2026-07-20 11:13:29.196[0m | [34m[1mDEBUG   [0m | [36mearth2studio.data.utils[0m:[36m_make_local_details[0m:[36m1070[0m - [34m[1mCopying /gcp-public-data-arco-era5/ar/full_37-1h-0p25deg-chunk-1.zarr-v3/geopotential/926556.0.0.0 to local cache[0m
[32m2026-07-20 11:13:29.199[0m | [34m[1mDEBUG   [0m | [36mearth2studio.data.utils[0m:[36m_make_local_details[0m:[36m1070[0m - [34m[1mCopying /gcp-public-data-arco-era5/ar/full_37-1h-0p25deg-chunk-1.zarr-v3/soil_temperature_level_1/926556.0.0 to local cache[0m
[32m2026-07-20 11:13:29.200[0m | [34m[1mDEBUG   [0m | [36mearth2studio.data.utils[0m:[36m_make_local_details[0m:[36m1070[0m - [34m[1mCopying /gcp-public-data-arco-era5/ar/full_37-1h-0p25deg-chunk-1.zarr-v3/specific_humidity/926556.0.0.0 to local cache[0m
[32m2026-07-20 11:13:29.201[0m | [34m[1mDEBUG   [0m | [36mearth2studio.data.utils[0m:[36m_make_local_details[0m:[36m1070[0m - [34m[1mCopying /gcp-public-data-arco-era5/ar/full_37-1h-0p25deg-chunk-1.zarr-v3/10m_v_component_of_wind/926556.0.0 to local cache[0m
[32m2026-07-20 11:13:29.204[0m | [34m[1mDEBUG   [0m | [36mearth2studio.data.utils[0m:[36m_make_local_details[0m:[36m1070[0m - [34m[1mCopying /gcp-public-data-arco-era5/ar/full_37-1h-0p25deg-chunk-1.zarr-v3/surface_pressure/926556.0.0 to local cache[0m
[32m2026-07-20 11:13:29.205[0m | [34m[1mDEBUG   [0m | [36mearth2studio.data.utils[0m:[36m_make_local_details[0m:[36m1070[0m - [34m[1mCopying /gcp-public-data-arco-era5/ar/full_37-1h-0p25deg-chunk-1.zarr-v3/u_component_of_wind/926556.0.0.0 to local cache[0m
[32m2026-07-20 11:13:34.240[0m | [34m[1mDEBUG   [0m | [36mearth2studio.data.utils[0m:[36m_make_local_details[0m:[36m1070[0m - [34m[1mCopying /gcp-public-data-arco-era5/ar/full_37-1h-0p25deg-chunk-1.zarr-v3/mean_sea_level_pressure/926562.0.0 to local cache[0m
[32m2026-07-20 11:13:34.242[0m | [34m[1mDEBUG   [0m | [36mearth2studio.data.utils[0m:[36m_make_local_details[0m:[36m1070[0m - [34m[1mCopying /gcp-public-data-arco-era5/ar/full_37-1h-0p25deg-chunk-1.zarr-v3/total_column_water/926562.0.0 to local cache[0m
[32m2026-07-20 11:13:34.243[0m | [34m[1mDEBUG   [0m | [36mearth2studio.data.utils[0m:[36m_make_local_details[0m:[36m1070[0m - [34m[1mCopying /gcp-public-data-arco-era5/ar/full_37-1h-0p25deg-chunk-1.zarr-v3/soil_temperature_level_2/926562.0.0 to local cache[0m
[32m2026-07-20 11:13:34.244[0m | [34m[1mDEBUG   [0m | [36mearth2studio.data.utils[0m:[36m_make_local_details[0m:[36m1070[0m - [34m[1mCopying /gcp-public-data-arco-era5/ar/full_37-1h-0p25deg-chunk-1.zarr-v3/v_component_of_wind/926562.0.0.0 to local cache[0m
[32m2026-07-20 11:13:34.246[0m | [34m[1mDEBUG   [0m | [36mearth2studio.data.utils[0m:[36m_make_local_details[0m:[36m1070[0m - [34m[1mCopying /gcp-public-data-arco-era5/ar/full_37-1h-0p25deg-chunk-1.zarr-v3/10m_u_component_of_wind/926562.0.0 to local cache[0m
[32m2026-07-20 11:13:34.247[0m | [34m[1mDEBUG   [0m | [36mearth2studio.data.utils[0m:[36m_make_local_details[0m:[36m1070[0m - [34m[1mCopying /gcp-public-data-arco-era5/ar/full_37-1h-0p25deg-chunk-1.zarr-v3/u_component_of_wind/926562.0.0.0 to local cache[0m
[32m2026-07-20 11:13:34.248[0m | [34m[1mDEBUG   [0m | [36mearth2studio.data.utils[0m:[36m_make_local_details[0m:[36m1070[0m - [34m[1mCopying /gcp-public-data-arco-era5/ar/full_37-1h-0p25deg-chunk-1.zarr-v3/volumetric_soil_water_layer_1/926562.0.0 to local cache[0m
[32m2026-07-20 11:13:34.255[0m | [34m[1mDEBUG   [0m | [36mearth2studio.data.utils[0m:[36m_make_local_details[0m:[36m1070[0m - [34m[1mCopying /gcp-public-data-arco-era5/ar/full_37-1h-0p25deg-chunk-1.zarr-v3/geopotential/926562.0.0.0 to local cache[0m
[32m2026-07-20 11:13:34.256[0m | [34m[1mDEBUG   [0m | [36mearth2studio.data.utils[0m:[36m_make_local_details[0m:[36m1070[0m - [34m[1mCopying /gcp-public-data-arco-era5/ar/full_37-1h-0p25deg-chunk-1.zarr-v3/temperature/926562.0.0.0 to local cache[0m
[32m2026-07-20 11:13:34.258[0m | [34m[1mDEBUG   [0m | [36mearth2studio.data.utils[0m:[36m_make_local_details[0m:[36m1070[0m - [34m[1mCopying /gcp-public-data-arco-era5/ar/full_37-1h-0p25deg-chunk-1.zarr-v3/10m_v_component_of_wind/926562.0.0 to local cache[0m
[32m2026-07-20 11:13:34.327[0m | [34m[1mDEBUG   [0m | [36mearth2studio.data.utils[0m:[36m_make_local_details[0m:[36m1070[0m - [34m[1mCopying /gcp-public-data-arco-era5/ar/full_37-1h-0p25deg-chunk-1.zarr-v3/vertical_velocity/926562.0.0.0 to local cache[0m
[32m2026-07-20 11:13:34.338[0m | [34m[1mDEBUG   [0m | [36mearth2studio.data.utils[0m:[36m_make_local_details[0m:[36m1070[0m - [34m[1mCopying /gcp-public-data-arco-era5/ar/full_37-1h-0p25deg-chunk-1.zarr-v3/volumetric_soil_water_layer_2/926562.0.0 to local cache[0m
[32m2026-07-20 11:13:34.342[0m | [34m[1mDEBUG   [0m | [36mearth2studio.data.utils[0m:[36m_make_local_details[0m:[36m1070[0m - [34m[1mCopying /gcp-public-data-arco-era5/ar/full_37-1h-0p25deg-chunk-1.zarr-v3/2m_temperature/926562.0.0 to local cache[0m
[32m2026-07-20 11:13:34.344[0m | [34m[1mDEBUG   [0m | [36mearth2studio.data.utils[0m:[36m_make_local_details[0m:[36m1070[0m - [34m[1mCopying /gcp-public-data-arco-era5/ar/full_37-1h-0p25deg-chunk-1.zarr-v3/2m_dewpoint_temperature/926562.0.0 to local cache[0m
[32m2026-07-20 11:13:34.346[0m | [34m[1mDEBUG   [0m | [36mearth2studio.data.utils[0m:[36m_make_local_details[0m:[36m1070[0m - [34m[1mCopying /gcp-public-data-arco-era5/ar/full_37-1h-0p25deg-chunk-1.zarr-v3/specific_humidity/926562.0.0.0 to local cache[0m
[32m2026-07-20 11:13:34.346[0m | [34m[1mDEBUG   [0m | [36mearth2studio.data.utils[0m:[36m_make_local_details[0m:[36m1070[0m - [34m[1mCopying /gcp-public-data-arco-era5/ar/full_37-1h-0p25deg-chunk-1.zarr-v3/soil_temperature_level_1/926562.0.0 to local cache[0m
[32m2026-07-20 11:13:34.348[0m | [34m[1mDEBUG   [0m | [36mearth2studio.data.utils[0m:[36m_make_local_details[0m:[36m1070[0m - [34m[1mCopying /gcp-public-data-arco-era5/ar/full_37-1h-0p25deg-chunk-1.zarr-v3/skin_temperature/926562.0.0 to local cache[0m
[32m2026-07-20 11:13:34.349[0m | [34m[1mDEBUG   [0m | [36mearth2studio.data.utils[0m:[36m_make_local_details[0m:[36m1070[0m - [34m[1mCopying /gcp-public-data-arco-era5/ar/full_37-1h-0p25deg-chunk-1.zarr-v3/surface_pressure/926562.0.0 to local cache[0m
target_step 1: sum=-2.4238e-02
Saved /cluster/projects/nn12107k/robin/earth2studio/aifs_attributions_vestlandet/aifs_ig_attributions_vestlandet_init2005-09-13T18_target2005-09-14T06.nc
Cleaned up temporary input data cache: /cluster/projects/nn12107k/robin/e2s_data_cache_81xn74ff
Init: 2005-09-14 00:00:00 -> target valid time 2005-09-14 06:00:00 (1 steps, target_step=0)
[32m2026-07-20 11:14:22.350[0m | [34m[1mDEBUG   [0m | [36mearth2studio.data.utils[0m:[36m_make_local_details[0m:[36m1070[0m - [34m[1mCopying /gcp-public-data-arco-era5/ar/full_37-1h-0p25deg-chunk-1.zarr-v3/.zattrs to local cache[0m
[32m2026-07-20 11:14:23.273[0m | [34m[1mDEBUG   [0m | [36mearth2studio.data.utils[0m:[36m_make_local_details[0m:[36m1070[0m - [34m[1mCopying /gcp-public-data-arco-era5/ar/full_37-1h-0p25deg-chunk-1.zarr-v3/.zgroup to local cache[0m
[32m2026-07-20 11:14:23.347[0m | [34m[1mDEBUG   [0m | [36mearth2studio.data.utils[0m:[36m_make_local_details[0m:[36m1070[0m - [34m[1mCopying /gcp-public-data-arco-era5/ar/full_37-1h-0p25deg-chunk-1.zarr-v3/.zmetadata to local cache[0m
[32m2026-07-20 11:14:23.649[0m | [34m[1mDEBUG   [0m | [36mearth2studio.data.utils[0m:[36m_make_local_details[0m:[36m1070[0m - [34m[1mCopying /gcp-public-data-arco-era5/ar/full_37-1h-0p25deg-chunk-1.zarr-v3/level/0 to local cache[0m
[32m2026-07-20 11:14:23.917[0m | [34m[1mDEBUG   [0m | [36mearth2studio.data.utils[0m:[36m_make_local_details[0m:[36m1070[0m - [34m[1mCopying /gcp-public-data-arco-era5/ar/model-level-1h-0p25deg.zarr-v1/.zattrs to local cache[0m
[32m2026-07-20 11:14:24.228[0m | [34m[1mDEBUG   [0m | [36mearth2studio.data.utils[0m:[36m_make_local_details[0m:[36m1070[0m - [34m[1mCopying /gcp-public-data-arco-era5/ar/model-level-1h-0p25deg.zarr-v1/.zmetadata to local cache[0m
[32m2026-07-20 11:14:24.229[0m | [34m[1mDEBUG   [0m | [36mearth2studio.data.utils[0m:[36m_make_local_details[0m:[36m1070[0m - [34m[1mCopying /gcp-public-data-arco-era5/ar/model-level-1h-0p25deg.zarr-v1/.zgroup to local cache[0m
[32m2026-07-20 11:14:24.544[0m | [34m[1mDEBUG   [0m | [36mearth2studio.data.utils[0m:[36m_make_local_details[0m:[36m1070[0m - [34m[1mCopying /gcp-public-data-arco-era5/ar/model-level-1h-0p25deg.zarr-v1/hybrid/0 to local cache[0m
[32m2026-07-20 11:14:24.751[0m | [34m[1mDEBUG   [0m | [36mearth2studio.data.utils[0m:[36m_make_local_details[0m:[36m1070[0m - [34m[1mCopying /gcp-public-data-arco-era5/ar/full_37-1h-0p25deg-chunk-1.zarr-v3/u_component_of_wind/926562.0.0.0 to local cache[0m
[32m2026-07-20 11:14:24.787[0m | [34m[1mDEBUG   [0m | [36mearth2studio.data.utils[0m:[36m_make_local_details[0m:[36m1070[0m - [34m[1mCopying /gcp-public-data-arco-era5/ar/full_37-1h-0p25deg-chunk-1.zarr-v3/soil_temperature_level_2/926562.0.0 to local cache[0m
[32m2026-07-20 11:14:24.835[0m | [34m[1mDEBUG   [0m | [36mearth2studio.data.utils[0m:[36m_make_local_details[0m:[36m1070[0m - [34m[1mCopying /gcp-public-data-arco-era5/ar/full_37-1h-0p25deg-chunk-1.zarr-v3/2m_temperature/926562.0.0 to local cache[0m
[32m2026-07-20 11:14:24.851[0m | [34m[1mDEBUG   [0m | [36mearth2studio.data.utils[0m:[36m_make_local_details[0m:[36m1070[0m - [34m[1mCopying /gcp-public-data-arco-era5/ar/full_37-1h-0p25deg-chunk-1.zarr-v3/volumetric_soil_water_layer_1/926562.0.0 to local cache[0m
[32m2026-07-20 11:14:24.852[0m | [34m[1mDEBUG   [0m | [36mearth2studio.data.utils[0m:[36m_make_local_details[0m:[36m1070[0m - [34m[1mCopying /gcp-public-data-arco-era5/ar/full_37-1h-0p25deg-chunk-1.zarr-v3/10m_u_component_of_wind/926562.0.0 to local cache[0m
[32m2026-07-20 11:14:24.853[0m | [34m[1mDEBUG   [0m | [36mearth2studio.data.utils[0m:[36m_make_local_details[0m:[36m1070[0m - [34m[1mCopying /gcp-public-data-arco-era5/ar/full_37-1h-0p25deg-chunk-1.zarr-v3/specific_humidity/926562.0.0.0 to local cache[0m
[32m2026-07-20 11:14:24.855[0m | [34m[1mDEBUG   [0m | [36mearth2studio.data.utils[0m:[36m_make_local_details[0m:[36m1070[0m - [34m[1mCopying /gcp-public-data-arco-era5/ar/full_37-1h-0p25deg-chunk-1.zarr-v3/mean_sea_level_pressure/926562.0.0 to local cache[0m
[32m2026-07-20 11:14:24.856[0m | [34m[1mDEBUG   [0m | [36mearth2studio.data.utils[0m:[36m_make_local_details[0m:[36m1070[0m - [34m[1mCopying /gcp-public-data-arco-era5/ar/full_37-1h-0p25deg-chunk-1.zarr-v3/vertical_velocity/926562.0.0.0 to local cache[0m
[32m2026-07-20 11:14:24.856[0m | [34m[1mDEBUG   [0m | [36mearth2studio.data.utils[0m:[36m_make_local_details[0m:[36m1070[0m - [34m[1mCopying /gcp-public-data-arco-era5/ar/full_37-1h-0p25deg-chunk-1.zarr-v3/geopotential/926562.0.0.0 to local cache[0m
[32m2026-07-20 11:14:24.857[0m | [34m[1mDEBUG   [0m | [36mearth2studio.data.utils[0m:[36m_make_local_details[0m:[36m1070[0m - [34m[1mCopying /gcp-public-data-arco-era5/ar/full_37-1h-0p25deg-chunk-1.zarr-v3/soil_temperature_level_1/926562.0.0 to local cache[0m
[32m2026-07-20 11:14:24.858[0m | [34m[1mDEBUG   [0m | [36mearth2studio.data.utils[0m:[36m_make_local_details[0m:[36m1070[0m - [34m[1mCopying /gcp-public-data-arco-era5/ar/full_37-1h-0p25deg-chunk-1.zarr-v3/2m_dewpoint_temperature/926562.0.0 to local cache[0m
[32m2026-07-20 11:14:24.861[0m | [34m[1mDEBUG   [0m | [36mearth2studio.data.utils[0m:[36m_make_local_details[0m:[36m1070[0m - [34m[1mCopying /gcp-public-data-arco-era5/ar/full_37-1h-0p25deg-chunk-1.zarr-v3/total_column_water/926562.0.0 to local cache[0m
[32m2026-07-20 11:14:24.863[0m | [34m[1mDEBUG   [0m | [36mearth2studio.data.utils[0m:[36m_make_local_details[0m:[36m1070[0m - [34m[1mCopying /gcp-public-data-arco-era5/ar/full_37-1h-0p25deg-chunk-1.zarr-v3/skin_temperature/926562.0.0 to local cache[0m
[32m2026-07-20 11:14:24.865[0m | [34m[1mDEBUG   [0m | [36mearth2studio.data.utils[0m:[36m_make_local_details[0m:[36m1070[0m - [34m[1mCopying /gcp-public-data-arco-era5/ar/full_37-1h-0p25deg-chunk-1.zarr-v3/temperature/926562.0.0.0 to local cache[0m
[32m2026-07-20 11:14:24.866[0m | [34m[1mDEBUG   [0m | [36mearth2studio.data.utils[0m:[36m_make_local_details[0m:[36m1070[0m - [34m[1mCopying /gcp-public-data-arco-era5/ar/full_37-1h-0p25deg-chunk-1.zarr-v3/surface_pressure/926562.0.0 to local cache[0m
[32m2026-07-20 11:14:24.869[0m | [34m[1mDEBUG   [0m | [36mearth2studio.data.utils[0m:[36m_make_local_details[0m:[36m1070[0m - [34m[1mCopying /gcp-public-data-arco-era5/ar/full_37-1h-0p25deg-chunk-1.zarr-v3/10m_v_component_of_wind/926562.0.0 to local cache[0m
[32m2026-07-20 11:14:24.880[0m | [34m[1mDEBUG   [0m | [36mearth2studio.data.utils[0m:[36m_make_local_details[0m:[36m1070[0m - [34m[1mCopying /gcp-public-data-arco-era5/ar/full_37-1h-0p25deg-chunk-1.zarr-v3/v_component_of_wind/926562.0.0.0 to local cache[0m
[32m2026-07-20 11:14:24.891[0m | [34m[1mDEBUG   [0m | [36mearth2studio.data.utils[0m:[36m_make_local_details[0m:[36m1070[0m - [34m[1mCopying /gcp-public-data-arco-era5/ar/full_37-1h-0p25deg-chunk-1.zarr-v3/volumetric_soil_water_layer_2/926562.0.0 to local cache[0m
[32m2026-07-20 11:14:30.703[0m | [34m[1mDEBUG   [0m | [36mearth2studio.data.utils[0m:[36m_make_local_details[0m:[36m1070[0m - [34m[1mCopying /gcp-public-data-arco-era5/ar/full_37-1h-0p25deg-chunk-1.zarr-v3/10m_u_component_of_wind/926568.0.0 to local cache[0m
[32m2026-07-20 11:14:30.704[0m | [34m[1mDEBUG   [0m | [36mearth2studio.data.utils[0m:[36m_make_local_details[0m:[36m1070[0m - [34m[1mCopying /gcp-public-data-arco-era5/ar/full_37-1h-0p25deg-chunk-1.zarr-v3/temperature/926568.0.0.0 to local cache[0m
[32m2026-07-20 11:14:30.704[0m | [34m[1mDEBUG   [0m | [36mearth2studio.data.utils[0m:[36m_make_local_details[0m:[36m1070[0m - [34m[1mCopying /gcp-public-data-arco-era5/ar/full_37-1h-0p25deg-chunk-1.zarr-v3/volumetric_soil_water_layer_2/926568.0.0 to local cache[0m
[32m2026-07-20 11:14:30.704[0m | [34m[1mDEBUG   [0m | [36mearth2studio.data.utils[0m:[36m_make_local_details[0m:[36m1070[0m - [34m[1mCopying /gcp-public-data-arco-era5/ar/full_37-1h-0p25deg-chunk-1.zarr-v3/surface_pressure/926568.0.0 to local cache[0m
[32m2026-07-20 11:14:30.705[0m | [34m[1mDEBUG   [0m | [36mearth2studio.data.utils[0m:[36m_make_local_details[0m:[36m1070[0m - [34m[1mCopying /gcp-public-data-arco-era5/ar/full_37-1h-0p25deg-chunk-1.zarr-v3/soil_temperature_level_1/926568.0.0 to local cache[0m
[32m2026-07-20 11:14:30.706[0m | [34m[1mDEBUG   [0m | [36mearth2studio.data.utils[0m:[36m_make_local_details[0m:[36m1070[0m - [34m[1mCopying /gcp-public-data-arco-era5/ar/full_37-1h-0p25deg-chunk-1.zarr-v3/v_component_of_wind/926568.0.0.0 to local cache[0m
[32m2026-07-20 11:14:30.706[0m | [34m[1mDEBUG   [0m | [36mearth2studio.data.utils[0m:[36m_make_local_details[0m:[36m1070[0m - [34m[1mCopying /gcp-public-data-arco-era5/ar/full_37-1h-0p25deg-chunk-1.zarr-v3/volumetric_soil_water_layer_1/926568.0.0 to local cache[0m
[32m2026-07-20 11:14:30.710[0m | [34m[1mDEBUG   [0m | [36mearth2studio.data.utils[0m:[36m_make_local_details[0m:[36m1070[0m - [34m[1mCopying /gcp-public-data-arco-era5/ar/full_37-1h-0p25deg-chunk-1.zarr-v3/2m_dewpoint_temperature/926568.0.0 to local cache[0m
[32m2026-07-20 11:14:30.712[0m | [34m[1mDEBUG   [0m | [36mearth2studio.data.utils[0m:[36m_make_local_details[0m:[36m1070[0m - [34m[1mCopying /gcp-public-data-arco-era5/ar/full_37-1h-0p25deg-chunk-1.zarr-v3/total_column_water/926568.0.0 to local cache[0m
[32m2026-07-20 11:14:30.752[0m | [34m[1mDEBUG   [0m | [36mearth2studio.data.utils[0m:[36m_make_local_details[0m:[36m1070[0m - [34m[1mCopying /gcp-public-data-arco-era5/ar/full_37-1h-0p25deg-chunk-1.zarr-v3/mean_sea_level_pressure/926568.0.0 to local cache[0m
[32m2026-07-20 11:14:30.782[0m | [34m[1mDEBUG   [0m | [36mearth2studio.data.utils[0m:[36m_make_local_details[0m:[36m1070[0m - [34m[1mCopying /gcp-public-data-arco-era5/ar/full_37-1h-0p25deg-chunk-1.zarr-v3/10m_v_component_of_wind/926568.0.0 to local cache[0m
[32m2026-07-20 11:14:30.790[0m | [34m[1mDEBUG   [0m | [36mearth2studio.data.utils[0m:[36m_make_local_details[0m:[36m1070[0m - [34m[1mCopying /gcp-public-data-arco-era5/ar/full_37-1h-0p25deg-chunk-1.zarr-v3/u_component_of_wind/926568.0.0.0 to local cache[0m
[32m2026-07-20 11:14:30.792[0m | [34m[1mDEBUG   [0m | [36mearth2studio.data.utils[0m:[36m_make_local_details[0m:[36m1070[0m - [34m[1mCopying /gcp-public-data-arco-era5/ar/full_37-1h-0p25deg-chunk-1.zarr-v3/specific_humidity/926568.0.0.0 to local cache[0m
[32m2026-07-20 11:14:30.793[0m | [34m[1mDEBUG   [0m | [36mearth2studio.data.utils[0m:[36m_make_local_details[0m:[36m1070[0m - [34m[1mCopying /gcp-public-data-arco-era5/ar/full_37-1h-0p25deg-chunk-1.zarr-v3/geopotential/926568.0.0.0 to local cache[0m
[32m2026-07-20 11:14:30.794[0m | [34m[1mDEBUG   [0m | [36mearth2studio.data.utils[0m:[36m_make_local_details[0m:[36m1070[0m - [34m[1mCopying /gcp-public-data-arco-era5/ar/full_37-1h-0p25deg-chunk-1.zarr-v3/vertical_velocity/926568.0.0.0 to local cache[0m
[32m2026-07-20 11:14:30.796[0m | [34m[1mDEBUG   [0m | [36mearth2studio.data.utils[0m:[36m_make_local_details[0m:[36m1070[0m - [34m[1mCopying /gcp-public-data-arco-era5/ar/full_37-1h-0p25deg-chunk-1.zarr-v3/skin_temperature/926568.0.0 to local cache[0m
[32m2026-07-20 11:14:30.796[0m | [34m[1mDEBUG   [0m | [36mearth2studio.data.utils[0m:[36m_make_local_details[0m:[36m1070[0m - [34m[1mCopying /gcp-public-data-arco-era5/ar/full_37-1h-0p25deg-chunk-1.zarr-v3/2m_temperature/926568.0.0 to local cache[0m
[32m2026-07-20 11:14:30.798[0m | [34m[1mDEBUG   [0m | [36mearth2studio.data.utils[0m:[36m_make_local_details[0m:[36m1070[0m - [34m[1mCopying /gcp-public-data-arco-era5/ar/full_37-1h-0p25deg-chunk-1.zarr-v3/soil_temperature_level_2/926568.0.0 to local cache[0m
target_step 0: sum=-9.5419e-03
Saved /cluster/projects/nn12107k/robin/earth2studio/aifs_attributions_vestlandet/aifs_ig_attributions_vestlandet_init2005-09-14T00_target2005-09-14T06.nc
Cleaned up temporary input data cache: /cluster/projects/nn12107k/robin/e2s_data_cache_nj5ilkuv

Job 1617600 consumed 0.0 billing hours and 1.9 GPU hours from project nn12107k.

Submitted 2026-07-20T09:23:22; waited 6.0 seconds in the queue after becoming eligible to run.

Requested wallclock time: 4.0 hours
Elapsed wallclock time:   1.9 hours

Job exited normally.

Task and CPU statistics:
ID             CPUs  Tasks  CPU util                Start  Elapsed  Exit status
1617600           1            0.0 %  2026-07-20T09:23:28    1.9 h  0
1617600.batch     1      1    90.7 %  2026-07-20T09:23:28    1.9 h  0

Used CPU time:   1.7 CPU hours
Unused CPU time: 10.4 CPU minutes

Memory statistics, in GiB:
ID              Alloc   Usage
1617600         128.0        
1617600.batch   128.0    18.8

Job 1617600 completed at Mon Jul 20 11:15:02 CEST 2026
