INFO:    User not listed in /etc/subuid, trying root-mapped namespace
INFO:    fakeroot command not found
INFO:    Installing some packages may fail
INFO:    Starting build...
INFO:    Fetching OCI image...
INFO:    Extracting OCI image...
2026/07/10 15:39:09  warn xattr{etc/gshadow} ignoring ENOTSUP on setxattr "user.rootlesscontainers"
2026/07/10 15:39:09  warn xattr{/tmp/build-temp-3270129046/rootfs/etc/gshadow} destination filesystem does not support xattrs, further warnings will be suppressed
2026/07/10 15:39:09  warn xattr{var/log/apt/term.log} ignoring ENOTSUP on setxattr "user.rootlesscontainers"
2026/07/10 15:39:09  warn xattr{/tmp/build-temp-3270129046/rootfs/var/log/apt/term.log} destination filesystem does not support xattrs, further warnings will be suppressed
2026/07/10 15:39:10  warn xattr{var/log/apt/term.log} ignoring ENOTSUP on setxattr "user.rootlesscontainers"
2026/07/10 15:39:10  warn xattr{/tmp/build-temp-3270129046/rootfs/var/log/apt/term.log} destination filesystem does not support xattrs, further warnings will be suppressed
2026/07/10 15:39:10  warn xattr{etc/gshadow} ignoring ENOTSUP on setxattr "user.rootlesscontainers"
2026/07/10 15:39:10  warn xattr{/tmp/build-temp-3270129046/rootfs/etc/gshadow} destination filesystem does not support xattrs, further warnings will be suppressed
2026/07/10 15:39:14  warn xattr{usr/share/doc/cuda-runtime-9-0/NVIDIA-CUDA.jpg} ignoring ENOTSUP on setxattr "user.rootlesscontainers"
2026/07/10 15:39:14  warn xattr{/tmp/build-temp-3270129046/rootfs/usr/share/doc/cuda-runtime-9-0/NVIDIA-CUDA.jpg} destination filesystem does not support xattrs, further warnings will be suppressed
2026/07/10 15:39:15  warn xattr{var/lib/apt/lists/auxfiles} ignoring ENOTSUP on setxattr "user.rootlesscontainers"
2026/07/10 15:39:15  warn xattr{/tmp/build-temp-3270129046/rootfs/var/lib/apt/lists/auxfiles} destination filesystem does not support xattrs, further warnings will be suppressed
2026/07/10 15:39:15  warn xattr{etc/gshadow} ignoring ENOTSUP on setxattr "user.rootlesscontainers"
2026/07/10 15:39:15  warn xattr{/tmp/build-temp-3270129046/rootfs/etc/gshadow} destination filesystem does not support xattrs, further warnings will be suppressed
2026/07/10 15:39:53  warn xattr{var/log/apt/term.log} ignoring ENOTSUP on setxattr "user.rootlesscontainers"
2026/07/10 15:39:53  warn xattr{/tmp/build-temp-3270129046/rootfs/var/log/apt/term.log} destination filesystem does not support xattrs, further warnings will be suppressed
2026/07/10 15:40:01  warn xattr{var/log/apt/term.log} ignoring ENOTSUP on setxattr "user.rootlesscontainers"
2026/07/10 15:40:01  warn xattr{/tmp/build-temp-3270129046/rootfs/var/log/apt/term.log} destination filesystem does not support xattrs, further warnings will be suppressed
INFO:    Inserting Apptainer configuration...
INFO:    Running post scriptlet
+ export DEBIAN_FRONTEND=noninteractive
+ apt-get update
E: setgroups 65534 failed - setgroups (1: Operation not permitted)
E: setegid 65534 failed - setegid (22: Invalid argument)
E: seteuid 42 failed - seteuid (22: Invalid argument)
E: setgroups 0 failed - setgroups (1: Operation not permitted)
W: chown to _apt:root of directory /var/lib/apt/lists/partial failed - SetupAPTPartialDirectory (22: Invalid argument)
W: chown to _apt:root of directory /var/lib/apt/lists/auxfiles failed - SetupAPTPartialDirectory (22: Invalid argument)
E: setgroups 65534 failed - setgroups (1: Operation not permitted)
E: setegid 65534 failed - setegid (22: Invalid argument)
E: seteuid 42 failed - seteuid (22: Invalid argument)
E: setgroups 0 failed - setgroups (1: Operation not permitted)
E: Method gave invalid 400 URI Failure message: Failed to setgroups - setgroups (1: Operation not permitted)
E: Method http has died unexpectedly!
E: Sub-process http returned an error code (112)
+ true
+ set -e
+ export PATH=/root/.local/bin:/usr/local/lib/python3.12/dist-packages/torch_tensorrt/bin:/usr/local/nvidia/bin:/usr/local/cuda/bin:/usr/local/mpi/bin:/usr/local/sbin:/usr/local/bin:/usr/sbin:/usr/bin:/sbin:/bin:/usr/local/ucx/bin:/opt/amazon/efa/bin:/opt/tensorrt/bin
+ sh
+ curl -LsSf https://astral.sh/uv/install.sh
downloading uv 0.11.28 aarch64-unknown-linux-gnu
+ export PATH=/root/.local/bin:/root/.local/bin:/usr/local/lib/python3.12/dist-packages/torch_tensorrt/bin:/usr/local/nvidia/bin:/usr/local/cuda/bin:/usr/local/mpi/bin:/usr/local/sbin:/usr/local/bin:/usr/sbin:/usr/bin:/sbin:/bin:/usr/local/ucx/bin:/opt/amazon/efa/bin:/opt/tensorrt/bin
+ uv pip install --system --break-system-packages earth2studio[dlwp,fcn,precip-afno,precip-afno-v2,data]@git+https://github.com/NVIDIA/earth2studio.git@0.16.0
Using Python 3.12.3 environment at: /usr
   Updating https://github.com/NVIDIA/earth2studio.git (0.16.0)
    Updated https://github.com/NVIDIA/earth2studio.git (c99422c3e75ca29d200440ec1bd2d4ac8282683c)
   Updating https://github.com/NickGeneva/cfgrib.git (6a9af3173d7050b5fa5d221755f97e6ecb8c3433)
    Updated https://github.com/NickGeneva/cfgrib.git (6a9af3173d7050b5fa5d221755f97e6ecb8c3433)
Resolved 210 packages in 7.78s
   Building earth2studio @ git+https://github.com/NVIDIA/earth2studio.git@c99422c3e75ca29d200440ec1bd2d4ac8282683c
   Building cfgrib @ git+https://github.com/NickGeneva/cfgrib.git@6a9af3173d7050b5fa5d221755f97e6ecb8c3433
Downloading dask (1.4MiB)
Downloading eccodeslib (8.7MiB)
Downloading rasterio (34.5MiB)
Downloading h5py (5.0MiB)
Downloading lz4 (1.2MiB)
Downloading cryptography (4.5MiB)
Downloading pygments (1.2MiB)
Downloading pygrib (17.0MiB)
Downloading obstore (5.2MiB)
Downloading numcodecs (8.1MiB)
Downloading nvidia-physicsnemo (2.0MiB)
Downloading cftime (1.5MiB)
Downloading timm (2.5MiB)
Downloading botocore (14.3MiB)
Downloading bokeh (6.1MiB)
Downloading pyproj (9.2MiB)
Downloading netcdf4 (8.9MiB)
Downloading xarray (1.4MiB)
      Built earth2studio @ git+https://github.com/NVIDIA/earth2studio.git@c99422c3e75ca29d200440ec1bd2d4ac8282683c
Downloading eckitlib (6.7MiB)
Downloading multi-storage-client (6.1MiB)
Downloading warp-lang (163.8MiB)
      Built cfgrib @ git+https://github.com/NickGeneva/cfgrib.git@6a9af3173d7050b5fa5d221755f97e6ecb8c3433
   Building pybufrkit==0.2.25
   Building varint==1.0.2
 Downloaded pygments
 Downloaded lz4
      Built varint==1.0.2
   Building antlr4-python3-runtime==4.9.3
 Downloaded dask
 Downloaded cftime
 Downloaded xarray
 Downloaded nvidia-physicsnemo
 Downloaded timm
      Built antlr4-python3-runtime==4.9.3
 Downloaded cryptography
 Downloaded h5py
 Downloaded obstore
 Downloaded bokeh
 Downloaded multi-storage-client
 Downloaded eckitlib
 Downloaded numcodecs
 Downloaded netcdf4
 Downloaded eccodeslib
 Downloaded pyproj
 Downloaded botocore
      Built pybufrkit==0.2.25
 Downloaded rasterio
 Downloaded pygrib
 Downloaded warp-lang
Prepared 136 packages in 6.43s
Uninstalled 5 packages in 12ms
Installed 136 packages in 419ms
 + affine==2.4.0
 + aiobotocore==3.7.0
 + aioitertools==0.13.0
 + antlr4-python3-runtime==4.9.3
 + base58==2.1.1
 + bitarray==3.9.0
 + bitstring==4.4.0
 + blake3==1.0.9
 + bokeh==3.9.1
 + boto3==1.43.0
 + botocore==1.43.0
 + bracex==3.0
 + cattrs==26.1.0
 + cdsapi==0.7.7
 + cfgrib==0.9.15.1 (from git+https://github.com/NickGeneva/cfgrib.git@6a9af3173d7050b5fa5d221755f97e6ecb8c3433)
 + cftime==1.6.5
 + cligj==0.7.2
 + cloudpickle==3.1.2
 + cryptography==49.0.0
 + dask==2026.7.0
 + distributed==2026.7.0
 + donfig==0.8.1.post1
 + earth2studio==0.16.0rc0 (from git+https://github.com/NVIDIA/earth2studio.git@c99422c3e75ca29d200440ec1bd2d4ac8282683c)
 + eccodes==2.47.0
 + eccodeslib==2.47.3.22
 + eckitlib==2.1.0.22
 + ecmwf-datastores-client==0.5.1
 + ecmwf-opendata==0.3.30
 + eumdac==3.1.1
 + findlibs==0.1.2
 - fsspec==2026.2.0
 + fsspec==2026.6.0
 + gcsfs==2026.7.0
 - gitpython==3.1.46
 + gitpython==3.1.50
 + globus-sdk==3.65.0
 + google-api-core==2.31.0
 + google-auth==2.55.2
 + google-auth-oauthlib==1.4.0
 + google-cloud-core==2.6.0
 + google-cloud-storage==3.12.1
 + google-cloud-storage-control==1.12.0
 + google-crc32c==1.8.0
 + google-resumable-media==2.10.0
 + googleapis-common-protos==1.75.0
 + grpc-google-iam-v1==0.14.4
 + grpcio-status==1.80.0
 + h5netcdf==1.8.1
 + h5py==3.16.0
 + hydra-core==1.3.4
 + intake-esgf==2026.6.4
 + jaxtyping==0.3.11
 + jmespath==1.1.0
 + locket==1.0.0
 + loguru==0.7.3
 + lz4==4.4.5
 + mmh3==5.2.1
 + morphys==1.0
 + msgpack==1.2.1
 + multi-storage-client==1.0.0
 + multiurl==0.3.9
 + narwhals==2.23.0
 + netcdf4==1.7.2
 + numcodecs==0.16.5
 + nvidia-physicsnemo==2.1.1
 + oauthlib==3.3.1
 + obstore==0.11.0
 + omegaconf==2.3.1
 + opentelemetry-api==1.43.0
 + orjson==3.11.9
 + paho-mqtt==2.1.0
 + partd==1.4.2
 + planetary-computer==1.0.0
 + prettytable==3.18.0
 + proto-plus==1.28.1
 - protobuf==7.34.1
 + protobuf==6.33.6
 + py-multihash==3.0.0
 + pyasn1==0.6.4
 + pyasn1-modules==0.4.2
 + pybufrkit==0.2.25
 + pygments==2.20.0
 + pygrib==2.1.8
 + pyjwt==2.13.0
 + pyproj==3.7.2
 + pystac==1.15.1
 + pystac-client==0.9.0
 + pystac-core==1.15.1
 + pystac-ext-classification==2.0.0
 + pystac-ext-datacube==2.2.0
 + pystac-ext-eo==1.1.0
 + pystac-ext-file==2.1.0
 + pystac-ext-grid==1.1.0
 + pystac-ext-item-assets==1.0.0
 + pystac-ext-label==1.0.1
 + pystac-ext-mgrs==1.0.0
 + pystac-ext-mlm==1.4.0
 + pystac-ext-pointcloud==1.0.0
 + pystac-ext-projection==2.0.0
 + pystac-ext-raster==1.1.0
 + pystac-ext-render==2.0.0
 + pystac-ext-sar==1.0.0
 + pystac-ext-sat==1.0.0
 + pystac-ext-scientific==1.0.0
 + pystac-ext-storage==2.0.0
 + pystac-ext-table==1.2.0
 + pystac-ext-timestamps==1.1.0
 + pystac-ext-version==1.2.0
 + pystac-ext-view==1.0.0
 + pystac-ext-xarray-assets==1.0.0
 + python-dotenv==1.2.2
 + pytz==2026.2
 + pyvers==0.2.3
 + pyyaml==6.0.3
 + rasterio==1.5.0
 + requests-cache==1.3.3
 + requests-oauthlib==2.0.0
 + rioxarray==0.22.0
 + s3fs==2026.6.0
 + s3transfer==0.17.1
 + tblib==3.2.2
 + tensordict==0.11.0
 + termcolor==3.3.0
 + tibs==0.5.7
 + timm==1.0.27
 + toolz==1.1.0
 + treelib==1.8.0
 - tzdata==2026.1
 + tzdata==2025.3
 + url-normalize==3.0.0
 - urllib3==2.6.3
 + urllib3==2.7.0
 + varint==1.0.2
 + wadler-lindig==0.1.7
 + warp-lang==1.15.0
 + wcmatch==10.2.1
 + xarray==2026.7.0
 + xattr==1.3.0
 + xyzservices==2026.3.0
 + zarr==3.2.1
 + zict==3.0.0
+ uv pip install --system --break-system-packages captum zennit cartopy matplotlib
Using Python 3.12.3 environment at: /usr
Resolved 31 packages in 328ms
Downloading shapely (2.8MiB)
 Downloaded shapely
   Building cartopy==0.25.0
      Built cartopy==0.25.0
Prepared 5 packages in 8.44s
Installed 5 packages in 7ms
 + captum==0.9.0
 + cartopy==0.25.0
 + pyshp==3.1.4
 + shapely==2.1.2
 + zennit==1.0.0
+ cat
+ set +e
+ export MAX_JOBS=16
+ uv pip install -v --system --break-system-packages --no-build-isolation torch-harmonics @ git+https://github.com/NVIDIA/torch-harmonics.git@a632ca748a12bd9f74dbc1e00653317810991f74
DEBUG Searching for user configuration in: `/root/.config/uv/uv.toml`
DEBUG uv 0.11.28 (aarch64-unknown-linux-gnu)
DEBUG Searching for default Python interpreter in search path or managed installations
DEBUG Found `cpython-3.12.3-linux-aarch64-gnu` at `/usr/bin/python` (first executable in the search path)
Using Python 3.12.3 environment at: /usr
DEBUG Ignoring externally managed environment due to `--break-system-packages`
DEBUG At least one requirement is not satisfied: torch-harmonics @ git+https://github.com/NVIDIA/torch-harmonics.git@a632ca748a12bd9f74dbc1e00653317810991f74
DEBUG Using request connect timeout of 10s and read timeout of 30s
DEBUG Attempting GitHub fast path for: torch-harmonics @ git+https://github.com/NVIDIA/torch-harmonics.git@a632ca748a12bd9f74dbc1e00653317810991f74
DEBUG Querying GitHub for commit at: https://api.github.com/repos/nvidia/torch-harmonics/commits/a632ca748a12bd9f74dbc1e00653317810991f74
DEBUG Attempting to fetch `pyproject.toml` from: https://raw.githubusercontent.com/nvidia/torch-harmonics/a632ca748a12bd9f74dbc1e00653317810991f74/pyproject.toml
DEBUG Failed to extract static metadata from GitHub API for: https://raw.githubusercontent.com/nvidia/torch-harmonics/a632ca748a12bd9f74dbc1e00653317810991f74/pyproject.toml
DEBUG Fetching source distribution from Git: https://github.com/NVIDIA/torch-harmonics.git
DEBUG Updating Git source `https://github.com/NVIDIA/torch-harmonics.git`
   Updating https://github.com/NVIDIA/torch-harmonics.git (a632ca748a12bd9f74dbc1e00653317810991f74)
DEBUG Performing a Git fetch for: https://github.com/NVIDIA/torch-harmonics.git
DEBUG Reset /root/.cache/uv/git-v0/checkouts/e1c4dc45af88b817/a632ca7 to a632ca748a12bd9f74dbc1e00653317810991f74
    Updated https://github.com/NVIDIA/torch-harmonics.git (a632ca748a12bd9f74dbc1e00653317810991f74)
DEBUG No static `pyproject.toml` available for: torch-harmonics @ git+https://github.com/NVIDIA/torch-harmonics.git@a632ca748a12bd9f74dbc1e00653317810991f74 (DynamicField("version"))
DEBUG No static `PKG-INFO` available for: torch-harmonics @ git+https://github.com/NVIDIA/torch-harmonics.git@a632ca748a12bd9f74dbc1e00653317810991f74 (MissingPkgInfo)
DEBUG Preparing metadata for: torch-harmonics @ git+https://github.com/NVIDIA/torch-harmonics.git@a632ca748a12bd9f74dbc1e00653317810991f74
DEBUG Assessing Python executable as base candidate: /usr/bin/python
DEBUG No workspace root found, using project root
DEBUG Proceeding without build isolation
DEBUG Locking the source tree for setuptools
DEBUG Calling `setuptools.build_meta.prepare_metadata_for_build_wheel()`
DEBUG /usr/local/lib/python3.12/dist-packages/setuptools/config/_apply_pyprojecttoml.py:61: SetuptoolsDeprecationWarning: License classifiers are deprecated.
DEBUG !!
DEBUG 
DEBUG         ********************************************************************************
DEBUG         Please consider removing the following classifiers in favor of a SPDX license expression:
DEBUG 
DEBUG         License :: OSI Approved :: BSD License
DEBUG 
DEBUG         See https://packaging.python.org/en/latest/guides/writing-pyproject-toml/#license for details.
DEBUG         ********************************************************************************
DEBUG 
DEBUG !!
DEBUG   dist._finalize_license_expression()
DEBUG /usr/local/lib/python3.12/dist-packages/setuptools/dist.py:765: SetuptoolsDeprecationWarning: License classifiers are deprecated.
DEBUG !!
DEBUG 
DEBUG         ********************************************************************************
DEBUG         Please consider removing the following classifiers in favor of a SPDX license expression:
DEBUG 
DEBUG         License :: OSI Approved :: BSD License
DEBUG 
DEBUG         See https://packaging.python.org/en/latest/guides/writing-pyproject-toml/#license for details.
DEBUG         ********************************************************************************
DEBUG 
DEBUG !!
DEBUG   self._finalize_license_expression()
DEBUG setup.py with torch 2.12.0a0+0291f960b6.nv26.04.48445190
DEBUG Compiling helper routines for torch-harmonics.
DEBUG Compiling custom CUDA kernels for torch-harmonics.
DEBUG NOTE: Compiling disco with release flags
DEBUG Compiling attention CUDA kernels for torch-harmonics.
DEBUG NOTE: Compiling attention with release flags
DEBUG running dist_info
DEBUG creating /root/.cache/uv/builds-v0/.tmpv9C7jC/metadata_directory/torch_harmonics.egg-info
DEBUG writing /root/.cache/uv/builds-v0/.tmpv9C7jC/metadata_directory/torch_harmonics.egg-info/PKG-INFO
DEBUG writing dependency_links to /root/.cache/uv/builds-v0/.tmpv9C7jC/metadata_directory/torch_harmonics.egg-info/dependency_links.txt
DEBUG writing requirements to /root/.cache/uv/builds-v0/.tmpv9C7jC/metadata_directory/torch_harmonics.egg-info/requires.txt
DEBUG writing top-level names to /root/.cache/uv/builds-v0/.tmpv9C7jC/metadata_directory/torch_harmonics.egg-info/top_level.txt
DEBUG writing manifest file '/root/.cache/uv/builds-v0/.tmpv9C7jC/metadata_directory/torch_harmonics.egg-info/SOURCES.txt'
DEBUG reading manifest file '/root/.cache/uv/builds-v0/.tmpv9C7jC/metadata_directory/torch_harmonics.egg-info/SOURCES.txt'
DEBUG adding license file 'LICENSE'
DEBUG adding license file 'AUTHORS'
DEBUG writing manifest file '/root/.cache/uv/builds-v0/.tmpv9C7jC/metadata_directory/torch_harmonics.egg-info/SOURCES.txt'
DEBUG creating '/root/.cache/uv/builds-v0/.tmpv9C7jC/metadata_directory/torch_harmonics-0.8.1.dist-info'
DEBUG Prepared metadata for: torch-harmonics @ git+https://github.com/NVIDIA/torch-harmonics.git@a632ca748a12bd9f74dbc1e00653317810991f74
DEBUG Solving with installed Python version: 3.12.3
DEBUG Solving with target Python version: >=3.12.3
DEBUG Adding direct dependency: torch-harmonics*
DEBUG Searching for a compatible version of torch-harmonics @ git+https://github.com/NVIDIA/torch-harmonics.git@a632ca748a12bd9f74dbc1e00653317810991f74 (*)
DEBUG Adding transitive dependency for torch-harmonics==0.8.1: torch>=2.4.0
DEBUG Adding transitive dependency for torch-harmonics==0.8.1: numpy>=1.22.4
DEBUG Found fresh response for: https://pypi.org/simple/torch/
DEBUG Found fresh response for: https://pypi.org/simple/numpy/
DEBUG Searching for a compatible version of torch (>=2.4.0)
DEBUG Selecting: torch==2.12.0a0+0291f960b6.nv26.4.48445190 [installed] (installed)
DEBUG Adding transitive dependency for torch==2.12.0a0+0291f960b6.nv26.4.48445190: filelock*
DEBUG Adding transitive dependency for torch==2.12.0a0+0291f960b6.nv26.4.48445190: typing-extensions>=4.10.0
DEBUG Adding transitive dependency for torch==2.12.0a0+0291f960b6.nv26.4.48445190: setuptools<82
DEBUG Adding transitive dependency for torch==2.12.0a0+0291f960b6.nv26.4.48445190: sympy>=1.13.3
DEBUG Adding transitive dependency for torch==2.12.0a0+0291f960b6.nv26.4.48445190: networkx>=2.5.1
DEBUG Adding transitive dependency for torch==2.12.0a0+0291f960b6.nv26.4.48445190: jinja2*
DEBUG Adding transitive dependency for torch==2.12.0a0+0291f960b6.nv26.4.48445190: fsspec>=0.8.5
DEBUG Found fresh response for: https://pypi.org/simple/filelock/
DEBUG Found fresh response for: https://pypi.org/simple/typing-extensions/
DEBUG Found fresh response for: https://pypi.org/simple/setuptools/
DEBUG Found fresh response for: https://pypi.org/simple/sympy/
DEBUG Found fresh response for: https://pypi.org/simple/networkx/
DEBUG Found fresh response for: https://pypi.org/simple/jinja2/
DEBUG Found fresh response for: https://pypi.org/simple/fsspec/
DEBUG Searching for a compatible version of numpy (>=1.22.4)
DEBUG Selecting: numpy==2.1.0 [installed] (installed)
DEBUG Searching for a compatible version of filelock (*)
DEBUG Selecting: filelock==3.25.2 [installed] (installed)
DEBUG Searching for a compatible version of typing-extensions (>=4.10.0)
DEBUG Selecting: typing-extensions==4.15.0 [installed] (installed)
DEBUG Searching for a compatible version of setuptools (<82)
DEBUG Selecting: setuptools==81.0.0 [installed] (installed)
DEBUG Searching for a compatible version of sympy (>=1.13.3)
DEBUG Selecting: sympy==1.14.0 [installed] (installed)
DEBUG Adding transitive dependency for sympy==1.14.0: mpmath>=1.1.0, <1.4
DEBUG Found fresh response for: https://pypi.org/simple/mpmath/
DEBUG Searching for a compatible version of networkx (>=2.5.1)
DEBUG Selecting: networkx==3.6.1 [installed] (installed)
DEBUG Searching for a compatible version of jinja2 (*)
DEBUG Selecting: jinja2==3.1.6 [installed] (installed)
DEBUG Adding transitive dependency for jinja2==3.1.6: markupsafe>=2.0
DEBUG Found fresh response for: https://pypi.org/simple/markupsafe/
DEBUG Searching for a compatible version of fsspec (>=0.8.5)
DEBUG Selecting: fsspec==2026.6.0 [installed] (installed)
DEBUG Searching for a compatible version of mpmath (>=1.1.0, <1.4)
DEBUG Selecting: mpmath==1.3.0 [installed] (installed)
DEBUG Searching for a compatible version of markupsafe (>=2.0)
DEBUG Selecting: markupsafe==3.0.3 [installed] (installed)
DEBUG Tried 12 versions: filelock 1, fsspec 1, jinja2 1, markupsafe 1, mpmath 1, networkx 1, numpy 1, setuptools 1, sympy 1, torch 1, torch-harmonics 1, typing-extensions 1
DEBUG marker environment resolution took 0.005s
Resolved 12 packages in 4.09s
DEBUG Requirement already installed: sympy==1.14.0
DEBUG Requirement already installed: markupsafe==3.0.3
DEBUG Requirement already installed: filelock==3.25.2
DEBUG Identified uncached distribution: torch-harmonics @ git+https://github.com/NVIDIA/torch-harmonics.git@a632ca748a12bd9f74dbc1e00653317810991f74
DEBUG Requirement already installed: numpy==2.1.0
DEBUG Requirement already installed: torch==2.12.0a0+0291f960b6.nv26.4.48445190 (from file:///opt/transfer/torch-2.12.0a0%2B0291f960b6.nv26.4.48445190-cp312-cp312-linux_aarch64.whl)
DEBUG Requirement already installed: networkx==3.6.1
DEBUG Requirement already installed: fsspec==2026.6.0
DEBUG Requirement already installed: jinja2==3.1.6
DEBUG Requirement already installed: typing-extensions==4.15.0
DEBUG Requirement already installed: mpmath==1.3.0
DEBUG Requirement already installed: setuptools==81.0.0
DEBUG Unnecessary package: strenum==0.4.15
DEBUG Unnecessary package: absl-py==2.4.0
DEBUG Unnecessary package: affine==2.4.0
DEBUG Unnecessary package: aiobotocore==3.7.0
DEBUG Unnecessary package: aiohappyeyeballs==2.6.1
DEBUG Unnecessary package: aiohttp==3.13.5
DEBUG Unnecessary package: aioitertools==0.13.0
DEBUG Unnecessary package: aiosignal==1.4.0
DEBUG Unnecessary package: annotated-doc==0.0.4
DEBUG Unnecessary package: annotated-types==0.7.0
DEBUG Unnecessary package: antlr4-python3-runtime==4.9.3
DEBUG Unnecessary package: anyio==4.13.0
DEBUG Unnecessary package: apache-tvm-ffi==0.1.10
DEBUG Unnecessary package: apex==0.1 (from file:///opt/pytorch/apex/dist/apex-0.1-cp312-cp312-linux_aarch64.whl)
DEBUG Unnecessary package: argon2-cffi==25.1.0
DEBUG Unnecessary package: argon2-cffi-bindings==25.1.0
DEBUG Unnecessary package: arrow==1.4.0
DEBUG Unnecessary package: asttokens==3.0.1
DEBUG Unnecessary package: astunparse==1.6.3
DEBUG Unnecessary package: async-lru==2.3.0
DEBUG Unnecessary package: attrs==26.1.0
DEBUG Unnecessary package: babel==2.18.0
DEBUG Unnecessary package: base58==2.1.1
DEBUG Unnecessary package: beautifulsoup4==4.14.3
DEBUG Unnecessary package: bitarray==3.9.0
DEBUG Unnecessary package: bitstring==4.4.0
DEBUG Unnecessary package: black==26.3.1
DEBUG Unnecessary package: blake3==1.0.9
DEBUG Unnecessary package: bleach==6.3.0
DEBUG Unnecessary package: bokeh==3.9.1
DEBUG Unnecessary package: boto3==1.43.0
DEBUG Unnecessary package: botocore==1.43.0
DEBUG Unnecessary package: bracex==3.0
DEBUG Unnecessary package: build==1.4.3
DEBUG Unnecessary package: captum==0.9.0
DEBUG Unnecessary package: cartopy==0.25.0
DEBUG Unnecessary package: cattrs==26.1.0
DEBUG Unnecessary package: cdsapi==0.7.7
DEBUG Unnecessary package: certifi==2026.2.25
DEBUG Unnecessary package: cffi==2.0.0
DEBUG Unnecessary package: cfgrib==0.9.15.1 (from git+https://github.com/NickGeneva/cfgrib.git@6a9af3173d7050b5fa5d221755f97e6ecb8c3433)
DEBUG Unnecessary package: cftime==1.6.5
DEBUG Unnecessary package: charset-normalizer==3.4.7
DEBUG Unnecessary package: click==8.3.2
DEBUG Unnecessary package: cligj==0.7.2
DEBUG Unnecessary package: cloudpickle==3.1.2
DEBUG Unnecessary package: cmake==3.31.6
DEBUG Unnecessary package: comm==0.2.3
DEBUG Unnecessary package: contourpy==1.3.3
DEBUG Unnecessary package: cryptography==49.0.0
DEBUG Unnecessary package: cuda-bindings==13.2.0
DEBUG Unnecessary package: cuda-pathfinder==1.5.2
DEBUG Unnecessary package: cuda-python==13.2.0
DEBUG Unnecessary package: cuda-tile==1.2.0
DEBUG Unnecessary package: cycler==0.12.1
DEBUG Unnecessary package: cython==3.2.4
DEBUG Unnecessary package: dask==2026.7.0
DEBUG Unnecessary package: datasets==4.8.4
DEBUG Unnecessary package: debugpy==1.8.20
DEBUG Unnecessary package: decorator==5.2.1
DEBUG Unnecessary package: defusedxml==0.7.1
DEBUG Unnecessary package: dill==0.4.1
DEBUG Unnecessary package: distributed==2026.7.0
DEBUG Unnecessary package: dllist==2.0.0
DEBUG Unnecessary package: dm-tree==0.1.9
DEBUG Unnecessary package: docstring-parser==0.17.0
DEBUG Unnecessary package: donfig==0.8.1.post1
DEBUG Unnecessary package: earth2studio==0.16.0rc0 (from git+https://github.com/NVIDIA/earth2studio.git@c99422c3e75ca29d200440ec1bd2d4ac8282683c)
DEBUG Unnecessary package: eccodes==2.47.0
DEBUG Unnecessary package: eccodeslib==2.47.3.22
DEBUG Unnecessary package: eckitlib==2.1.0.22
DEBUG Unnecessary package: ecmwf-datastores-client==0.5.1
DEBUG Unnecessary package: ecmwf-opendata==0.3.30
DEBUG Unnecessary package: einops==0.8.2
DEBUG Unnecessary package: eumdac==3.1.1
DEBUG Unnecessary package: executing==2.2.1
DEBUG Unnecessary package: expecttest==0.3.0
DEBUG Unnecessary package: fastjsonschema==2.21.2
DEBUG Unnecessary package: findlibs==0.1.2
DEBUG Unnecessary package: flash-attn==2.7.4.post1+git5231d95fe1.45164347 (from file:///opt/transfer/flash_attn-2.7.4.post1%2Bgit5231d95fe1.45164347-cp312-cp312-linux_aarch64.whl)
DEBUG Unnecessary package: fonttools==4.62.1
DEBUG Unnecessary package: fqdn==1.5.1
DEBUG Unnecessary package: frozenlist==1.8.0
DEBUG Unnecessary package: gast==0.7.0
DEBUG Unnecessary package: gcsfs==2026.7.0
DEBUG Unnecessary package: gitdb==4.0.12
DEBUG Unnecessary package: gitpython==3.1.50
DEBUG Unnecessary package: globus-sdk==3.65.0
DEBUG Unnecessary package: google-api-core==2.31.0
DEBUG Unnecessary package: google-auth==2.55.2
DEBUG Unnecessary package: google-auth-oauthlib==1.4.0
DEBUG Unnecessary package: google-cloud-core==2.6.0
DEBUG Unnecessary package: google-cloud-storage==3.12.1
DEBUG Unnecessary package: google-cloud-storage-control==1.12.0
DEBUG Unnecessary package: google-crc32c==1.8.0
DEBUG Unnecessary package: google-resumable-media==2.10.0
DEBUG Unnecessary package: googleapis-common-protos==1.75.0
DEBUG Unnecessary package: grpc-google-iam-v1==0.14.4
DEBUG Unnecessary package: grpcio==1.80.0
DEBUG Unnecessary package: grpcio-status==1.80.0
DEBUG Unnecessary package: h11==0.16.0
DEBUG Unnecessary package: h5netcdf==1.8.1
DEBUG Unnecessary package: h5py==3.16.0
DEBUG Unnecessary package: hf-xet==1.4.3
DEBUG Unnecessary package: httpcore==1.0.9
DEBUG Unnecessary package: httpx==0.28.1
DEBUG Unnecessary package: huggingface-hub==1.10.1
DEBUG Unnecessary package: hydra-core==1.3.4
DEBUG Unnecessary package: hypothesis==6.130.8
DEBUG Unnecessary package: idna==3.11
DEBUG Unnecessary package: importlib-metadata==9.0.0
DEBUG Unnecessary package: intake-esgf==2026.6.4
DEBUG Unnecessary package: ipykernel==7.2.0
DEBUG Unnecessary package: ipython==9.12.0
DEBUG Unnecessary package: ipython-pygments-lexers==1.1.1
DEBUG Unnecessary package: isoduration==20.11.0
DEBUG Unnecessary package: isort==8.0.1
DEBUG Unnecessary package: jaxtyping==0.3.11
DEBUG Unnecessary package: jedi==0.19.2
DEBUG Unnecessary package: jmespath==1.1.0
DEBUG Unnecessary package: json5==0.14.0
DEBUG Unnecessary package: jsonpointer==3.1.1
DEBUG Unnecessary package: jsonschema==4.26.0
DEBUG Unnecessary package: jsonschema-specifications==2025.9.1
DEBUG Unnecessary package: jupyter-client==8.8.0
DEBUG Unnecessary package: jupyter-core==5.9.1
DEBUG Unnecessary package: jupyter-events==0.12.0
DEBUG Unnecessary package: jupyter-lsp==2.3.1
DEBUG Unnecessary package: jupyter-server==2.17.0
DEBUG Unnecessary package: jupyter-server-terminals==0.5.4
DEBUG Unnecessary package: jupyterlab==4.5.6
DEBUG Unnecessary package: jupyterlab-code-formatter==3.0.3
DEBUG Unnecessary package: jupyterlab-pygments==0.3.0
DEBUG Unnecessary package: jupyterlab-server==2.28.0
DEBUG Unnecessary package: jupyterlab-tensorboard-pro==4.0.0 (from file:///builder/jupyterlab_tensorboard_pro-4.0.0-py2.py3-none-any.whl)
DEBUG Unnecessary package: jupytext==1.19.1
DEBUG Unnecessary package: kiwisolver==1.5.0
DEBUG Unnecessary package: lark==1.3.1
DEBUG Unnecessary package: lintrunner==0.13.0
DEBUG Unnecessary package: llvmlite==0.46.0
DEBUG Unnecessary package: locket==1.0.0
DEBUG Unnecessary package: loguru==0.7.3
DEBUG Unnecessary package: lz4==4.4.5
DEBUG Unnecessary package: makefun==1.16.0
DEBUG Unnecessary package: markdown==3.10.2
DEBUG Unnecessary package: markdown-it-py==4.0.0
DEBUG Unnecessary package: matplotlib==3.10.8
DEBUG Unnecessary package: matplotlib-inline==0.2.1
DEBUG Unnecessary package: mdit-py-plugins==0.5.0
DEBUG Unnecessary package: mdurl==0.1.2
DEBUG Unnecessary package: mistune==3.2.0
DEBUG Unnecessary package: ml-dtypes==0.5.4
DEBUG Unnecessary package: mmh3==5.2.1
DEBUG Unnecessary package: morphys==1.0
DEBUG Unnecessary package: msgpack==1.2.1
DEBUG Unnecessary package: multi-storage-client==1.0.0
DEBUG Unnecessary package: multidict==6.7.1
DEBUG Unnecessary package: multiprocess==0.70.19
DEBUG Unnecessary package: multiurl==0.3.9
DEBUG Unnecessary package: mypy-extensions==1.1.0
DEBUG Unnecessary package: narwhals==2.23.0
DEBUG Unnecessary package: nbclient==0.10.4
DEBUG Unnecessary package: nbconvert==7.17.1
DEBUG Unnecessary package: nbformat==5.10.4
DEBUG Unnecessary package: nest-asyncio==1.6.0
DEBUG Unnecessary package: netcdf4==1.7.2
DEBUG Unnecessary package: ninja==1.13.0
DEBUG Unnecessary package: notebook==7.5.5
DEBUG Unnecessary package: notebook-shim==0.2.4
DEBUG Unnecessary package: numba==0.64.0
DEBUG Unnecessary package: numcodecs==0.16.5
DEBUG Unnecessary package: nv-one-logger-core==2.3.1
DEBUG Unnecessary package: nv-one-logger-training-telemetry==2.3.1
DEBUG Unnecessary package: nvdlfw-inspect==0.2.2
DEBUG Unnecessary package: nvfuser==0.2.36+gitdd866a7 (from file:///opt/pytorch/fuser/python)
DEBUG Unnecessary package: nvidia-cudnn-frontend==1.22.1 (from file:///tmp/cudnn-fe/cudnn_frontend)
DEBUG Unnecessary package: nvidia-cutlass-dsl==4.4.1
DEBUG Unnecessary package: nvidia-cutlass-dsl-libs-base==4.4.1
DEBUG Unnecessary package: nvidia-cutlass-dsl-libs-cu13==4.4.1
DEBUG Unnecessary package: nvidia-dali-cuda130==2.0.0
DEBUG Unnecessary package: nvidia-libnvcomp-cu13==5.1.0.21
DEBUG Unnecessary package: nvidia-matmul-heuristics==0.1.0.27
DEBUG Unnecessary package: nvidia-ml-py==13.595.45
DEBUG Unnecessary package: nvidia-modelopt==0.42.0 (from file:///tmp/modelopt/nvidia_modelopt-0.42.0-py3-none-any.whl)
DEBUG Unnecessary package: nvidia-nvimgcodec-cu13==0.7.0.49
DEBUG Unnecessary package: nvidia-nvjpeg==13.1.0.48
DEBUG Unnecessary package: nvidia-nvjpeg2k-cu13==0.10.0.49
DEBUG Unnecessary package: nvidia-nvtiff-cu13==0.7.0.79
DEBUG Unnecessary package: nvidia-physicsnemo==2.1.1
DEBUG Unnecessary package: nvidia-resiliency-ext==0.5.0 (from file:///tmp/nvrx/nvidia_resiliency_ext-0.5.0-cp312-cp312-manylinux_2_39_aarch64.whl)
DEBUG Unnecessary package: nvtx==0.2.15
DEBUG Unnecessary package: oauthlib==3.3.1
DEBUG Unnecessary package: obstore==0.11.0
DEBUG Unnecessary package: omegaconf==2.3.1
DEBUG Unnecessary package: onnx==1.21.0 (from file:///opt/pytorch/pytorch/third_party/onnx)
DEBUG Unnecessary package: onnx-ir==0.2.0
DEBUG Unnecessary package: onnxscript==0.6.2
DEBUG Unnecessary package: opentelemetry-api==1.43.0
DEBUG Unnecessary package: optree==0.19.0
DEBUG Unnecessary package: orjson==3.11.9
DEBUG Unnecessary package: overrides==7.7.0
DEBUG Unnecessary package: packaging==25.0
DEBUG Unnecessary package: paho-mqtt==2.1.0
DEBUG Unnecessary package: pandas==3.0.2
DEBUG Unnecessary package: pandocfilters==1.5.1
DEBUG Unnecessary package: parso==0.8.6
DEBUG Unnecessary package: partd==1.4.2
DEBUG Unnecessary package: pathspec==1.0.4
DEBUG Unnecessary package: pexpect==4.9.0
DEBUG Unnecessary package: pillow==12.2.0
DEBUG Preserving seed package: pip==26.0.1
DEBUG Unnecessary package: planetary-computer==1.0.0
DEBUG Unnecessary package: platformdirs==4.9.6
DEBUG Unnecessary package: polygraphy==0.49.26
DEBUG Unnecessary package: prettytable==3.18.0
DEBUG Unnecessary package: prometheus-client==0.25.0
DEBUG Unnecessary package: prompt-toolkit==3.0.52
DEBUG Unnecessary package: propcache==0.4.1
DEBUG Unnecessary package: proto-plus==1.28.1
DEBUG Unnecessary package: protobuf==6.33.6
DEBUG Unnecessary package: psutil==7.2.2
DEBUG Unnecessary package: ptyprocess==0.7.0
DEBUG Unnecessary package: pulp==3.3.0
DEBUG Unnecessary package: pure-eval==0.2.3
DEBUG Unnecessary package: py-multihash==3.0.0
DEBUG Unnecessary package: pyarrow==23.0.1
DEBUG Unnecessary package: pyasn1==0.6.4
DEBUG Unnecessary package: pyasn1-modules==0.4.2
DEBUG Unnecessary package: pybind11==3.0.3
DEBUG Unnecessary package: pybind11-global==3.0.3
DEBUG Unnecessary package: pybufrkit==0.2.25
DEBUG Unnecessary package: pycocotools==2.0+nv0.8.1 (from git+https://github.com/nvidia/cocoapi.git@08350a157b41f0755a536441b5abec89ab934c5b#subdirectory=PythonAPI)
DEBUG Unnecessary package: pycparser==3.0
DEBUG Unnecessary package: pydantic==2.13.0
DEBUG Unnecessary package: pydantic-core==2.46.0
DEBUG Unnecessary package: pygments==2.20.0
DEBUG Unnecessary package: pygrib==2.1.8
DEBUG Unnecessary package: pyjwt==2.13.0
DEBUG Unnecessary package: pyparsing==3.3.2
DEBUG Unnecessary package: pyproj==3.7.2
DEBUG Unnecessary package: pyproject-hooks==1.2.0
DEBUG Unnecessary package: pyshp==3.1.4
DEBUG Unnecessary package: pystac==1.15.1
DEBUG Unnecessary package: pystac-client==0.9.0
DEBUG Unnecessary package: pystac-core==1.15.1
DEBUG Unnecessary package: pystac-ext-classification==2.0.0
DEBUG Unnecessary package: pystac-ext-datacube==2.2.0
DEBUG Unnecessary package: pystac-ext-eo==1.1.0
DEBUG Unnecessary package: pystac-ext-file==2.1.0
DEBUG Unnecessary package: pystac-ext-grid==1.1.0
DEBUG Unnecessary package: pystac-ext-item-assets==1.0.0
DEBUG Unnecessary package: pystac-ext-label==1.0.1
DEBUG Unnecessary package: pystac-ext-mgrs==1.0.0
DEBUG Unnecessary package: pystac-ext-mlm==1.4.0
DEBUG Unnecessary package: pystac-ext-pointcloud==1.0.0
DEBUG Unnecessary package: pystac-ext-projection==2.0.0
DEBUG Unnecessary package: pystac-ext-raster==1.1.0
DEBUG Unnecessary package: pystac-ext-render==2.0.0
DEBUG Unnecessary package: pystac-ext-sar==1.0.0
DEBUG Unnecessary package: pystac-ext-sat==1.0.0
DEBUG Unnecessary package: pystac-ext-scientific==1.0.0
DEBUG Unnecessary package: pystac-ext-storage==2.0.0
DEBUG Unnecessary package: pystac-ext-table==1.2.0
DEBUG Unnecessary package: pystac-ext-timestamps==1.1.0
DEBUG Unnecessary package: pystac-ext-version==1.2.0
DEBUG Unnecessary package: pystac-ext-view==1.0.0
DEBUG Unnecessary package: pystac-ext-xarray-assets==1.0.0
DEBUG Unnecessary package: python-dateutil==2.9.0.post0
DEBUG Unnecessary package: python-dotenv==1.2.2
DEBUG Unnecessary package: python-hostlist==2.3.0
DEBUG Unnecessary package: python-json-logger==4.1.0
DEBUG Unnecessary package: pytokens==0.4.1
DEBUG Unnecessary package: pytz==2026.2
DEBUG Unnecessary package: pyvers==0.2.3
DEBUG Unnecessary package: pyyaml==6.0.3
DEBUG Unnecessary package: pyzmq==27.1.0
DEBUG Unnecessary package: rasterio==1.5.0
DEBUG Unnecessary package: referencing==0.37.0
DEBUG Unnecessary package: regex==2026.4.4
DEBUG Unnecessary package: requests==2.33.1
DEBUG Unnecessary package: requests-cache==1.3.3
DEBUG Unnecessary package: requests-oauthlib==2.0.0
DEBUG Unnecessary package: rfc3339-validator==0.1.4
DEBUG Unnecessary package: rfc3986-validator==0.1.1
DEBUG Unnecessary package: rfc3987-syntax==1.1.0
DEBUG Unnecessary package: rich==15.0.0
DEBUG Unnecessary package: rioxarray==0.22.0
DEBUG Unnecessary package: rpds-py==0.30.0
DEBUG Unnecessary package: s3fs==2026.6.0
DEBUG Unnecessary package: s3transfer==0.17.1
DEBUG Unnecessary package: safetensors==0.7.0
DEBUG Unnecessary package: scipy==1.17.1
DEBUG Unnecessary package: send2trash==2.1.0
DEBUG Unnecessary package: sentry-sdk==2.58.0
DEBUG Unnecessary package: shapely==2.1.2
DEBUG Unnecessary package: shellingham==1.5.4
DEBUG Unnecessary package: six==1.16.0
DEBUG Unnecessary package: smmap==5.0.3
DEBUG Unnecessary package: sortedcontainers==2.4.0
DEBUG Unnecessary package: soupsieve==2.8.3
DEBUG Unnecessary package: spin==0.18
DEBUG Unnecessary package: stack-data==0.6.3
DEBUG Unnecessary package: tabulate==0.10.0
DEBUG Unnecessary package: tblib==3.2.2
DEBUG Unnecessary package: tensorboard==2.20.0
DEBUG Unnecessary package: tensorboard-data-server==0.7.2
DEBUG Unnecessary package: tensordict==0.11.0
DEBUG Unnecessary package: tensorrt==10.16.1.11 (from file:///workspace/TensorRT-10.16.1.11/python/tensorrt-10.16.1.11-cp312-none-linux_aarch64.whl)
DEBUG Unnecessary package: termcolor==3.3.0
DEBUG Unnecessary package: terminado==0.18.1
DEBUG Unnecessary package: tibs==0.5.7
DEBUG Unnecessary package: timm==1.0.27
DEBUG Unnecessary package: tinycss2==1.4.0
DEBUG Unnecessary package: tokenizers==0.22.2
DEBUG Unnecessary package: toml==0.10.2
DEBUG Unnecessary package: toolz==1.1.0
DEBUG Unnecessary package: torch-c-dlpack-ext==0.1.5
DEBUG Unnecessary package: torch-tensorrt==2.12.0a0 (from file:///opt/pytorch/torch_tensorrt/dist/torch_tensorrt-2.12.0a0-cp312-cp312-linux_aarch64.whl)
DEBUG Unnecessary package: torchao==0.17.0+git42bcdc49 (from file:///opt/pytorch/ao)
DEBUG Unnecessary package: torchdata==0.11.0
DEBUG Unnecessary package: torchtitan==0.2.2+git6d1ff9e6 (from file:///opt/pytorch/torchtitan)
DEBUG Unnecessary package: torchvision==0.26.0a0+48956e05.nv26.4.48445190 (from file:///opt/transfer/torchvision-0.26.0a0%2B48956e05.nv26.4.48445190-cp312-cp312-manylinux_2_28_aarch64.whl)
DEBUG Unnecessary package: tornado==6.5.5
DEBUG Unnecessary package: tqdm==4.67.3
DEBUG Unnecessary package: traitlets==5.14.3
DEBUG Unnecessary package: transformer-engine==2.14.0+f031cf87 (from file:///workspace/TransformerEngine)
DEBUG Unnecessary package: treelib==1.8.0
DEBUG Unnecessary package: triton==3.6.0+git5d72932fc5.nv26.4 (from file:///tmp/dist/triton-3.6.0%2Bgit5d72932fc5.nv26.4-cp312-cp312-linux_aarch64.whl)
DEBUG Unnecessary package: triton-kernels==1.0.0+git5d72932fc5.nv26.4 (from file:///tmp/dist/triton_kernels-1.0.0%2Bgit5d72932fc5.nv26.4-py3-none-any.whl)
DEBUG Unnecessary package: typeguard==4.5.1
DEBUG Unnecessary package: typer==0.24.1
DEBUG Unnecessary package: typing-inspection==0.4.2
DEBUG Unnecessary package: tyro==1.0.12
DEBUG Unnecessary package: tzdata==2025.3
DEBUG Unnecessary package: uri-template==1.3.0
DEBUG Unnecessary package: url-normalize==3.0.0
DEBUG Unnecessary package: urllib3==2.7.0
DEBUG Preserving seed package: uv==0.11.6
DEBUG Unnecessary package: varint==1.0.2
DEBUG Unnecessary package: wadler-lindig==0.1.7
DEBUG Unnecessary package: wandb==0.26.0
DEBUG Unnecessary package: warp-lang==1.15.0
DEBUG Unnecessary package: wcmatch==10.2.1
DEBUG Unnecessary package: wcwidth==0.6.0
DEBUG Unnecessary package: webcolors==25.10.0
DEBUG Unnecessary package: webencodings==0.5.1
DEBUG Unnecessary package: websocket-client==1.9.0
DEBUG Unnecessary package: werkzeug==3.1.8
DEBUG Unnecessary package: wheel==0.46.3
DEBUG Unnecessary package: wrapt==2.1.2
DEBUG Unnecessary package: xarray==2026.7.0
DEBUG Unnecessary package: xattr==1.3.0
DEBUG Unnecessary package: xxhash==3.6.0
DEBUG Unnecessary package: xyzservices==2026.3.0
DEBUG Unnecessary package: yarl==1.23.0
DEBUG Unnecessary package: zarr==3.2.1
DEBUG Unnecessary package: zennit==1.0.0
DEBUG Unnecessary package: zict==3.0.0
DEBUG Unnecessary package: zipp==3.23.0
DEBUG Fetching source distribution from Git: https://github.com/NVIDIA/torch-harmonics.git
DEBUG Using existing Git source `https://github.com/NVIDIA/torch-harmonics.git`
   Building torch-harmonics @ git+https://github.com/NVIDIA/torch-harmonics.git@a632ca748a12bd9f74dbc1e00653317810991f74
DEBUG Building: torch-harmonics @ git+https://github.com/NVIDIA/torch-harmonics.git@a632ca748a12bd9f74dbc1e00653317810991f74
DEBUG Assessing Python executable as base candidate: /usr/bin/python
DEBUG Reusing existing build environment for: torch-harmonics @ git+https://github.com/NVIDIA/torch-harmonics.git@a632ca748a12bd9f74dbc1e00653317810991f74
DEBUG Locking the source tree for setuptools
DEBUG Calling `setuptools.build_meta.build_wheel("/root/.cache/uv/builds-v0/.tmptEtKRG", {}, "/root/.cache/uv/builds-v0/.tmpv9C7jC/metadata_directory/torch_harmonics-0.8.1.dist-info")`
DEBUG /usr/local/lib/python3.12/dist-packages/setuptools/config/_apply_pyprojecttoml.py:61: SetuptoolsDeprecationWarning: License classifiers are deprecated.
DEBUG !!
DEBUG 
DEBUG         ********************************************************************************
DEBUG         Please consider removing the following classifiers in favor of a SPDX license expression:
DEBUG 
DEBUG         License :: OSI Approved :: BSD License
DEBUG 
DEBUG         See https://packaging.python.org/en/latest/guides/writing-pyproject-toml/#license for details.
DEBUG         ********************************************************************************
DEBUG 
DEBUG !!
DEBUG   dist._finalize_license_expression()
DEBUG /usr/local/lib/python3.12/dist-packages/setuptools/dist.py:765: SetuptoolsDeprecationWarning: License classifiers are deprecated.
DEBUG !!
DEBUG 
DEBUG         ********************************************************************************
DEBUG         Please consider removing the following classifiers in favor of a SPDX license expression:
DEBUG 
DEBUG         License :: OSI Approved :: BSD License
DEBUG 
DEBUG         See https://packaging.python.org/en/latest/guides/writing-pyproject-toml/#license for details.
DEBUG         ********************************************************************************
DEBUG 
DEBUG !!
DEBUG   self._finalize_license_expression()
DEBUG setup.py with torch 2.12.0a0+0291f960b6.nv26.04.48445190
DEBUG Compiling helper routines for torch-harmonics.
DEBUG Compiling custom CUDA kernels for torch-harmonics.
DEBUG NOTE: Compiling disco with release flags
DEBUG Compiling attention CUDA kernels for torch-harmonics.
DEBUG NOTE: Compiling attention with release flags
DEBUG running bdist_wheel
DEBUG running build
DEBUG running build_py
DEBUG creating build/lib.linux-aarch64-cpython-312/torch_harmonics
DEBUG copying torch_harmonics/truncation.py -> build/lib.linux-aarch64-cpython-312/torch_harmonics
DEBUG copying torch_harmonics/spectral_convolution.py -> build/lib.linux-aarch64-cpython-312/torch_harmonics
DEBUG copying torch_harmonics/sht.py -> build/lib.linux-aarch64-cpython-312/torch_harmonics
DEBUG copying torch_harmonics/resample.py -> build/lib.linux-aarch64-cpython-312/torch_harmonics
DEBUG copying torch_harmonics/random_fields.py -> build/lib.linux-aarch64-cpython-312/torch_harmonics
DEBUG copying torch_harmonics/quadrature.py -> build/lib.linux-aarch64-cpython-312/torch_harmonics
DEBUG copying torch_harmonics/plotting.py -> build/lib.linux-aarch64-cpython-312/torch_harmonics
DEBUG copying torch_harmonics/legendre.py -> build/lib.linux-aarch64-cpython-312/torch_harmonics
DEBUG copying torch_harmonics/filter_basis.py -> build/lib.linux-aarch64-cpython-312/torch_harmonics
DEBUG copying torch_harmonics/fft.py -> build/lib.linux-aarch64-cpython-312/torch_harmonics
DEBUG copying torch_harmonics/cache.py -> build/lib.linux-aarch64-cpython-312/torch_harmonics
DEBUG copying torch_harmonics/__init__.py -> build/lib.linux-aarch64-cpython-312/torch_harmonics
DEBUG creating build/lib.linux-aarch64-cpython-312/torch_harmonics/examples
DEBUG copying torch_harmonics/examples/stanford_2d3ds_dataset.py -> build/lib.linux-aarch64-cpython-312/torch_harmonics/examples
DEBUG copying torch_harmonics/examples/shallow_water_equations.py -> build/lib.linux-aarch64-cpython-312/torch_harmonics/examples
DEBUG copying torch_harmonics/examples/pde_sphere.py -> build/lib.linux-aarch64-cpython-312/torch_harmonics/examples
DEBUG copying torch_harmonics/examples/pde_dataset.py -> build/lib.linux-aarch64-cpython-312/torch_harmonics/examples
DEBUG copying torch_harmonics/examples/metrics.py -> build/lib.linux-aarch64-cpython-312/torch_harmonics/examples
DEBUG copying torch_harmonics/examples/losses.py -> build/lib.linux-aarch64-cpython-312/torch_harmonics/examples
DEBUG copying torch_harmonics/examples/__init__.py -> build/lib.linux-aarch64-cpython-312/torch_harmonics/examples
DEBUG creating build/lib.linux-aarch64-cpython-312/torch_harmonics/distributed
DEBUG copying torch_harmonics/distributed/utils.py -> build/lib.linux-aarch64-cpython-312/torch_harmonics/distributed
DEBUG copying torch_harmonics/distributed/primitives.py -> build/lib.linux-aarch64-cpython-312/torch_harmonics/distributed
DEBUG copying torch_harmonics/distributed/distributed_spectral_convolution.py -> build/lib.linux-aarch64-cpython-312/torch_harmonics/distributed
DEBUG copying torch_harmonics/distributed/distributed_sht.py -> build/lib.linux-aarch64-cpython-312/torch_harmonics/distributed
DEBUG copying torch_harmonics/distributed/distributed_resample.py -> build/lib.linux-aarch64-cpython-312/torch_harmonics/distributed
DEBUG copying torch_harmonics/distributed/distributed_quadrature.py -> build/lib.linux-aarch64-cpython-312/torch_harmonics/distributed
DEBUG copying torch_harmonics/distributed/distributed_convolution.py -> build/lib.linux-aarch64-cpython-312/torch_harmonics/distributed
DEBUG copying torch_harmonics/distributed/__init__.py -> build/lib.linux-aarch64-cpython-312/torch_harmonics/distributed
DEBUG creating build/lib.linux-aarch64-cpython-312/torch_harmonics/disco
DEBUG copying torch_harmonics/disco/convolution.py -> build/lib.linux-aarch64-cpython-312/torch_harmonics/disco
DEBUG copying torch_harmonics/disco/_disco_utils.py -> build/lib.linux-aarch64-cpython-312/torch_harmonics/disco
DEBUG copying torch_harmonics/disco/__init__.py -> build/lib.linux-aarch64-cpython-312/torch_harmonics/disco
DEBUG creating build/lib.linux-aarch64-cpython-312/torch_harmonics/attention
DEBUG copying torch_harmonics/attention/attention.py -> build/lib.linux-aarch64-cpython-312/torch_harmonics/attention
DEBUG copying torch_harmonics/attention/_attention_utils.py -> build/lib.linux-aarch64-cpython-312/torch_harmonics/attention
DEBUG copying torch_harmonics/attention/__init__.py -> build/lib.linux-aarch64-cpython-312/torch_harmonics/attention
DEBUG creating build/lib.linux-aarch64-cpython-312/torch_harmonics/examples/models
DEBUG copying torch_harmonics/examples/models/sfno.py -> build/lib.linux-aarch64-cpython-312/torch_harmonics/examples/models
DEBUG copying torch_harmonics/examples/models/s2unet.py -> build/lib.linux-aarch64-cpython-312/torch_harmonics/examples/models
DEBUG copying torch_harmonics/examples/models/s2transformer.py -> build/lib.linux-aarch64-cpython-312/torch_harmonics/examples/models
DEBUG copying torch_harmonics/examples/models/s2segformer.py -> build/lib.linux-aarch64-cpython-312/torch_harmonics/examples/models
DEBUG copying torch_harmonics/examples/models/lsno.py -> build/lib.linux-aarch64-cpython-312/torch_harmonics/examples/models
DEBUG copying torch_harmonics/examples/models/_layers.py -> build/lib.linux-aarch64-cpython-312/torch_harmonics/examples/models
DEBUG copying torch_harmonics/examples/models/__init__.py -> build/lib.linux-aarch64-cpython-312/torch_harmonics/examples/models
DEBUG running egg_info
DEBUG creating torch_harmonics.egg-info
DEBUG writing torch_harmonics.egg-info/PKG-INFO
DEBUG writing dependency_links to torch_harmonics.egg-info/dependency_links.txt
DEBUG writing requirements to torch_harmonics.egg-info/requires.txt
DEBUG writing top-level names to torch_harmonics.egg-info/top_level.txt
DEBUG writing manifest file 'torch_harmonics.egg-info/SOURCES.txt'
DEBUG reading manifest file 'torch_harmonics.egg-info/SOURCES.txt'
DEBUG adding license file 'LICENSE'
DEBUG adding license file 'AUTHORS'
DEBUG writing manifest file 'torch_harmonics.egg-info/SOURCES.txt'
DEBUG creating build/lib.linux-aarch64-cpython-312/torch_harmonics/disco/csrc
DEBUG copying torch_harmonics/disco/csrc/disco_cpu.cpp -> build/lib.linux-aarch64-cpython-312/torch_harmonics/disco/csrc
DEBUG copying torch_harmonics/disco/csrc/disco_cuda_bwd.cu -> build/lib.linux-aarch64-cpython-312/torch_harmonics/disco/csrc
DEBUG copying torch_harmonics/disco/csrc/disco_cuda_fwd.cu -> build/lib.linux-aarch64-cpython-312/torch_harmonics/disco/csrc
DEBUG copying torch_harmonics/disco/csrc/disco_helpers.cpp -> build/lib.linux-aarch64-cpython-312/torch_harmonics/disco/csrc
DEBUG copying torch_harmonics/disco/csrc/disco_interface.cpp -> build/lib.linux-aarch64-cpython-312/torch_harmonics/disco/csrc
DEBUG creating build/lib.linux-aarch64-cpython-312/torch_harmonics/attention/csrc
DEBUG copying torch_harmonics/attention/csrc/attention_cpu_bwd.cpp -> build/lib.linux-aarch64-cpython-312/torch_harmonics/attention/csrc
DEBUG copying torch_harmonics/attention/csrc/attention_cpu_fwd.cpp -> build/lib.linux-aarch64-cpython-312/torch_harmonics/attention/csrc
DEBUG copying torch_harmonics/attention/csrc/attention_cuda_bwd.cu -> build/lib.linux-aarch64-cpython-312/torch_harmonics/attention/csrc
DEBUG copying torch_harmonics/attention/csrc/attention_cuda_fwd.cu -> build/lib.linux-aarch64-cpython-312/torch_harmonics/attention/csrc
DEBUG copying torch_harmonics/attention/csrc/attention_cuda_utils.cu -> build/lib.linux-aarch64-cpython-312/torch_harmonics/attention/csrc
DEBUG copying torch_harmonics/attention/csrc/attention_helpers.cpp -> build/lib.linux-aarch64-cpython-312/torch_harmonics/attention/csrc
DEBUG copying torch_harmonics/attention/csrc/attention_interface.cpp -> build/lib.linux-aarch64-cpython-312/torch_harmonics/attention/csrc
DEBUG running build_ext
DEBUG building 'disco_helpers' extension
DEBUG creating /root/.cache/uv/git-v0/checkouts/e1c4dc45af88b817/a632ca7/build/temp.linux-aarch64-cpython-312/torch_harmonics/disco/csrc
DEBUG [1/1] c++ -MMD -MF /root/.cache/uv/git-v0/checkouts/e1c4dc45af88b817/a632ca7/build/temp.linux-aarch64-cpython-312/torch_harmonics/disco/csrc/disco_helpers.o.d -fno-strict-overflow -Wsign-compare -DNDEBUG -g -O2 -Wall -fPIC -I/usr/local/lib/python3.12/dist-packages/torch/include -I/usr/local/lib/python3.12/dist-packages/torch/include/torch/csrc/api/include -I/usr/include/python3.12 -c -c /root/.cache/uv/git-v0/checkouts/e1c4dc45af88b817/a632ca7/torch_harmonics/disco/csrc/disco_helpers.cpp -o /root/.cache/uv/git-v0/checkouts/e1c4dc45af88b817/a632ca7/build/temp.linux-aarch64-cpython-312/torch_harmonics/disco/csrc/disco_helpers.o -DBUILD_CPP=1 -DBUILD_CUDA=1 -DTORCH_API_INCLUDE_EXTENSION_H -DTORCH_EXTENSION_NAME=disco_helpers -std=c++17
DEBUG aarch64-linux-gnu-g++ -fno-strict-overflow -Wsign-compare -DNDEBUG -g -O2 -Wall -shared -Wl,-O1 -Wl,-Bsymbolic-functions /root/.cache/uv/git-v0/checkouts/e1c4dc45af88b817/a632ca7/build/temp.linux-aarch64-cpython-312/torch_harmonics/disco/csrc/disco_helpers.o -L/usr/local/lib/python3.12/dist-packages/torch/lib -L/usr/lib/aarch64-linux-gnu -lc10 -ltorch -ltorch_cpu -ltorch_python -o build/lib.linux-aarch64-cpython-312/disco_helpers.cpython-312-aarch64-linux-gnu.so
DEBUG building 'attention_helpers' extension
DEBUG creating /root/.cache/uv/git-v0/checkouts/e1c4dc45af88b817/a632ca7/build/temp.linux-aarch64-cpython-312/torch_harmonics/attention/csrc
DEBUG [1/1] c++ -MMD -MF /root/.cache/uv/git-v0/checkouts/e1c4dc45af88b817/a632ca7/build/temp.linux-aarch64-cpython-312/torch_harmonics/attention/csrc/attention_helpers.o.d -fno-strict-overflow -Wsign-compare -DNDEBUG -g -O2 -Wall -fPIC -I/usr/local/lib/python3.12/dist-packages/torch/include -I/usr/local/lib/python3.12/dist-packages/torch/include/torch/csrc/api/include -I/usr/include/python3.12 -c -c /root/.cache/uv/git-v0/checkouts/e1c4dc45af88b817/a632ca7/torch_harmonics/attention/csrc/attention_helpers.cpp -o /root/.cache/uv/git-v0/checkouts/e1c4dc45af88b817/a632ca7/build/temp.linux-aarch64-cpython-312/torch_harmonics/attention/csrc/attention_helpers.o -DBUILD_CPP=1 -DBUILD_CUDA=1 -DTORCH_API_INCLUDE_EXTENSION_H -DTORCH_EXTENSION_NAME=attention_helpers -std=c++17
DEBUG In file included from /root/.cache/uv/git-v0/checkouts/e1c4dc45af88b817/a632ca7/torch_harmonics/attention/csrc/attention_helpers.cpp:31:
DEBUG /root/.cache/uv/git-v0/checkouts/e1c4dc45af88b817/a632ca7/torch_harmonics/attention/csrc/attention.h:42:119: warning: backslash-newline at end of file
DEBUG    42 | #define CHECK_CPU_INPUT_TENSOR(x)                                                                                     \
DEBUG       |                                                                                                                        
DEBUG aarch64-linux-gnu-g++ -fno-strict-overflow -Wsign-compare -DNDEBUG -g -O2 -Wall -shared -Wl,-O1 -Wl,-Bsymbolic-functions /root/.cache/uv/git-v0/checkouts/e1c4dc45af88b817/a632ca7/build/temp.linux-aarch64-cpython-312/torch_harmonics/attention/csrc/attention_helpers.o -L/usr/local/lib/python3.12/dist-packages/torch/lib -L/usr/lib/aarch64-linux-gnu -lc10 -ltorch -ltorch_cpu -ltorch_python -o build/lib.linux-aarch64-cpython-312/attention_helpers.cpython-312-aarch64-linux-gnu.so
DEBUG building 'torch_harmonics.disco._C' extension
DEBUG [1/4] c++ -MMD -MF /root/.cache/uv/git-v0/checkouts/e1c4dc45af88b817/a632ca7/build/temp.linux-aarch64-cpython-312/torch_harmonics/disco/csrc/disco_interface.o.d -fno-strict-overflow -Wsign-compare -DNDEBUG -g -O2 -Wall -fPIC -I/usr/local/lib/python3.12/dist-packages/torch/include -I/usr/local/lib/python3.12/dist-packages/torch/include/torch/csrc/api/include -I/usr/local/cuda/include -I/usr/include/python3.12 -c -c /root/.cache/uv/git-v0/checkouts/e1c4dc45af88b817/a632ca7/torch_harmonics/disco/csrc/disco_interface.cpp -o /root/.cache/uv/git-v0/checkouts/e1c4dc45af88b817/a632ca7/build/temp.linux-aarch64-cpython-312/torch_harmonics/disco/csrc/disco_interface.o -O3 -ffast-math -DNDEBUG -DTORCH_API_INCLUDE_EXTENSION_H -DTORCH_EXTENSION_NAME=_C -std=c++17
DEBUG [2/4] c++ -MMD -MF /root/.cache/uv/git-v0/checkouts/e1c4dc45af88b817/a632ca7/build/temp.linux-aarch64-cpython-312/torch_harmonics/disco/csrc/disco_cpu.o.d -fno-strict-overflow -Wsign-compare -DNDEBUG -g -O2 -Wall -fPIC -I/usr/local/lib/python3.12/dist-packages/torch/include -I/usr/local/lib/python3.12/dist-packages/torch/include/torch/csrc/api/include -I/usr/local/cuda/include -I/usr/include/python3.12 -c -c /root/.cache/uv/git-v0/checkouts/e1c4dc45af88b817/a632ca7/torch_harmonics/disco/csrc/disco_cpu.cpp -o /root/.cache/uv/git-v0/checkouts/e1c4dc45af88b817/a632ca7/build/temp.linux-aarch64-cpython-312/torch_harmonics/disco/csrc/disco_cpu.o -O3 -ffast-math -DNDEBUG -DTORCH_API_INCLUDE_EXTENSION_H -DTORCH_EXTENSION_NAME=_C -std=c++17
DEBUG In file included from /root/.cache/uv/git-v0/checkouts/e1c4dc45af88b817/a632ca7/torch_harmonics/disco/csrc/disco_cpu.cpp:31:
DEBUG /root/.cache/uv/git-v0/checkouts/e1c4dc45af88b817/a632ca7/torch_harmonics/disco/csrc/disco_cpu.h:58: warning: ignoring ‘#pragma omp parallel’ [-Wunknown-pragmas]
DEBUG    58 |         #pragma omp parallel for collapse(3)
DEBUG       | 
DEBUG /root/.cache/uv/git-v0/checkouts/e1c4dc45af88b817/a632ca7/torch_harmonics/disco/csrc/disco_cpu.h:120: warning: ignoring ‘#pragma omp parallel’ [-Wunknown-pragmas]
DEBUG   120 |         #pragma omp parallel for collapse(2)
DEBUG       | 
DEBUG [3/4] /usr/local/cuda/bin/nvcc -MD -MF /root/.cache/uv/git-v0/checkouts/e1c4dc45af88b817/a632ca7/build/temp.linux-aarch64-cpython-312/torch_harmonics/disco/csrc/disco_cuda_fwd.o.d -I/usr/local/lib/python3.12/dist-packages/torch/include -I/usr/local/lib/python3.12/dist-packages/torch/include/torch/csrc/api/include -I/usr/local/cuda/include -I/usr/include/python3.12 -c -c /root/.cache/uv/git-v0/checkouts/e1c4dc45af88b817/a632ca7/torch_harmonics/disco/csrc/disco_cuda_fwd.cu -o /root/.cache/uv/git-v0/checkouts/e1c4dc45af88b817/a632ca7/build/temp.linux-aarch64-cpython-312/torch_harmonics/disco/csrc/disco_cuda_fwd.o -D__CUDA_NO_HALF_OPERATORS__ -D__CUDA_NO_HALF_CONVERSIONS__ -D__CUDA_NO_BFLOAT16_CONVERSIONS__ -D__CUDA_NO_HALF2_OPERATORS__ --expt-relaxed-constexpr --compiler-options ''"'"'-fPIC'"'"'' -O3 -DNDEBUG -DTORCH_API_INCLUDE_EXTENSION_H -DTORCH_EXTENSION_NAME=_C -gencode=arch=compute_100,code=sm_100 -gencode=arch=compute_110,code=sm_110 -gencode=arch=compute_120,code=compute_120 -gencode=arch=compute_120,code=sm_120 -gencode=arch=compute_80,code=sm_80 -gencode=arch=compute_86,code=sm_86 -gencode=arch=compute_90,code=sm_90 -std=c++17
DEBUG [4/4] /usr/local/cuda/bin/nvcc -MD -MF /root/.cache/uv/git-v0/checkouts/e1c4dc45af88b817/a632ca7/build/temp.linux-aarch64-cpython-312/torch_harmonics/disco/csrc/disco_cuda_bwd.o.d -I/usr/local/lib/python3.12/dist-packages/torch/include -I/usr/local/lib/python3.12/dist-packages/torch/include/torch/csrc/api/include -I/usr/local/cuda/include -I/usr/include/python3.12 -c -c /root/.cache/uv/git-v0/checkouts/e1c4dc45af88b817/a632ca7/torch_harmonics/disco/csrc/disco_cuda_bwd.cu -o /root/.cache/uv/git-v0/checkouts/e1c4dc45af88b817/a632ca7/build/temp.linux-aarch64-cpython-312/torch_harmonics/disco/csrc/disco_cuda_bwd.o -D__CUDA_NO_HALF_OPERATORS__ -D__CUDA_NO_HALF_CONVERSIONS__ -D__CUDA_NO_BFLOAT16_CONVERSIONS__ -D__CUDA_NO_HALF2_OPERATORS__ --expt-relaxed-constexpr --compiler-options ''"'"'-fPIC'"'"'' -O3 -DNDEBUG -DTORCH_API_INCLUDE_EXTENSION_H -DTORCH_EXTENSION_NAME=_C -gencode=arch=compute_100,code=sm_100 -gencode=arch=compute_110,code=sm_110 -gencode=arch=compute_120,code=compute_120 -gencode=arch=compute_120,code=sm_120 -gencode=arch=compute_80,code=sm_80 -gencode=arch=compute_86,code=sm_86 -gencode=arch=compute_90,code=sm_90 -std=c++17
DEBUG aarch64-linux-gnu-g++ -fno-strict-overflow -Wsign-compare -DNDEBUG -g -O2 -Wall -shared -Wl,-O1 -Wl,-Bsymbolic-functions /root/.cache/uv/git-v0/checkouts/e1c4dc45af88b817/a632ca7/build/temp.linux-aarch64-cpython-312/torch_harmonics/disco/csrc/disco_cpu.o /root/.cache/uv/git-v0/checkouts/e1c4dc45af88b817/a632ca7/build/temp.linux-aarch64-cpython-312/torch_harmonics/disco/csrc/disco_cuda_bwd.o /root/.cache/uv/git-v0/checkouts/e1c4dc45af88b817/a632ca7/build/temp.linux-aarch64-cpython-312/torch_harmonics/disco/csrc/disco_cuda_fwd.o /root/.cache/uv/git-v0/checkouts/e1c4dc45af88b817/a632ca7/build/temp.linux-aarch64-cpython-312/torch_harmonics/disco/csrc/disco_interface.o -L/usr/local/lib/python3.12/dist-packages/torch/lib -L/usr/local/cuda/lib64 -L/usr/lib/aarch64-linux-gnu -lc10 -ltorch -ltorch_cpu -ltorch_python -lcudart -lc10_cuda -ltorch_cuda -o build/lib.linux-aarch64-cpython-312/torch_harmonics/disco/_C.cpython-312-aarch64-linux-gnu.so
DEBUG building 'torch_harmonics.attention._C' extension
DEBUG [1/6] c++ -MMD -MF /root/.cache/uv/git-v0/checkouts/e1c4dc45af88b817/a632ca7/build/temp.linux-aarch64-cpython-312/torch_harmonics/attention/csrc/attention_interface.o.d -fno-strict-overflow -Wsign-compare -DNDEBUG -g -O2 -Wall -fPIC -I/usr/local/lib/python3.12/dist-packages/torch/include -I/usr/local/lib/python3.12/dist-packages/torch/include/torch/csrc/api/include -I/usr/local/cuda/include -I/usr/include/python3.12 -c -c /root/.cache/uv/git-v0/checkouts/e1c4dc45af88b817/a632ca7/torch_harmonics/attention/csrc/attention_interface.cpp -o /root/.cache/uv/git-v0/checkouts/e1c4dc45af88b817/a632ca7/build/temp.linux-aarch64-cpython-312/torch_harmonics/attention/csrc/attention_interface.o -O3 -ffast-math -DNDEBUG -DTORCH_API_INCLUDE_EXTENSION_H -DTORCH_EXTENSION_NAME=_C -std=c++17
DEBUG In file included from /root/.cache/uv/git-v0/checkouts/e1c4dc45af88b817/a632ca7/torch_harmonics/attention/csrc/attention_interface.cpp:32:
DEBUG /root/.cache/uv/git-v0/checkouts/e1c4dc45af88b817/a632ca7/torch_harmonics/attention/csrc/attention.h:42:119: warning: backslash-newline at end of file
DEBUG    42 | #define CHECK_CPU_INPUT_TENSOR(x)                                                                                     \
DEBUG       |                                                                                                                        
DEBUG [2/6] c++ -MMD -MF /root/.cache/uv/git-v0/checkouts/e1c4dc45af88b817/a632ca7/build/temp.linux-aarch64-cpython-312/torch_harmonics/attention/csrc/attention_cpu_bwd.o.d -fno-strict-overflow -Wsign-compare -DNDEBUG -g -O2 -Wall -fPIC -I/usr/local/lib/python3.12/dist-packages/torch/include -I/usr/local/lib/python3.12/dist-packages/torch/include/torch/csrc/api/include -I/usr/local/cuda/include -I/usr/include/python3.12 -c -c /root/.cache/uv/git-v0/checkouts/e1c4dc45af88b817/a632ca7/torch_harmonics/attention/csrc/attention_cpu_bwd.cpp -o /root/.cache/uv/git-v0/checkouts/e1c4dc45af88b817/a632ca7/build/temp.linux-aarch64-cpython-312/torch_harmonics/attention/csrc/attention_cpu_bwd.o -O3 -ffast-math -DNDEBUG -DTORCH_API_INCLUDE_EXTENSION_H -DTORCH_EXTENSION_NAME=_C -std=c++17
DEBUG In file included from /root/.cache/uv/git-v0/checkouts/e1c4dc45af88b817/a632ca7/torch_harmonics/attention/csrc/attention_cpu.h:33,
DEBUG                  from /root/.cache/uv/git-v0/checkouts/e1c4dc45af88b817/a632ca7/torch_harmonics/attention/csrc/attention_cpu_bwd.cpp:31:
DEBUG /root/.cache/uv/git-v0/checkouts/e1c4dc45af88b817/a632ca7/torch_harmonics/attention/csrc/attention.h:42:119: warning: backslash-newline at end of file
DEBUG    42 | #define CHECK_CPU_INPUT_TENSOR(x)                                                                                     \
DEBUG       |                                                                                                                        
DEBUG /root/.cache/uv/git-v0/checkouts/e1c4dc45af88b817/a632ca7/torch_harmonics/attention/csrc/attention_cpu.h:57: warning: ignoring ‘#pragma omp parallel’ [-Wunknown-pragmas]
DEBUG    57 |         #pragma omp parallel for collapse(4)
DEBUG       | 
DEBUG /root/.cache/uv/git-v0/checkouts/e1c4dc45af88b817/a632ca7/torch_harmonics/attention/csrc/attention_cpu.h:142: warning: ignoring ‘#pragma omp parallel’ [-Wunknown-pragmas]
DEBUG   142 |         #pragma omp parallel for collapse(2)
DEBUG       | 
DEBUG /root/.cache/uv/git-v0/checkouts/e1c4dc45af88b817/a632ca7/torch_harmonics/attention/csrc/attention_cpu.h:243: warning: ignoring ‘#pragma omp parallel’ [-Wunknown-pragmas]
DEBUG   243 |         #pragma omp parallel for collapse(2)
DEBUG       | 
DEBUG [3/6] c++ -MMD -MF /root/.cache/uv/git-v0/checkouts/e1c4dc45af88b817/a632ca7/build/temp.linux-aarch64-cpython-312/torch_harmonics/attention/csrc/attention_cpu_fwd.o.d -fno-strict-overflow -Wsign-compare -DNDEBUG -g -O2 -Wall -fPIC -I/usr/local/lib/python3.12/dist-packages/torch/include -I/usr/local/lib/python3.12/dist-packages/torch/include/torch/csrc/api/include -I/usr/local/cuda/include -I/usr/include/python3.12 -c -c /root/.cache/uv/git-v0/checkouts/e1c4dc45af88b817/a632ca7/torch_harmonics/attention/csrc/attention_cpu_fwd.cpp -o /root/.cache/uv/git-v0/checkouts/e1c4dc45af88b817/a632ca7/build/temp.linux-aarch64-cpython-312/torch_harmonics/attention/csrc/attention_cpu_fwd.o -O3 -ffast-math -DNDEBUG -DTORCH_API_INCLUDE_EXTENSION_H -DTORCH_EXTENSION_NAME=_C -std=c++17
DEBUG In file included from /root/.cache/uv/git-v0/checkouts/e1c4dc45af88b817/a632ca7/torch_harmonics/attention/csrc/attention_cpu.h:33,
DEBUG                  from /root/.cache/uv/git-v0/checkouts/e1c4dc45af88b817/a632ca7/torch_harmonics/attention/csrc/attention_cpu_fwd.cpp:31:
DEBUG /root/.cache/uv/git-v0/checkouts/e1c4dc45af88b817/a632ca7/torch_harmonics/attention/csrc/attention.h:42:119: warning: backslash-newline at end of file
DEBUG    42 | #define CHECK_CPU_INPUT_TENSOR(x)                                                                                     \
DEBUG       |                                                                                                                        
DEBUG /root/.cache/uv/git-v0/checkouts/e1c4dc45af88b817/a632ca7/torch_harmonics/attention/csrc/attention_cpu.h:57: warning: ignoring ‘#pragma omp parallel’ [-Wunknown-pragmas]
DEBUG    57 |         #pragma omp parallel for collapse(4)
DEBUG       | 
DEBUG /root/.cache/uv/git-v0/checkouts/e1c4dc45af88b817/a632ca7/torch_harmonics/attention/csrc/attention_cpu.h:142: warning: ignoring ‘#pragma omp parallel’ [-Wunknown-pragmas]
DEBUG   142 |         #pragma omp parallel for collapse(2)
DEBUG       | 
DEBUG /root/.cache/uv/git-v0/checkouts/e1c4dc45af88b817/a632ca7/torch_harmonics/attention/csrc/attention_cpu.h:243: warning: ignoring ‘#pragma omp parallel’ [-Wunknown-pragmas]
DEBUG   243 |         #pragma omp parallel for collapse(2)
DEBUG       | 
DEBUG [4/6] /usr/local/cuda/bin/nvcc -MD -MF /root/.cache/uv/git-v0/checkouts/e1c4dc45af88b817/a632ca7/build/temp.linux-aarch64-cpython-312/torch_harmonics/attention/csrc/attention_cuda_utils.o.d -I/usr/local/lib/python3.12/dist-packages/torch/include -I/usr/local/lib/python3.12/dist-packages/torch/include/torch/csrc/api/include -I/usr/local/cuda/include -I/usr/include/python3.12 -c -c /root/.cache/uv/git-v0/checkouts/e1c4dc45af88b817/a632ca7/torch_harmonics/attention/csrc/attention_cuda_utils.cu -o /root/.cache/uv/git-v0/checkouts/e1c4dc45af88b817/a632ca7/build/temp.linux-aarch64-cpython-312/torch_harmonics/attention/csrc/attention_cuda_utils.o -D__CUDA_NO_HALF_OPERATORS__ -D__CUDA_NO_HALF_CONVERSIONS__ -D__CUDA_NO_BFLOAT16_CONVERSIONS__ -D__CUDA_NO_HALF2_OPERATORS__ --expt-relaxed-constexpr --compiler-options ''"'"'-fPIC'"'"'' -O3 -DNDEBUG -DTORCH_API_INCLUDE_EXTENSION_H -DTORCH_EXTENSION_NAME=_C -gencode=arch=compute_100,code=sm_100 -gencode=arch=compute_110,code=sm_110 -gencode=arch=compute_120,code=compute_120 -gencode=arch=compute_120,code=sm_120 -gencode=arch=compute_80,code=sm_80 -gencode=arch=compute_86,code=sm_86 -gencode=arch=compute_90,code=sm_90 -std=c++17
DEBUG [5/6] /usr/local/cuda/bin/nvcc -MD -MF /root/.cache/uv/git-v0/checkouts/e1c4dc45af88b817/a632ca7/build/temp.linux-aarch64-cpython-312/torch_harmonics/attention/csrc/attention_cuda_fwd.o.d -I/usr/local/lib/python3.12/dist-packages/torch/include -I/usr/local/lib/python3.12/dist-packages/torch/include/torch/csrc/api/include -I/usr/local/cuda/include -I/usr/include/python3.12 -c -c /root/.cache/uv/git-v0/checkouts/e1c4dc45af88b817/a632ca7/torch_harmonics/attention/csrc/attention_cuda_fwd.cu -o /root/.cache/uv/git-v0/checkouts/e1c4dc45af88b817/a632ca7/build/temp.linux-aarch64-cpython-312/torch_harmonics/attention/csrc/attention_cuda_fwd.o -D__CUDA_NO_HALF_OPERATORS__ -D__CUDA_NO_HALF_CONVERSIONS__ -D__CUDA_NO_BFLOAT16_CONVERSIONS__ -D__CUDA_NO_HALF2_OPERATORS__ --expt-relaxed-constexpr --compiler-options ''"'"'-fPIC'"'"'' -O3 -DNDEBUG -DTORCH_API_INCLUDE_EXTENSION_H -DTORCH_EXTENSION_NAME=_C -gencode=arch=compute_100,code=sm_100 -gencode=arch=compute_110,code=sm_110 -gencode=arch=compute_120,code=compute_120 -gencode=arch=compute_120,code=sm_120 -gencode=arch=compute_80,code=sm_80 -gencode=arch=compute_86,code=sm_86 -gencode=arch=compute_90,code=sm_90 -std=c++17
DEBUG [6/6] /usr/local/cuda/bin/nvcc -MD -MF /root/.cache/uv/git-v0/checkouts/e1c4dc45af88b817/a632ca7/build/temp.linux-aarch64-cpython-312/torch_harmonics/attention/csrc/attention_cuda_bwd.o.d -I/usr/local/lib/python3.12/dist-packages/torch/include -I/usr/local/lib/python3.12/dist-packages/torch/include/torch/csrc/api/include -I/usr/local/cuda/include -I/usr/include/python3.12 -c -c /root/.cache/uv/git-v0/checkouts/e1c4dc45af88b817/a632ca7/torch_harmonics/attention/csrc/attention_cuda_bwd.cu -o /root/.cache/uv/git-v0/checkouts/e1c4dc45af88b817/a632ca7/build/temp.linux-aarch64-cpython-312/torch_harmonics/attention/csrc/attention_cuda_bwd.o -D__CUDA_NO_HALF_OPERATORS__ -D__CUDA_NO_HALF_CONVERSIONS__ -D__CUDA_NO_BFLOAT16_CONVERSIONS__ -D__CUDA_NO_HALF2_OPERATORS__ --expt-relaxed-constexpr --compiler-options ''"'"'-fPIC'"'"'' -O3 -DNDEBUG -DTORCH_API_INCLUDE_EXTENSION_H -DTORCH_EXTENSION_NAME=_C -gencode=arch=compute_100,code=sm_100 -gencode=arch=compute_110,code=sm_110 -gencode=arch=compute_120,code=compute_120 -gencode=arch=compute_120,code=sm_120 -gencode=arch=compute_80,code=sm_80 -gencode=arch=compute_86,code=sm_86 -gencode=arch=compute_90,code=sm_90 -std=c++17
DEBUG aarch64-linux-gnu-g++ -fno-strict-overflow -Wsign-compare -DNDEBUG -g -O2 -Wall -shared -Wl,-O1 -Wl,-Bsymbolic-functions /root/.cache/uv/git-v0/checkouts/e1c4dc45af88b817/a632ca7/build/temp.linux-aarch64-cpython-312/torch_harmonics/attention/csrc/attention_cpu_bwd.o /root/.cache/uv/git-v0/checkouts/e1c4dc45af88b817/a632ca7/build/temp.linux-aarch64-cpython-312/torch_harmonics/attention/csrc/attention_cpu_fwd.o /root/.cache/uv/git-v0/checkouts/e1c4dc45af88b817/a632ca7/build/temp.linux-aarch64-cpython-312/torch_harmonics/attention/csrc/attention_cuda_bwd.o /root/.cache/uv/git-v0/checkouts/e1c4dc45af88b817/a632ca7/build/temp.linux-aarch64-cpython-312/torch_harmonics/attention/csrc/attention_cuda_fwd.o /root/.cache/uv/git-v0/checkouts/e1c4dc45af88b817/a632ca7/build/temp.linux-aarch64-cpython-312/torch_harmonics/attention/csrc/attention_cuda_utils.o /root/.cache/uv/git-v0/checkouts/e1c4dc45af88b817/a632ca7/build/temp.linux-aarch64-cpython-312/torch_harmonics/attention/csrc/attention_interface.o -L/usr/local/lib/python3.12/dist-packages/torch/lib -L/usr/local/cuda/lib64 -L/usr/lib/aarch64-linux-gnu -lc10 -ltorch -ltorch_cpu -ltorch_python -lcudart -lc10_cuda -ltorch_cuda -o build/lib.linux-aarch64-cpython-312/torch_harmonics/attention/_C.cpython-312-aarch64-linux-gnu.so
DEBUG installing to build/bdist.linux-aarch64/wheel
DEBUG running install
DEBUG running install_lib
DEBUG creating build/bdist.linux-aarch64/wheel
DEBUG copying build/lib.linux-aarch64-cpython-312/attention_helpers.cpython-312-aarch64-linux-gnu.so -> build/bdist.linux-aarch64/wheel/.
DEBUG copying build/lib.linux-aarch64-cpython-312/disco_helpers.cpython-312-aarch64-linux-gnu.so -> build/bdist.linux-aarch64/wheel/.
DEBUG creating build/bdist.linux-aarch64/wheel/torch_harmonics
DEBUG creating build/bdist.linux-aarch64/wheel/torch_harmonics/attention
DEBUG copying build/lib.linux-aarch64-cpython-312/torch_harmonics/attention/_C.cpython-312-aarch64-linux-gnu.so -> build/bdist.linux-aarch64/wheel/./torch_harmonics/attention
DEBUG creating build/bdist.linux-aarch64/wheel/torch_harmonics/attention/csrc
DEBUG copying build/lib.linux-aarch64-cpython-312/torch_harmonics/attention/csrc/attention_interface.cpp -> build/bdist.linux-aarch64/wheel/./torch_harmonics/attention/csrc
DEBUG copying build/lib.linux-aarch64-cpython-312/torch_harmonics/attention/csrc/attention_helpers.cpp -> build/bdist.linux-aarch64/wheel/./torch_harmonics/attention/csrc
DEBUG copying build/lib.linux-aarch64-cpython-312/torch_harmonics/attention/csrc/attention_cuda_utils.cu -> build/bdist.linux-aarch64/wheel/./torch_harmonics/attention/csrc
DEBUG copying build/lib.linux-aarch64-cpython-312/torch_harmonics/attention/csrc/attention_cuda_fwd.cu -> build/bdist.linux-aarch64/wheel/./torch_harmonics/attention/csrc
DEBUG copying build/lib.linux-aarch64-cpython-312/torch_harmonics/attention/csrc/attention_cuda_bwd.cu -> build/bdist.linux-aarch64/wheel/./torch_harmonics/attention/csrc
DEBUG copying build/lib.linux-aarch64-cpython-312/torch_harmonics/attention/csrc/attention_cpu_fwd.cpp -> build/bdist.linux-aarch64/wheel/./torch_harmonics/attention/csrc
DEBUG copying build/lib.linux-aarch64-cpython-312/torch_harmonics/attention/csrc/attention_cpu_bwd.cpp -> build/bdist.linux-aarch64/wheel/./torch_harmonics/attention/csrc
DEBUG copying build/lib.linux-aarch64-cpython-312/torch_harmonics/attention/__init__.py -> build/bdist.linux-aarch64/wheel/./torch_harmonics/attention
DEBUG copying build/lib.linux-aarch64-cpython-312/torch_harmonics/attention/_attention_utils.py -> build/bdist.linux-aarch64/wheel/./torch_harmonics/attention
DEBUG copying build/lib.linux-aarch64-cpython-312/torch_harmonics/attention/attention.py -> build/bdist.linux-aarch64/wheel/./torch_harmonics/attention
DEBUG creating build/bdist.linux-aarch64/wheel/torch_harmonics/disco
DEBUG copying build/lib.linux-aarch64-cpython-312/torch_harmonics/disco/_C.cpython-312-aarch64-linux-gnu.so -> build/bdist.linux-aarch64/wheel/./torch_harmonics/disco
DEBUG creating build/bdist.linux-aarch64/wheel/torch_harmonics/disco/csrc
DEBUG copying build/lib.linux-aarch64-cpython-312/torch_harmonics/disco/csrc/disco_interface.cpp -> build/bdist.linux-aarch64/wheel/./torch_harmonics/disco/csrc
DEBUG copying build/lib.linux-aarch64-cpython-312/torch_harmonics/disco/csrc/disco_helpers.cpp -> build/bdist.linux-aarch64/wheel/./torch_harmonics/disco/csrc
DEBUG copying build/lib.linux-aarch64-cpython-312/torch_harmonics/disco/csrc/disco_cuda_fwd.cu -> build/bdist.linux-aarch64/wheel/./torch_harmonics/disco/csrc
DEBUG copying build/lib.linux-aarch64-cpython-312/torch_harmonics/disco/csrc/disco_cuda_bwd.cu -> build/bdist.linux-aarch64/wheel/./torch_harmonics/disco/csrc
DEBUG copying build/lib.linux-aarch64-cpython-312/torch_harmonics/disco/csrc/disco_cpu.cpp -> build/bdist.linux-aarch64/wheel/./torch_harmonics/disco/csrc
DEBUG copying build/lib.linux-aarch64-cpython-312/torch_harmonics/disco/__init__.py -> build/bdist.linux-aarch64/wheel/./torch_harmonics/disco
DEBUG copying build/lib.linux-aarch64-cpython-312/torch_harmonics/disco/_disco_utils.py -> build/bdist.linux-aarch64/wheel/./torch_harmonics/disco
DEBUG copying build/lib.linux-aarch64-cpython-312/torch_harmonics/disco/convolution.py -> build/bdist.linux-aarch64/wheel/./torch_harmonics/disco
DEBUG creating build/bdist.linux-aarch64/wheel/torch_harmonics/distributed
DEBUG copying build/lib.linux-aarch64-cpython-312/torch_harmonics/distributed/__init__.py -> build/bdist.linux-aarch64/wheel/./torch_harmonics/distributed
DEBUG copying build/lib.linux-aarch64-cpython-312/torch_harmonics/distributed/distributed_convolution.py -> build/bdist.linux-aarch64/wheel/./torch_harmonics/distributed
DEBUG copying build/lib.linux-aarch64-cpython-312/torch_harmonics/distributed/distributed_quadrature.py -> build/bdist.linux-aarch64/wheel/./torch_harmonics/distributed
DEBUG copying build/lib.linux-aarch64-cpython-312/torch_harmonics/distributed/distributed_resample.py -> build/bdist.linux-aarch64/wheel/./torch_harmonics/distributed
DEBUG copying build/lib.linux-aarch64-cpython-312/torch_harmonics/distributed/distributed_sht.py -> build/bdist.linux-aarch64/wheel/./torch_harmonics/distributed
DEBUG copying build/lib.linux-aarch64-cpython-312/torch_harmonics/distributed/distributed_spectral_convolution.py -> build/bdist.linux-aarch64/wheel/./torch_harmonics/distributed
DEBUG copying build/lib.linux-aarch64-cpython-312/torch_harmonics/distributed/primitives.py -> build/bdist.linux-aarch64/wheel/./torch_harmonics/distributed
DEBUG copying build/lib.linux-aarch64-cpython-312/torch_harmonics/distributed/utils.py -> build/bdist.linux-aarch64/wheel/./torch_harmonics/distributed
DEBUG creating build/bdist.linux-aarch64/wheel/torch_harmonics/examples
DEBUG creating build/bdist.linux-aarch64/wheel/torch_harmonics/examples/models
DEBUG copying build/lib.linux-aarch64-cpython-312/torch_harmonics/examples/models/__init__.py -> build/bdist.linux-aarch64/wheel/./torch_harmonics/examples/models
DEBUG copying build/lib.linux-aarch64-cpython-312/torch_harmonics/examples/models/_layers.py -> build/bdist.linux-aarch64/wheel/./torch_harmonics/examples/models
DEBUG copying build/lib.linux-aarch64-cpython-312/torch_harmonics/examples/models/lsno.py -> build/bdist.linux-aarch64/wheel/./torch_harmonics/examples/models
DEBUG copying build/lib.linux-aarch64-cpython-312/torch_harmonics/examples/models/s2segformer.py -> build/bdist.linux-aarch64/wheel/./torch_harmonics/examples/models
DEBUG copying build/lib.linux-aarch64-cpython-312/torch_harmonics/examples/models/s2transformer.py -> build/bdist.linux-aarch64/wheel/./torch_harmonics/examples/models
DEBUG copying build/lib.linux-aarch64-cpython-312/torch_harmonics/examples/models/s2unet.py -> build/bdist.linux-aarch64/wheel/./torch_harmonics/examples/models
DEBUG copying build/lib.linux-aarch64-cpython-312/torch_harmonics/examples/models/sfno.py -> build/bdist.linux-aarch64/wheel/./torch_harmonics/examples/models
DEBUG copying build/lib.linux-aarch64-cpython-312/torch_harmonics/examples/__init__.py -> build/bdist.linux-aarch64/wheel/./torch_harmonics/examples
DEBUG copying build/lib.linux-aarch64-cpython-312/torch_harmonics/examples/losses.py -> build/bdist.linux-aarch64/wheel/./torch_harmonics/examples
DEBUG copying build/lib.linux-aarch64-cpython-312/torch_harmonics/examples/metrics.py -> build/bdist.linux-aarch64/wheel/./torch_harmonics/examples
DEBUG copying build/lib.linux-aarch64-cpython-312/torch_harmonics/examples/pde_dataset.py -> build/bdist.linux-aarch64/wheel/./torch_harmonics/examples
DEBUG copying build/lib.linux-aarch64-cpython-312/torch_harmonics/examples/pde_sphere.py -> build/bdist.linux-aarch64/wheel/./torch_harmonics/examples
DEBUG copying build/lib.linux-aarch64-cpython-312/torch_harmonics/examples/shallow_water_equations.py -> build/bdist.linux-aarch64/wheel/./torch_harmonics/examples
DEBUG copying build/lib.linux-aarch64-cpython-312/torch_harmonics/examples/stanford_2d3ds_dataset.py -> build/bdist.linux-aarch64/wheel/./torch_harmonics/examples
DEBUG copying build/lib.linux-aarch64-cpython-312/torch_harmonics/__init__.py -> build/bdist.linux-aarch64/wheel/./torch_harmonics
DEBUG copying build/lib.linux-aarch64-cpython-312/torch_harmonics/cache.py -> build/bdist.linux-aarch64/wheel/./torch_harmonics
DEBUG copying build/lib.linux-aarch64-cpython-312/torch_harmonics/fft.py -> build/bdist.linux-aarch64/wheel/./torch_harmonics
DEBUG copying build/lib.linux-aarch64-cpython-312/torch_harmonics/filter_basis.py -> build/bdist.linux-aarch64/wheel/./torch_harmonics
DEBUG copying build/lib.linux-aarch64-cpython-312/torch_harmonics/legendre.py -> build/bdist.linux-aarch64/wheel/./torch_harmonics
DEBUG copying build/lib.linux-aarch64-cpython-312/torch_harmonics/plotting.py -> build/bdist.linux-aarch64/wheel/./torch_harmonics
DEBUG copying build/lib.linux-aarch64-cpython-312/torch_harmonics/quadrature.py -> build/bdist.linux-aarch64/wheel/./torch_harmonics
DEBUG copying build/lib.linux-aarch64-cpython-312/torch_harmonics/random_fields.py -> build/bdist.linux-aarch64/wheel/./torch_harmonics
DEBUG copying build/lib.linux-aarch64-cpython-312/torch_harmonics/resample.py -> build/bdist.linux-aarch64/wheel/./torch_harmonics
DEBUG copying build/lib.linux-aarch64-cpython-312/torch_harmonics/sht.py -> build/bdist.linux-aarch64/wheel/./torch_harmonics
DEBUG copying build/lib.linux-aarch64-cpython-312/torch_harmonics/spectral_convolution.py -> build/bdist.linux-aarch64/wheel/./torch_harmonics
DEBUG copying build/lib.linux-aarch64-cpython-312/torch_harmonics/truncation.py -> build/bdist.linux-aarch64/wheel/./torch_harmonics
DEBUG running install_egg_info
DEBUG Copying torch_harmonics.egg-info to build/bdist.linux-aarch64/wheel/./torch_harmonics-0.8.1-py3.12.egg-info
DEBUG running install_scripts
DEBUG creating build/bdist.linux-aarch64/wheel/torch_harmonics-0.8.1.dist-info/WHEEL
DEBUG creating '/root/.cache/uv/builds-v0/.tmptEtKRG/.tmp-8p8kufua/torch_harmonics-0.8.1-cp312-cp312-linux_aarch64.whl' and adding 'build/bdist.linux-aarch64/wheel' to it
DEBUG adding 'attention_helpers.cpython-312-aarch64-linux-gnu.so'
DEBUG adding 'disco_helpers.cpython-312-aarch64-linux-gnu.so'
DEBUG adding 'torch_harmonics/__init__.py'
DEBUG adding 'torch_harmonics/cache.py'
DEBUG adding 'torch_harmonics/fft.py'
DEBUG adding 'torch_harmonics/filter_basis.py'
DEBUG adding 'torch_harmonics/legendre.py'
DEBUG adding 'torch_harmonics/plotting.py'
DEBUG adding 'torch_harmonics/quadrature.py'
DEBUG adding 'torch_harmonics/random_fields.py'
DEBUG adding 'torch_harmonics/resample.py'
DEBUG adding 'torch_harmonics/sht.py'
DEBUG adding 'torch_harmonics/spectral_convolution.py'
DEBUG adding 'torch_harmonics/truncation.py'
DEBUG adding 'torch_harmonics/attention/_C.cpython-312-aarch64-linux-gnu.so'
DEBUG adding 'torch_harmonics/attention/__init__.py'
DEBUG adding 'torch_harmonics/attention/_attention_utils.py'
DEBUG adding 'torch_harmonics/attention/attention.py'
DEBUG adding 'torch_harmonics/attention/csrc/attention_cpu_bwd.cpp'
DEBUG adding 'torch_harmonics/attention/csrc/attention_cpu_fwd.cpp'
DEBUG adding 'torch_harmonics/attention/csrc/attention_cuda_bwd.cu'
DEBUG adding 'torch_harmonics/attention/csrc/attention_cuda_fwd.cu'
DEBUG adding 'torch_harmonics/attention/csrc/attention_cuda_utils.cu'
DEBUG adding 'torch_harmonics/attention/csrc/attention_helpers.cpp'
DEBUG adding 'torch_harmonics/attention/csrc/attention_interface.cpp'
DEBUG adding 'torch_harmonics/disco/_C.cpython-312-aarch64-linux-gnu.so'
DEBUG adding 'torch_harmonics/disco/__init__.py'
DEBUG adding 'torch_harmonics/disco/_disco_utils.py'
DEBUG adding 'torch_harmonics/disco/convolution.py'
DEBUG adding 'torch_harmonics/disco/csrc/disco_cpu.cpp'
DEBUG adding 'torch_harmonics/disco/csrc/disco_cuda_bwd.cu'
DEBUG adding 'torch_harmonics/disco/csrc/disco_cuda_fwd.cu'
DEBUG adding 'torch_harmonics/disco/csrc/disco_helpers.cpp'
DEBUG adding 'torch_harmonics/disco/csrc/disco_interface.cpp'
DEBUG adding 'torch_harmonics/distributed/__init__.py'
DEBUG adding 'torch_harmonics/distributed/distributed_convolution.py'
DEBUG adding 'torch_harmonics/distributed/distributed_quadrature.py'
DEBUG adding 'torch_harmonics/distributed/distributed_resample.py'
DEBUG adding 'torch_harmonics/distributed/distributed_sht.py'
DEBUG adding 'torch_harmonics/distributed/distributed_spectral_convolution.py'
DEBUG adding 'torch_harmonics/distributed/primitives.py'
DEBUG adding 'torch_harmonics/distributed/utils.py'
DEBUG adding 'torch_harmonics/examples/__init__.py'
DEBUG adding 'torch_harmonics/examples/losses.py'
DEBUG adding 'torch_harmonics/examples/metrics.py'
DEBUG adding 'torch_harmonics/examples/pde_dataset.py'
DEBUG adding 'torch_harmonics/examples/pde_sphere.py'
DEBUG adding 'torch_harmonics/examples/shallow_water_equations.py'
DEBUG adding 'torch_harmonics/examples/stanford_2d3ds_dataset.py'
DEBUG adding 'torch_harmonics/examples/models/__init__.py'
DEBUG adding 'torch_harmonics/examples/models/_layers.py'
DEBUG adding 'torch_harmonics/examples/models/lsno.py'
DEBUG adding 'torch_harmonics/examples/models/s2segformer.py'
DEBUG adding 'torch_harmonics/examples/models/s2transformer.py'
DEBUG adding 'torch_harmonics/examples/models/s2unet.py'
DEBUG adding 'torch_harmonics/examples/models/sfno.py'
DEBUG adding 'torch_harmonics-0.8.1.dist-info/licenses/AUTHORS'
DEBUG adding 'torch_harmonics-0.8.1.dist-info/licenses/LICENSE'
DEBUG adding 'torch_harmonics-0.8.1.dist-info/METADATA'
DEBUG adding 'torch_harmonics-0.8.1.dist-info/WHEEL'
DEBUG adding 'torch_harmonics-0.8.1.dist-info/top_level.txt'
DEBUG adding 'torch_harmonics-0.8.1.dist-info/RECORD'
DEBUG removing build/bdist.linux-aarch64/wheel
DEBUG Built `torch-harmonics @ git+https://github.com/NVIDIA/torch-harmonics.git@a632ca748a12bd9f74dbc1e00653317810991f74` into `torch_harmonics-0.8.1-cp312-cp312-linux_aarch64.whl`
      Built torch-harmonics @ git+https://github.com/NVIDIA/torch-harmonics.git@a632ca748a12bd9f74dbc1e00653317810991f74
Prepared 1 package in 19m 25s
DEBUG Failed to reflink `/root/.cache/uv/archive-v0/hmxvCaDI8iA9kQsB/torch_harmonics-0.8.1.dist-info/RECORD` to `/usr/local/lib/python3.12/dist-packages/torch_harmonics-0.8.1.dist-info/RECORD`: Operation not supported (os error 95), falling back
Installed 1 package in 1ms
 + torch-harmonics==0.8.1 (from git+https://github.com/NVIDIA/torch-harmonics.git@a632ca748a12bd9f74dbc1e00653317810991f74)
+ uv pip install --system --break-system-packages makani @ git+https://github.com/NVIDIA/makani.git@b38fcb2799d7dbc146fa60459f3f9823394a8bf1
Using Python 3.12.3 environment at: /usr
   Updating https://github.com/NVIDIA/makani.git (b38fcb2799d7dbc146fa60459f3f9823394a8bf1)
    Updated https://github.com/NVIDIA/makani.git (b38fcb2799d7dbc146fa60459f3f9823394a8bf1)
Resolved 92 packages in 6.79s
   Building makani @ git+https://github.com/NVIDIA/makani.git@b38fcb2799d7dbc146fa60459f3f9823394a8bf1
      Built makani @ git+https://github.com/NVIDIA/makani.git@b38fcb2799d7dbc146fa60459f3f9823394a8bf1
Prepared 3 packages in 235ms
Installed 3 packages in 2ms
 + makani==0.2.0 (from git+https://github.com/NVIDIA/makani.git@b38fcb2799d7dbc146fa60459f3f9823394a8bf1)
 + more-itertools==11.1.0
 + ruamel-yaml==0.19.1
+ uv pip install --system --break-system-packages earth2studio[sfno]
Using Python 3.12.3 environment at: /usr
Resolved 150 packages in 652ms
Downloading pillow (5.7MiB)
Downloading imageio-ffmpeg (24.4MiB)
 Downloaded pillow
 Downloaded imageio-ffmpeg
Prepared 6 packages in 560ms
Uninstalled 1 package in 2ms
Installed 6 packages in 5ms
 + imageio==2.37.3
 + imageio-ffmpeg==0.6.0
 + moviepy==2.2.1
 - pillow==12.2.0
 + pillow==11.3.0
 + proglog==0.1.12
 + pynvml==13.0.1
+ uv pip install -v --system --break-system-packages --no-build-isolation earth2studio[aifs]
DEBUG Searching for user configuration in: `/root/.config/uv/uv.toml`
DEBUG uv 0.11.28 (aarch64-unknown-linux-gnu)
DEBUG Searching for default Python interpreter in search path or managed installations
DEBUG Found `cpython-3.12.3-linux-aarch64-gnu` at `/usr/bin/python` (first executable in the search path)
Using Python 3.12.3 environment at: /usr
DEBUG Ignoring externally managed environment due to `--break-system-packages`
DEBUG At least one requirement is not satisfied: earthkit-regrid==0.4.0 ; extra == 'aifs'
DEBUG Using request connect timeout of 10s and read timeout of 30s
DEBUG Solving with installed Python version: 3.12.3
DEBUG Solving with target Python version: >=3.12.3
DEBUG Adding direct dependency: earth2studio[aifs]*
DEBUG Found fresh response for: https://pypi.org/simple/earth2studio/
DEBUG Searching for a compatible version of earth2studio[aifs] (*)
DEBUG Selecting: earth2studio==0.16.0rc0 [installed] (installed)
DEBUG Adding transitive dependency for earth2studio==0.16.0rc0: earth2studio==0.16.0rc0
DEBUG Adding transitive dependency for earth2studio==0.16.0rc0: earth2studio[aifs]==0.16.0rc0
DEBUG Searching for a compatible version of earth2studio (==0.16.0rc0)
DEBUG Selecting: earth2studio==0.16.0rc0 [installed] (installed)
DEBUG Adding transitive dependency for earth2studio==0.16.0rc0: cftime*
DEBUG Adding transitive dependency for earth2studio==0.16.0rc0: fsspec>=2024.2.0
DEBUG Adding transitive dependency for earth2studio==0.16.0rc0: gcsfs*
DEBUG Adding transitive dependency for earth2studio==0.16.0rc0: h5netcdf>=1.0.0
DEBUG Adding transitive dependency for earth2studio==0.16.0rc0: h5py>=3.2.0
DEBUG Adding transitive dependency for earth2studio==0.16.0rc0: huggingface-hub>=0.27.0
DEBUG Adding transitive dependency for earth2studio==0.16.0rc0: loguru*
DEBUG Adding transitive dependency for earth2studio==0.16.0rc0: netcdf4>=1.6.4, <1.7.3
DEBUG Adding transitive dependency for earth2studio==0.16.0rc0: obstore>=0.8
DEBUG Adding transitive dependency for earth2studio==0.16.0rc0: pandas*
DEBUG Adding transitive dependency for earth2studio==0.16.0rc0: pyarrow>=14.0.0
DEBUG Adding transitive dependency for earth2studio==0.16.0rc0: pygrib*
DEBUG Adding transitive dependency for earth2studio==0.16.0rc0: python-dotenv*
DEBUG Adding transitive dependency for earth2studio==0.16.0rc0: rich*
DEBUG Adding transitive dependency for earth2studio==0.16.0rc0: s3fs>=2023.5.0
DEBUG Adding transitive dependency for earth2studio==0.16.0rc0: torch>=2.5.0
DEBUG Adding transitive dependency for earth2studio==0.16.0rc0: tqdm>=4.65.0
DEBUG Adding transitive dependency for earth2studio==0.16.0rc0: xarray[parallel]>=2023.1.0
DEBUG Adding transitive dependency for earth2studio==0.16.0rc0: zarr>=3.1.0
DEBUG Found fresh response for: https://pypi.org/simple/cftime/
DEBUG Found fresh response for: https://pypi.org/simple/fsspec/
DEBUG Found fresh response for: https://pypi.org/simple/gcsfs/
DEBUG Found fresh response for: https://pypi.org/simple/h5netcdf/
DEBUG Found fresh response for: https://pypi.org/simple/h5py/
DEBUG Found fresh response for: https://pypi.org/simple/huggingface-hub/
DEBUG Found fresh response for: https://pypi.org/simple/loguru/
DEBUG Found fresh response for: https://pypi.org/simple/netcdf4/
DEBUG Found fresh response for: https://pypi.org/simple/obstore/
DEBUG Found fresh response for: https://pypi.org/simple/pandas/
DEBUG Found fresh response for: https://pypi.org/simple/pyarrow/
DEBUG Found fresh response for: https://pypi.org/simple/pygrib/
DEBUG Found fresh response for: https://pypi.org/simple/python-dotenv/
DEBUG Found fresh response for: https://pypi.org/simple/rich/
DEBUG Found fresh response for: https://pypi.org/simple/s3fs/
DEBUG Found fresh response for: https://pypi.org/simple/torch/
DEBUG Found fresh response for: https://pypi.org/simple/tqdm/
DEBUG Found fresh response for: https://pypi.org/simple/xarray/
DEBUG Found fresh response for: https://pypi.org/simple/zarr/
DEBUG Searching for a compatible version of earth2studio[aifs] (==0.16.0rc0)
DEBUG Selecting: earth2studio==0.16.0rc0 [installed] (installed)
DEBUG Adding transitive dependency for earth2studio==0.16.0rc0: anemoi-models>=0.5.1, <0.5.1+
DEBUG Adding transitive dependency for earth2studio==0.16.0rc0: earthkit-regrid>=0.4.0, <0.4.0+
DEBUG Adding transitive dependency for earth2studio==0.16.0rc0: ecmwf-opendata>=0.3.29
DEBUG Adding transitive dependency for earth2studio==0.16.0rc0: flash-attn*
DEBUG No cache entry for: https://pypi.org/simple/anemoi-models/
DEBUG Sending fresh GET request for: https://pypi.org/simple/anemoi-models/
DEBUG No cache entry for: https://pypi.org/simple/earthkit-regrid/
DEBUG Sending fresh GET request for: https://pypi.org/simple/earthkit-regrid/
DEBUG Found stale response for: https://pypi.org/simple/ecmwf-opendata/
DEBUG Sending revalidation request for: https://pypi.org/simple/ecmwf-opendata/
DEBUG No cache entry for: https://pypi.org/simple/flash-attn/
DEBUG Sending fresh GET request for: https://pypi.org/simple/flash-attn/
DEBUG Searching for a compatible version of anemoi-models (>=0.5.1, <0.5.1+)
DEBUG Selecting: anemoi-models==0.5.1 [compatible] (anemoi_models-0.5.1-py3-none-any.whl)
DEBUG Found not-modified response for: https://pypi.org/simple/ecmwf-opendata/
DEBUG No cache entry for: https://files.pythonhosted.org/packages/9e/4c/3463e76fe4514b9105818b06f7591168c4062a5f7c1e5fced1a61ab2b577/anemoi_models-0.5.1-py3-none-any.whl.metadata
DEBUG Sending fresh GET request for: https://files.pythonhosted.org/packages/9e/4c/3463e76fe4514b9105818b06f7591168c4062a5f7c1e5fced1a61ab2b577/anemoi_models-0.5.1-py3-none-any.whl.metadata
DEBUG No cache entry for: https://files.pythonhosted.org/packages/0a/68/116626e164472e928bd849e13e89c1ed186cb1471e09f60f6d933d81ddcc/earthkit_regrid-0.4.0-py3-none-any.whl.metadata
DEBUG Sending fresh GET request for: https://files.pythonhosted.org/packages/0a/68/116626e164472e928bd849e13e89c1ed186cb1471e09f60f6d933d81ddcc/earthkit_regrid-0.4.0-py3-none-any.whl.metadata
DEBUG Adding transitive dependency for anemoi-models==0.5.1: anemoi-utils>=0.1.9
DEBUG Adding transitive dependency for anemoi-models==0.5.1: einops>=0.6.1
DEBUG Adding transitive dependency for anemoi-models==0.5.1: hydra-core>=1.3
DEBUG Adding transitive dependency for anemoi-models==0.5.1: torch>=2.3
DEBUG Adding transitive dependency for anemoi-models==0.5.1: torch-geometric>=2.3, <2.5
DEBUG Searching for a compatible version of earthkit-regrid (>=0.4.0, <0.4.0+)
DEBUG Selecting: earthkit-regrid==0.4.0 [compatible] (earthkit_regrid-0.4.0-py3-none-any.whl)
DEBUG Adding transitive dependency for earthkit-regrid==0.4.0: multiurl*
DEBUG Adding transitive dependency for earthkit-regrid==0.4.0: filelock*
DEBUG Adding transitive dependency for earthkit-regrid==0.4.0: scipy*
DEBUG Searching for a compatible version of cftime (*)
DEBUG Selecting: cftime==1.6.5 [installed] (installed)
DEBUG Adding transitive dependency for cftime==1.6.5: numpy>=1.21.2
DEBUG Searching for a compatible version of fsspec (>=2024.2.0)
DEBUG Selecting: fsspec==2026.6.0 [installed] (installed)
DEBUG Searching for a compatible version of gcsfs (*)
DEBUG Selecting: gcsfs==2026.7.0 [installed] (installed)
DEBUG Adding transitive dependency for gcsfs==2026.7.0: aiohttp>=3.9.0, <4.0.0a0 | >=4.0.0a0+, <4.0.0a1 | >=4.0.0a1+
DEBUG Adding transitive dependency for gcsfs==2026.7.0: decorator>4.1.2
DEBUG Adding transitive dependency for gcsfs==2026.7.0: fsspec>=2026.6.0
DEBUG Adding transitive dependency for gcsfs==2026.7.0: google-auth-oauthlib*
DEBUG Adding transitive dependency for gcsfs==2026.7.0: google-auth>=1.2
DEBUG Adding transitive dependency for gcsfs==2026.7.0: google-cloud-storage-control*
DEBUG Adding transitive dependency for gcsfs==2026.7.0: google-cloud-storage>=3.11.0
DEBUG Adding transitive dependency for gcsfs==2026.7.0: requests*
DEBUG Searching for a compatible version of h5netcdf (>=1.0.0)
DEBUG Selecting: h5netcdf==1.8.1 [installed] (installed)
DEBUG Adding transitive dependency for h5netcdf==1.8.1: packaging*
DEBUG Adding transitive dependency for h5netcdf==1.8.1: numpy*
DEBUG Searching for a compatible version of h5py (>=3.2.0)
DEBUG Selecting: h5py==3.16.0 [installed] (installed)
DEBUG Adding transitive dependency for h5py==3.16.0: numpy>=1.21.2
DEBUG Searching for a compatible version of huggingface-hub (>=0.27.0)
DEBUG Selecting: huggingface-hub==1.10.1 [installed] (installed)
DEBUG Adding transitive dependency for huggingface-hub==1.10.1: filelock>=3.10.0
DEBUG Adding transitive dependency for huggingface-hub==1.10.1: fsspec>=2023.5.0
DEBUG Adding transitive dependency for huggingface-hub==1.10.1: hf-xet{platform_machine == 'AMD64' or platform_machine == 'aarch64' or platform_machine == 'amd64' or platform_machine == 'arm64' or platform_machine == 'x86_64'}>=1.4.3, <2.0.0
DEBUG Adding transitive dependency for huggingface-hub==1.10.1: httpx>=0.23.0, <1
DEBUG Adding transitive dependency for huggingface-hub==1.10.1: packaging>=20.9
DEBUG Adding transitive dependency for huggingface-hub==1.10.1: pyyaml>=5.1
DEBUG Adding transitive dependency for huggingface-hub==1.10.1: tqdm>=4.42.1
DEBUG Adding transitive dependency for huggingface-hub==1.10.1: typer*
DEBUG Adding transitive dependency for huggingface-hub==1.10.1: typing-extensions>=4.1.0
DEBUG Searching for a compatible version of loguru (*)
DEBUG Selecting: loguru==0.7.3 [installed] (installed)
DEBUG Searching for a compatible version of netcdf4 (>=1.6.4, <1.7.3)
DEBUG Selecting: netcdf4==1.7.2 [installed] (installed)
DEBUG Adding transitive dependency for netcdf4==1.7.2: cftime*
DEBUG Adding transitive dependency for netcdf4==1.7.2: certifi*
DEBUG Adding transitive dependency for netcdf4==1.7.2: numpy*
DEBUG Searching for a compatible version of obstore (>=0.8)
DEBUG Selecting: obstore==0.11.0 [installed] (installed)
DEBUG Adding transitive dependency for obstore==0.11.0: typing-extensions{python_full_version < '3.13'}*
DEBUG Searching for a compatible version of pandas (*)
DEBUG Selecting: pandas==3.0.2 [installed] (installed)
DEBUG Adding transitive dependency for pandas==3.0.2: numpy{python_full_version < '3.14'}>=1.26.0
DEBUG Adding transitive dependency for pandas==3.0.2: python-dateutil>=2.8.2
DEBUG Searching for a compatible version of pyarrow (>=14.0.0)
DEBUG Selecting: pyarrow==23.0.1 [installed] (installed)
DEBUG Searching for a compatible version of pygrib (*)
DEBUG Selecting: pygrib==2.1.8 [installed] (installed)
DEBUG Adding transitive dependency for pygrib==2.1.8: packaging*
DEBUG Adding transitive dependency for pygrib==2.1.8: pyproj*
DEBUG Adding transitive dependency for pygrib==2.1.8: numpy*
DEBUG Searching for a compatible version of python-dotenv (*)
DEBUG Selecting: python-dotenv==1.2.2 [installed] (installed)
DEBUG Searching for a compatible version of rich (*)
DEBUG Selecting: rich==15.0.0 [installed] (installed)
DEBUG Adding transitive dependency for rich==15.0.0: markdown-it-py>=2.2.0
DEBUG Adding transitive dependency for rich==15.0.0: pygments>=2.13.0, <3.0.0
DEBUG Searching for a compatible version of s3fs (>=2023.5.0)
DEBUG Selecting: s3fs==2026.6.0 [installed] (installed)
DEBUG Adding transitive dependency for s3fs==2026.6.0: aiobotocore>=2.19.0, <4.0.0
DEBUG Adding transitive dependency for s3fs==2026.6.0: fsspec>=2026.6.0, <2026.6.1
DEBUG Adding transitive dependency for s3fs==2026.6.0: aiohttp>=3.9.0, <4.0.0a0 | >=4.0.0a0+, <4.0.0a1 | >=4.0.0a1+
DEBUG Searching for a compatible version of torch (>=2.5.0)
DEBUG Selecting: torch==2.12.0a0+0291f960b6.nv26.4.48445190 [installed] (installed)
DEBUG Adding transitive dependency for torch==2.12.0a0+0291f960b6.nv26.4.48445190: filelock*
DEBUG Adding transitive dependency for torch==2.12.0a0+0291f960b6.nv26.4.48445190: typing-extensions>=4.10.0
DEBUG Adding transitive dependency for torch==2.12.0a0+0291f960b6.nv26.4.48445190: setuptools<82
DEBUG Adding transitive dependency for torch==2.12.0a0+0291f960b6.nv26.4.48445190: sympy>=1.13.3
DEBUG Adding transitive dependency for torch==2.12.0a0+0291f960b6.nv26.4.48445190: networkx>=2.5.1
DEBUG Adding transitive dependency for torch==2.12.0a0+0291f960b6.nv26.4.48445190: jinja2*
DEBUG Adding transitive dependency for torch==2.12.0a0+0291f960b6.nv26.4.48445190: fsspec>=0.8.5
DEBUG Searching for a compatible version of tqdm (>=4.65.0)
DEBUG Selecting: tqdm==4.67.3 [installed] (installed)
DEBUG Searching for a compatible version of xarray[parallel] (>=2023.1.0)
DEBUG Selecting: xarray==2026.7.0 [installed] (installed)
DEBUG Adding transitive dependency for xarray==2026.7.0: xarray==2026.7.0
DEBUG Adding transitive dependency for xarray==2026.7.0: xarray[parallel]==2026.7.0
DEBUG Searching for a compatible version of xarray (==2026.7.0)
DEBUG Selecting: xarray==2026.7.0 [installed] (installed)
DEBUG Adding transitive dependency for xarray==2026.7.0: numpy>=1.26
DEBUG Adding transitive dependency for xarray==2026.7.0: packaging>=24.2
DEBUG Adding transitive dependency for xarray==2026.7.0: pandas>=2.2
DEBUG Searching for a compatible version of xarray[parallel] (==2026.7.0)
DEBUG Selecting: xarray==2026.7.0 [installed] (installed)
DEBUG Adding transitive dependency for xarray==2026.7.0: dask[complete]*
DEBUG Searching for a compatible version of zarr (>=3.1.0)
DEBUG Selecting: zarr==3.2.1 [installed] (installed)
DEBUG Adding transitive dependency for zarr==3.2.1: donfig>=0.8
DEBUG Adding transitive dependency for zarr==3.2.1: google-crc32c>=1.5
DEBUG Adding transitive dependency for zarr==3.2.1: numcodecs>=0.14
DEBUG Adding transitive dependency for zarr==3.2.1: numpy>=2
DEBUG Adding transitive dependency for zarr==3.2.1: packaging>=22.0
DEBUG Adding transitive dependency for zarr==3.2.1: typing-extensions>=4.13
DEBUG Searching for a compatible version of ecmwf-opendata (>=0.3.29)
DEBUG Selecting: ecmwf-opendata==0.3.30 [installed] (installed)
DEBUG Adding transitive dependency for ecmwf-opendata==0.3.30: multiurl>=0.3.8
DEBUG Searching for a compatible version of flash-attn (*)
DEBUG Selecting: flash-attn==2.7.4.post1+git5231d95fe1.45164347 [installed] (installed)
DEBUG Adding transitive dependency for flash-attn==2.7.4.post1+git5231d95fe1.45164347: torch*
DEBUG Adding transitive dependency for flash-attn==2.7.4.post1+git5231d95fe1.45164347: einops*
DEBUG No cache entry for: https://pypi.org/simple/anemoi-utils/
DEBUG Sending fresh GET request for: https://pypi.org/simple/anemoi-utils/
DEBUG Found fresh response for: https://pypi.org/simple/einops/
DEBUG Found fresh response for: https://pypi.org/simple/hydra-core/
DEBUG No cache entry for: https://pypi.org/simple/torch-geometric/
DEBUG Sending fresh GET request for: https://pypi.org/simple/torch-geometric/
DEBUG Found stale response for: https://pypi.org/simple/multiurl/
DEBUG Sending revalidation request for: https://pypi.org/simple/multiurl/
DEBUG Found fresh response for: https://pypi.org/simple/filelock/
DEBUG Found fresh response for: https://pypi.org/simple/scipy/
DEBUG Found fresh response for: https://pypi.org/simple/numpy/
DEBUG Found fresh response for: https://pypi.org/simple/aiohttp/
DEBUG Found fresh response for: https://pypi.org/simple/decorator/
DEBUG Found fresh response for: https://pypi.org/simple/google-auth-oauthlib/
DEBUG Found fresh response for: https://pypi.org/simple/google-auth/
DEBUG Found fresh response for: https://pypi.org/simple/google-cloud-storage-control/
DEBUG Found fresh response for: https://pypi.org/simple/google-cloud-storage/
DEBUG Found fresh response for: https://pypi.org/simple/requests/
DEBUG Found fresh response for: https://pypi.org/simple/packaging/
DEBUG Found fresh response for: https://pypi.org/simple/hf-xet/
DEBUG Found fresh response for: https://pypi.org/simple/httpx/
DEBUG Found fresh response for: https://pypi.org/simple/pyyaml/
DEBUG Found fresh response for: https://pypi.org/simple/typer/
DEBUG Found fresh response for: https://pypi.org/simple/typing-extensions/
DEBUG Found fresh response for: https://pypi.org/simple/certifi/
DEBUG Found fresh response for: https://pypi.org/simple/python-dateutil/
DEBUG Found fresh response for: https://pypi.org/simple/numcodecs/
DEBUG Found fresh response for: https://pypi.org/simple/google-crc32c/
DEBUG Found fresh response for: https://pypi.org/simple/donfig/
DEBUG Found fresh response for: https://pypi.org/simple/dask/
DEBUG Found fresh response for: https://pypi.org/simple/jinja2/
DEBUG Found fresh response for: https://pypi.org/simple/networkx/
DEBUG Found fresh response for: https://pypi.org/simple/sympy/
DEBUG Found fresh response for: https://pypi.org/simple/setuptools/
DEBUG Found fresh response for: https://pypi.org/simple/aiobotocore/
DEBUG Found fresh response for: https://pypi.org/simple/pygments/
DEBUG Found fresh response for: https://pypi.org/simple/markdown-it-py/
DEBUG Found fresh response for: https://pypi.org/simple/pyproj/
DEBUG Searching for a compatible version of anemoi-utils (>=0.1.9)
DEBUG Selecting: anemoi-utils==0.5.9 [compatible] (anemoi_utils-0.5.9-py3-none-any.whl)
DEBUG Found not-modified response for: https://pypi.org/simple/multiurl/
DEBUG No cache entry for: https://files.pythonhosted.org/packages/dd/ff/aba74232c1a6478e77e21927e74ff10047b889d36872b22bdba0b2b6d8ab/anemoi_utils-0.5.9-py3-none-any.whl.metadata
DEBUG Sending fresh GET request for: https://files.pythonhosted.org/packages/dd/ff/aba74232c1a6478e77e21927e74ff10047b889d36872b22bdba0b2b6d8ab/anemoi_utils-0.5.9-py3-none-any.whl.metadata
DEBUG No cache entry for: https://files.pythonhosted.org/packages/65/4e/6f9a75548a93fedcd4514ae2de9bee1e91bade6b73252b4da32f0e42ac52/torch_geometric-2.4.0-py3-none-any.whl.metadata
DEBUG Sending fresh GET request for: https://files.pythonhosted.org/packages/65/4e/6f9a75548a93fedcd4514ae2de9bee1e91bade6b73252b4da32f0e42ac52/torch_geometric-2.4.0-py3-none-any.whl.metadata
DEBUG Adding transitive dependency for anemoi-utils==0.5.9: aniso8601*
DEBUG Adding transitive dependency for anemoi-utils==0.5.9: deprecation*
DEBUG Adding transitive dependency for anemoi-utils==0.5.9: entrypoints*
DEBUG Adding transitive dependency for anemoi-utils==0.5.9: filelock*
DEBUG Adding transitive dependency for anemoi-utils==0.5.9: multiurl*
DEBUG Adding transitive dependency for anemoi-utils==0.5.9: numpy*
DEBUG Adding transitive dependency for anemoi-utils==0.5.9: pydantic>=2.9
DEBUG Adding transitive dependency for anemoi-utils==0.5.9: pydantic-settings>=2.14.1
DEBUG Adding transitive dependency for anemoi-utils==0.5.9: python-dateutil*
DEBUG Adding transitive dependency for anemoi-utils==0.5.9: pyyaml*
DEBUG Adding transitive dependency for anemoi-utils==0.5.9: rich*
DEBUG Adding transitive dependency for anemoi-utils==0.5.9: tqdm*
DEBUG Searching for a compatible version of einops (>=0.6.1)
DEBUG Selecting: einops==0.8.2 [installed] (installed)
DEBUG Searching for a compatible version of hydra-core (>=1.3)
DEBUG Selecting: hydra-core==1.3.4 [installed] (installed)
DEBUG Adding transitive dependency for hydra-core==1.3.4: omegaconf>=2.2, <2.4
DEBUG Adding transitive dependency for hydra-core==1.3.4: antlr4-python3-runtime>=4.9.dev0, <4.10.dev0
DEBUG Adding transitive dependency for hydra-core==1.3.4: packaging*
DEBUG Searching for a compatible version of torch-geometric (>=2.3, <2.5)
DEBUG Selecting: torch-geometric==2.4.0 [compatible] (torch_geometric-2.4.0-py3-none-any.whl)
DEBUG No cache entry for: https://pypi.org/simple/aniso8601/
DEBUG Sending fresh GET request for: https://pypi.org/simple/aniso8601/
DEBUG No cache entry for: https://pypi.org/simple/deprecation/
DEBUG Sending fresh GET request for: https://pypi.org/simple/deprecation/
DEBUG No cache entry for: https://pypi.org/simple/entrypoints/
DEBUG Sending fresh GET request for: https://pypi.org/simple/entrypoints/
DEBUG Found fresh response for: https://pypi.org/simple/pydantic/
DEBUG No cache entry for: https://pypi.org/simple/pydantic-settings/
DEBUG Sending fresh GET request for: https://pypi.org/simple/pydantic-settings/
DEBUG Found fresh response for: https://pypi.org/simple/omegaconf/
DEBUG Found fresh response for: https://pypi.org/simple/antlr4-python3-runtime/
DEBUG Adding transitive dependency for torch-geometric==2.4.0: tqdm*
DEBUG Adding transitive dependency for torch-geometric==2.4.0: numpy*
DEBUG Adding transitive dependency for torch-geometric==2.4.0: scipy*
DEBUG Adding transitive dependency for torch-geometric==2.4.0: jinja2*
DEBUG Adding transitive dependency for torch-geometric==2.4.0: requests*
DEBUG Adding transitive dependency for torch-geometric==2.4.0: pyparsing*
DEBUG Adding transitive dependency for torch-geometric==2.4.0: scikit-learn*
DEBUG Adding transitive dependency for torch-geometric==2.4.0: psutil>=5.8.0
DEBUG Searching for a compatible version of multiurl (>=0.3.8)
DEBUG Selecting: multiurl==0.3.9 [installed] (installed)
DEBUG Adding transitive dependency for multiurl==0.3.9: requests*
DEBUG Adding transitive dependency for multiurl==0.3.9: tqdm*
DEBUG Adding transitive dependency for multiurl==0.3.9: pytz*
DEBUG Adding transitive dependency for multiurl==0.3.9: python-dateutil*
DEBUG Searching for a compatible version of filelock (>=3.10.0)
DEBUG Selecting: filelock==3.25.2 [installed] (installed)
DEBUG Searching for a compatible version of scipy (*)
DEBUG Selecting: scipy==1.17.1 [installed] (installed)
DEBUG Adding transitive dependency for scipy==1.17.1: numpy>=1.26.4, <2.7
DEBUG Searching for a compatible version of numpy (>=2, <2.7)
DEBUG Selecting: numpy==2.1.0 [installed] (installed)
DEBUG Searching for a compatible version of numpy{python_full_version < '3.14'} (>=1.26.0)
DEBUG Selecting: numpy==2.1.0 [installed] (installed)
DEBUG Adding transitive dependency for numpy==2.1.0: numpy==2.1.0
DEBUG Adding transitive dependency for numpy==2.1.0: numpy{python_full_version < '3.14'}==2.1.0
DEBUG Searching for a compatible version of numpy{python_full_version < '3.14'} (==2.1.0)
DEBUG Selecting: numpy==2.1.0 [installed] (installed)
DEBUG Searching for a compatible version of aiohttp (>=3.9.0, <4.0.0a0 | >=4.0.0a0+, <4.0.0a1 | >=4.0.0a1+)
DEBUG Selecting: aiohttp==3.13.5 [installed] (installed)
DEBUG Adding transitive dependency for aiohttp==3.13.5: aiohappyeyeballs>=2.5.0
DEBUG Adding transitive dependency for aiohttp==3.13.5: aiosignal>=1.4.0
DEBUG Adding transitive dependency for aiohttp==3.13.5: attrs>=17.3.0
DEBUG Adding transitive dependency for aiohttp==3.13.5: frozenlist>=1.1.1
DEBUG Adding transitive dependency for aiohttp==3.13.5: multidict>=4.5, <7.0
DEBUG Adding transitive dependency for aiohttp==3.13.5: propcache>=0.2.0
DEBUG Adding transitive dependency for aiohttp==3.13.5: yarl>=1.17.0, <2.0
DEBUG Searching for a compatible version of decorator (>4.1.2)
DEBUG Selecting: decorator==5.2.1 [installed] (installed)
DEBUG Searching for a compatible version of google-auth-oauthlib (*)
DEBUG Selecting: google-auth-oauthlib==1.4.0 [installed] (installed)
DEBUG Adding transitive dependency for google-auth-oauthlib==1.4.0: google-auth>=2.15.0, <2.43.0 | >=2.43.0+, <2.44.0 | >=2.44.0+, <2.45.0 | >=2.45.0+, <3.0.0
DEBUG Adding transitive dependency for google-auth-oauthlib==1.4.0: requests-oauthlib>=0.7.0
DEBUG Searching for a compatible version of google-auth (>=2.15.0, <2.43.0 | >=2.43.0+, <2.44.0 | >=2.44.0+, <2.45.0 | >=2.45.0+, <3.0.0)
DEBUG Selecting: google-auth==2.55.2 [installed] (installed)
DEBUG Adding transitive dependency for google-auth==2.55.2: pyasn1-modules>=0.2.1
DEBUG Adding transitive dependency for google-auth==2.55.2: cryptography>=38.0.3
DEBUG Searching for a compatible version of google-cloud-storage-control (*)
DEBUG Selecting: google-cloud-storage-control==1.12.0 [installed] (installed)
DEBUG Adding transitive dependency for google-cloud-storage-control==1.12.0: google-api-core[grpc]>=2.17.1, <3.0.0
DEBUG Adding transitive dependency for google-cloud-storage-control==1.12.0: google-auth>=2.14.1, <2.24.0 | >=2.24.0+, <2.25.0 | >=2.25.0+, <3.0.0
DEBUG Adding transitive dependency for google-cloud-storage-control==1.12.0: grpcio>=1.59.0, <2.0.0
DEBUG Adding transitive dependency for google-cloud-storage-control==1.12.0: proto-plus>=1.22.3, <2.0.0
DEBUG Adding transitive dependency for google-cloud-storage-control==1.12.0: protobuf>=4.25.8, <8.0.0
DEBUG Adding transitive dependency for google-cloud-storage-control==1.12.0: grpc-google-iam-v1>=0.14.0, <1.0.0
DEBUG Searching for a compatible version of google-cloud-storage (>=3.11.0)
DEBUG Selecting: google-cloud-storage==3.12.1 [installed] (installed)
DEBUG Adding transitive dependency for google-cloud-storage==3.12.1: google-auth>=2.26.1, <3.0.0
DEBUG Adding transitive dependency for google-cloud-storage==3.12.1: google-api-core>=2.27.0, <3.0.0
DEBUG Adding transitive dependency for google-cloud-storage==3.12.1: google-cloud-core>=2.4.2, <3.0.0
DEBUG Adding transitive dependency for google-cloud-storage==3.12.1: google-resumable-media>=2.7.2, <3.0.0
DEBUG Adding transitive dependency for google-cloud-storage==3.12.1: requests>=2.22.0, <3.0.0
DEBUG Adding transitive dependency for google-cloud-storage==3.12.1: google-crc32c>=1.6.0, <2.0.0
DEBUG Searching for a compatible version of requests (>=2.22.0, <3.0.0)
DEBUG Selecting: requests==2.33.1 [installed] (installed)
DEBUG Adding transitive dependency for requests==2.33.1: charset-normalizer>=2, <4
DEBUG Adding transitive dependency for requests==2.33.1: idna>=2.5, <4
DEBUG Adding transitive dependency for requests==2.33.1: urllib3>=1.26, <3
DEBUG Adding transitive dependency for requests==2.33.1: certifi>=2023.5.7
DEBUG Searching for a compatible version of packaging (>=24.2)
DEBUG Selecting: packaging==25.0 [installed] (installed)
DEBUG Searching for a compatible version of hf-xet{platform_machine == 'AMD64' or platform_machine == 'aarch64' or platform_machine == 'amd64' or platform_machine == 'arm64' or platform_machine == 'x86_64'} (>=1.4.3, <2.0.0)
DEBUG Selecting: hf-xet==1.4.3 [installed] (installed)
DEBUG Adding transitive dependency for hf-xet==1.4.3: hf-xet==1.4.3
DEBUG Adding transitive dependency for hf-xet==1.4.3: hf-xet{platform_machine == 'AMD64' or platform_machine == 'aarch64' or platform_machine == 'amd64' or platform_machine == 'arm64' or platform_machine == 'x86_64'}==1.4.3
DEBUG Searching for a compatible version of hf-xet (==1.4.3)
DEBUG Selecting: hf-xet==1.4.3 [installed] (installed)
DEBUG Searching for a compatible version of hf-xet{platform_machine == 'AMD64' or platform_machine == 'aarch64' or platform_machine == 'amd64' or platform_machine == 'arm64' or platform_machine == 'x86_64'} (==1.4.3)
DEBUG Selecting: hf-xet==1.4.3 [installed] (installed)
DEBUG Searching for a compatible version of httpx (>=0.23.0, <1)
DEBUG Selecting: httpx==0.28.1 [installed] (installed)
DEBUG Adding transitive dependency for httpx==0.28.1: anyio*
DEBUG Adding transitive dependency for httpx==0.28.1: certifi*
DEBUG Adding transitive dependency for httpx==0.28.1: httpcore>=1.dev0, <2.dev0
DEBUG Adding transitive dependency for httpx==0.28.1: idna*
DEBUG Searching for a compatible version of pyyaml (>=5.1)
DEBUG Selecting: pyyaml==6.0.3 [installed] (installed)
DEBUG Searching for a compatible version of typer (*)
DEBUG Selecting: typer==0.24.1 [installed] (installed)
DEBUG Adding transitive dependency for typer==0.24.1: click>=8.2.1
DEBUG Adding transitive dependency for typer==0.24.1: shellingham>=1.3.0
DEBUG Adding transitive dependency for typer==0.24.1: rich>=12.3.0
DEBUG Adding transitive dependency for typer==0.24.1: annotated-doc>=0.0.2
DEBUG Searching for a compatible version of typing-extensions (>=4.13)
DEBUG Selecting: typing-extensions==4.15.0 [installed] (installed)
DEBUG Searching for a compatible version of typing-extensions{python_full_version < '3.13'} (*)
DEBUG Selecting: typing-extensions==4.15.0 [installed] (installed)
DEBUG Adding transitive dependency for typing-extensions==4.15.0: typing-extensions==4.15.0
DEBUG Adding transitive dependency for typing-extensions==4.15.0: typing-extensions{python_full_version < '3.13'}==4.15.0
DEBUG Searching for a compatible version of typing-extensions{python_full_version < '3.13'} (==4.15.0)
DEBUG Selecting: typing-extensions==4.15.0 [installed] (installed)
DEBUG Searching for a compatible version of certifi (>=2023.5.7)
DEBUG Selecting: certifi==2026.2.25 [installed] (installed)
DEBUG Searching for a compatible version of python-dateutil (>=2.8.2)
DEBUG Selecting: python-dateutil==2.9.0.post0 [installed] (installed)
DEBUG Adding transitive dependency for python-dateutil==2.9.0.post0: six>=1.5
DEBUG Searching for a compatible version of pyproj (*)
DEBUG Selecting: pyproj==3.7.2 [installed] (installed)
DEBUG Adding transitive dependency for pyproj==3.7.2: certifi*
DEBUG Searching for a compatible version of markdown-it-py (>=2.2.0)
DEBUG Selecting: markdown-it-py==4.0.0 [installed] (installed)
DEBUG Adding transitive dependency for markdown-it-py==4.0.0: mdurl>=0.1, <1.dev0
DEBUG Searching for a compatible version of pygments (>=2.13.0, <3.0.0)
DEBUG Selecting: pygments==2.20.0 [installed] (installed)
DEBUG Searching for a compatible version of aiobotocore (>=2.19.0, <4.0.0)
DEBUG Selecting: aiobotocore==3.7.0 [installed] (installed)
DEBUG Adding transitive dependency for aiobotocore==3.7.0: aiohttp>=3.12.0, <4.0.0
DEBUG Adding transitive dependency for aiobotocore==3.7.0: aioitertools>=0.5.1, <1.0.0
DEBUG Adding transitive dependency for aiobotocore==3.7.0: botocore>=1.42.90, <1.43.1
DEBUG Adding transitive dependency for aiobotocore==3.7.0: python-dateutil>=2.1, <3.0.0
DEBUG Adding transitive dependency for aiobotocore==3.7.0: jmespath>=0.7.1, <2.0.0
DEBUG Adding transitive dependency for aiobotocore==3.7.0: multidict>=6.0.0, <7.0.0
DEBUG Adding transitive dependency for aiobotocore==3.7.0: wrapt>=1.10.10, <3.0.0
DEBUG Searching for a compatible version of setuptools (<82)
DEBUG Selecting: setuptools==81.0.0 [installed] (installed)
DEBUG Searching for a compatible version of sympy (>=1.13.3)
DEBUG Selecting: sympy==1.14.0 [installed] (installed)
DEBUG Adding transitive dependency for sympy==1.14.0: mpmath>=1.1.0, <1.4
DEBUG Searching for a compatible version of networkx (>=2.5.1)
DEBUG Selecting: networkx==3.6.1 [installed] (installed)
DEBUG Searching for a compatible version of jinja2 (*)
DEBUG Selecting: jinja2==3.1.6 [installed] (installed)
DEBUG Adding transitive dependency for jinja2==3.1.6: markupsafe>=2.0
DEBUG Searching for a compatible version of dask[complete] (*)
DEBUG Selecting: dask==2026.7.0 [installed] (installed)
DEBUG Adding transitive dependency for dask==2026.7.0: dask==2026.7.0
DEBUG Adding transitive dependency for dask==2026.7.0: dask[complete]==2026.7.0
DEBUG Searching for a compatible version of dask (==2026.7.0)
DEBUG Selecting: dask==2026.7.0 [installed] (installed)
DEBUG Adding transitive dependency for dask==2026.7.0: click>=8.1
DEBUG Adding transitive dependency for dask==2026.7.0: cloudpickle>=3.0.0
DEBUG Adding transitive dependency for dask==2026.7.0: fsspec>=2021.9.0
DEBUG Adding transitive dependency for dask==2026.7.0: packaging>=20.0
DEBUG Adding transitive dependency for dask==2026.7.0: partd>=1.4.0
DEBUG Adding transitive dependency for dask==2026.7.0: pyyaml>=5.4.1
DEBUG Adding transitive dependency for dask==2026.7.0: toolz>=0.12.0
DEBUG Searching for a compatible version of dask[complete] (==2026.7.0)
DEBUG Selecting: dask==2026.7.0 [installed] (installed)
DEBUG Adding transitive dependency for dask==2026.7.0: lz4>=4.3.2
DEBUG Adding transitive dependency for dask==2026.7.0: numpy>=1.24
DEBUG Adding transitive dependency for dask==2026.7.0: pandas>=2.0
DEBUG Adding transitive dependency for dask==2026.7.0: pyarrow>=16.0
DEBUG Adding transitive dependency for dask==2026.7.0: bokeh>=3.1.0
DEBUG Adding transitive dependency for dask==2026.7.0: jinja2>=2.10.3
DEBUG Adding transitive dependency for dask==2026.7.0: distributed>=2026.7.0, <2026.7.1
DEBUG Searching for a compatible version of donfig (>=0.8)
DEBUG Selecting: donfig==0.8.1.post1 [installed] (installed)
DEBUG Adding transitive dependency for donfig==0.8.1.post1: pyyaml*
DEBUG Searching for a compatible version of google-crc32c (>=1.6.0, <2.0.0)
DEBUG Selecting: google-crc32c==1.8.0 [installed] (installed)
DEBUG Searching for a compatible version of numcodecs (>=0.14)
DEBUG Selecting: numcodecs==0.16.5 [installed] (installed)
DEBUG Adding transitive dependency for numcodecs==0.16.5: numpy>=1.24
DEBUG Adding transitive dependency for numcodecs==0.16.5: typing-extensions*
DEBUG Found stale response for: https://pypi.org/simple/pyparsing/
DEBUG Sending revalidation request for: https://pypi.org/simple/pyparsing/
DEBUG No cache entry for: https://pypi.org/simple/scikit-learn/
DEBUG Sending fresh GET request for: https://pypi.org/simple/scikit-learn/
DEBUG Found fresh response for: https://pypi.org/simple/psutil/
DEBUG Found stale response for: https://pypi.org/simple/pytz/
DEBUG Sending revalidation request for: https://pypi.org/simple/pytz/
DEBUG Found fresh response for: https://pypi.org/simple/aiohappyeyeballs/
DEBUG Found fresh response for: https://pypi.org/simple/aiosignal/
DEBUG Found fresh response for: https://pypi.org/simple/attrs/
DEBUG Found fresh response for: https://pypi.org/simple/frozenlist/
DEBUG Found fresh response for: https://pypi.org/simple/multidict/
DEBUG Found fresh response for: https://pypi.org/simple/propcache/
DEBUG Found fresh response for: https://pypi.org/simple/yarl/
DEBUG Found fresh response for: https://pypi.org/simple/requests-oauthlib/
DEBUG Found fresh response for: https://pypi.org/simple/pyasn1-modules/
DEBUG Found fresh response for: https://pypi.org/simple/cryptography/
DEBUG Found fresh response for: https://pypi.org/simple/google-api-core/
DEBUG Found fresh response for: https://pypi.org/simple/distributed/
DEBUG Found fresh response for: https://pypi.org/simple/bokeh/
DEBUG Found fresh response for: https://pypi.org/simple/lz4/
DEBUG Found fresh response for: https://pypi.org/simple/toolz/
DEBUG Found fresh response for: https://pypi.org/simple/partd/
DEBUG Found fresh response for: https://pypi.org/simple/cloudpickle/
DEBUG Found fresh response for: https://pypi.org/simple/markupsafe/
DEBUG Found fresh response for: https://pypi.org/simple/mpmath/
DEBUG Found fresh response for: https://pypi.org/simple/wrapt/
DEBUG Found fresh response for: https://pypi.org/simple/jmespath/
DEBUG Found fresh response for: https://pypi.org/simple/botocore/
DEBUG Found fresh response for: https://pypi.org/simple/aioitertools/
DEBUG Found fresh response for: https://pypi.org/simple/mdurl/
DEBUG Found fresh response for: https://pypi.org/simple/six/
DEBUG Found fresh response for: https://pypi.org/simple/annotated-doc/
DEBUG Found fresh response for: https://pypi.org/simple/shellingham/
DEBUG Found fresh response for: https://pypi.org/simple/click/
DEBUG Found fresh response for: https://pypi.org/simple/httpcore/
DEBUG Found fresh response for: https://pypi.org/simple/anyio/
DEBUG Found fresh response for: https://pypi.org/simple/urllib3/
DEBUG Found fresh response for: https://pypi.org/simple/idna/
DEBUG Found fresh response for: https://pypi.org/simple/charset-normalizer/
DEBUG Found fresh response for: https://pypi.org/simple/google-resumable-media/
DEBUG Found fresh response for: https://pypi.org/simple/google-cloud-core/
DEBUG Found fresh response for: https://pypi.org/simple/grpc-google-iam-v1/
DEBUG Found fresh response for: https://pypi.org/simple/protobuf/
DEBUG Found fresh response for: https://pypi.org/simple/proto-plus/
DEBUG Found fresh response for: https://pypi.org/simple/grpcio/
DEBUG No cache entry for: https://files.pythonhosted.org/packages/77/c1/6e422f34e569cf8e18df68d1939c81c099d2b61e4f7d9621c8a77560799c/pydantic_settings-2.14.2-py3-none-any.whl.metadata
DEBUG Sending fresh GET request for: https://files.pythonhosted.org/packages/77/c1/6e422f34e569cf8e18df68d1939c81c099d2b61e4f7d9621c8a77560799c/pydantic_settings-2.14.2-py3-none-any.whl.metadata
DEBUG No cache entry for: https://files.pythonhosted.org/packages/35/a8/365059bbcd4572cbc41de17fd5b682be5868b218c3c5479071865cab9078/entrypoints-0.4-py3-none-any.whl.metadata
DEBUG Sending fresh GET request for: https://files.pythonhosted.org/packages/35/a8/365059bbcd4572cbc41de17fd5b682be5868b218c3c5479071865cab9078/entrypoints-0.4-py3-none-any.whl.metadata
DEBUG No cache entry for: https://files.pythonhosted.org/packages/02/c3/253a89ee03fc9b9682f1541728eb66db7db22148cd94f89ab22528cd1e1b/deprecation-2.1.0-py2.py3-none-any.whl.metadata
DEBUG Sending fresh GET request for: https://files.pythonhosted.org/packages/02/c3/253a89ee03fc9b9682f1541728eb66db7db22148cd94f89ab22528cd1e1b/deprecation-2.1.0-py2.py3-none-any.whl.metadata
DEBUG Found not-modified response for: https://pypi.org/simple/pytz/
DEBUG Found not-modified response for: https://pypi.org/simple/pyparsing/
DEBUG Skipping file for scikit-learn: "scikit-learn-0.9.win32-py2.6.exe" (not a wheel or source distribution archive (expected one of `.whl`, `.tar.gz`, `.zip`, `.tar.bz2`, `.tar.lz`, `.tar.lzma`, `.tar.xz`, `.tar.zst`, `.tar`, `.tbz`, `.tgz`, `.tlz`, or `.txz`))
DEBUG Skipping file for scikit-learn: "scikit-learn-0.9.win32-py2.7.exe" (not a wheel or source distribution archive (expected one of `.whl`, `.tar.gz`, `.zip`, `.tar.bz2`, `.tar.lz`, `.tar.lzma`, `.tar.xz`, `.tar.zst`, `.tar`, `.tbz`, `.tgz`, `.tlz`, or `.txz`))
DEBUG Skipping file for scikit-learn: "scikit-learn-0.10.win32-py2.6.exe" (not a wheel or source distribution archive (expected one of `.whl`, `.tar.gz`, `.zip`, `.tar.bz2`, `.tar.lz`, `.tar.lzma`, `.tar.xz`, `.tar.zst`, `.tar`, `.tbz`, `.tgz`, `.tlz`, or `.txz`))
DEBUG Skipping file for scikit-learn: "scikit-learn-0.10.win32-py2.7.exe" (not a wheel or source distribution archive (expected one of `.whl`, `.tar.gz`, `.zip`, `.tar.bz2`, `.tar.lz`, `.tar.lzma`, `.tar.xz`, `.tar.zst`, `.tar`, `.tbz`, `.tgz`, `.tlz`, or `.txz`))
DEBUG Skipping file for scikit-learn: "scikit-learn-0.11.win32-py2.6.exe" (not a wheel or source distribution archive (expected one of `.whl`, `.tar.gz`, `.zip`, `.tar.bz2`, `.tar.lz`, `.tar.lzma`, `.tar.xz`, `.tar.zst`, `.tar`, `.tbz`, `.tgz`, `.tlz`, or `.txz`))
DEBUG Skipping file for scikit-learn: "scikit-learn-0.11.win32-py2.7.exe" (not a wheel or source distribution archive (expected one of `.whl`, `.tar.gz`, `.zip`, `.tar.bz2`, `.tar.lz`, `.tar.lzma`, `.tar.xz`, `.tar.zst`, `.tar`, `.tbz`, `.tgz`, `.tlz`, or `.txz`))
DEBUG Skipping file for scikit-learn: "scikit-learn-0.12.win32-py2.6.exe" (not a wheel or source distribution archive (expected one of `.whl`, `.tar.gz`, `.zip`, `.tar.bz2`, `.tar.lz`, `.tar.lzma`, `.tar.xz`, `.tar.zst`, `.tar`, `.tbz`, `.tgz`, `.tlz`, or `.txz`))
DEBUG Skipping file for scikit-learn: "scikit-learn-0.12.win32-py2.7.exe" (not a wheel or source distribution archive (expected one of `.whl`, `.tar.gz`, `.zip`, `.tar.bz2`, `.tar.lz`, `.tar.lzma`, `.tar.xz`, `.tar.zst`, `.tar`, `.tbz`, `.tgz`, `.tlz`, or `.txz`))
DEBUG Skipping file for scikit-learn: "scikit-learn-0.12.1.win32-py2.6.exe" (not a wheel or source distribution archive (expected one of `.whl`, `.tar.gz`, `.zip`, `.tar.bz2`, `.tar.lz`, `.tar.lzma`, `.tar.xz`, `.tar.zst`, `.tar`, `.tbz`, `.tgz`, `.tlz`, or `.txz`))
DEBUG Skipping file for scikit-learn: "scikit-learn-0.12.1.win32-py2.7.exe" (not a wheel or source distribution archive (expected one of `.whl`, `.tar.gz`, `.zip`, `.tar.bz2`, `.tar.lz`, `.tar.lzma`, `.tar.xz`, `.tar.zst`, `.tar`, `.tbz`, `.tgz`, `.tlz`, or `.txz`))
DEBUG Skipping file for scikit-learn: "scikit-learn-0.13.win32-py2.6.exe" (not a wheel or source distribution archive (expected one of `.whl`, `.tar.gz`, `.zip`, `.tar.bz2`, `.tar.lz`, `.tar.lzma`, `.tar.xz`, `.tar.zst`, `.tar`, `.tbz`, `.tgz`, `.tlz`, or `.txz`))
DEBUG Skipping file for scikit-learn: "scikit-learn-0.13.win32-py2.7.exe" (not a wheel or source distribution archive (expected one of `.whl`, `.tar.gz`, `.zip`, `.tar.bz2`, `.tar.lz`, `.tar.lzma`, `.tar.xz`, `.tar.zst`, `.tar`, `.tbz`, `.tgz`, `.tlz`, or `.txz`))
DEBUG Skipping file for scikit-learn: "scikit-learn-0.13.1.win32-py2.6.exe" (not a wheel or source distribution archive (expected one of `.whl`, `.tar.gz`, `.zip`, `.tar.bz2`, `.tar.lz`, `.tar.lzma`, `.tar.xz`, `.tar.zst`, `.tar`, `.tbz`, `.tgz`, `.tlz`, or `.txz`))
DEBUG Skipping file for scikit-learn: "scikit-learn-0.13.1.win32-py2.7.exe" (not a wheel or source distribution archive (expected one of `.whl`, `.tar.gz`, `.zip`, `.tar.bz2`, `.tar.lz`, `.tar.lzma`, `.tar.xz`, `.tar.zst`, `.tar`, `.tbz`, `.tgz`, `.tlz`, or `.txz`))
DEBUG Skipping file for scikit-learn: "scikit-learn-0.14.1.win32-py2.6.exe" (not a wheel or source distribution archive (expected one of `.whl`, `.tar.gz`, `.zip`, `.tar.bz2`, `.tar.lz`, `.tar.lzma`, `.tar.xz`, `.tar.zst`, `.tar`, `.tbz`, `.tgz`, `.tlz`, or `.txz`))
DEBUG Skipping file for scikit-learn: "scikit-learn-0.14.1.win32-py2.7.exe" (not a wheel or source distribution archive (expected one of `.whl`, `.tar.gz`, `.zip`, `.tar.bz2`, `.tar.lz`, `.tar.lzma`, `.tar.xz`, `.tar.zst`, `.tar`, `.tbz`, `.tgz`, `.tlz`, or `.txz`))
DEBUG Skipping file for scikit-learn: "scikit-learn-0.14.1.win32-py3.3.exe" (not a wheel or source distribution archive (expected one of `.whl`, `.tar.gz`, `.zip`, `.tar.bz2`, `.tar.lz`, `.tar.lzma`, `.tar.xz`, `.tar.zst`, `.tar`, `.tbz`, `.tgz`, `.tlz`, or `.txz`))
DEBUG Skipping file for scikit-learn: "scikit-learn-0.15.0.win-amd64-py2.7.exe" (not a wheel or source distribution archive (expected one of `.whl`, `.tar.gz`, `.zip`, `.tar.bz2`, `.tar.lz`, `.tar.lzma`, `.tar.xz`, `.tar.zst`, `.tar`, `.tbz`, `.tgz`, `.tlz`, or `.txz`))
DEBUG Skipping file for scikit-learn: "scikit-learn-0.15.0.win-amd64-py3.4.exe" (not a wheel or source distribution archive (expected one of `.whl`, `.tar.gz`, `.zip`, `.tar.bz2`, `.tar.lz`, `.tar.lzma`, `.tar.xz`, `.tar.zst`, `.tar`, `.tbz`, `.tgz`, `.tlz`, or `.txz`))
DEBUG Skipping file for scikit-learn: "scikit-learn-0.15.0.win32-py2.7.exe" (not a wheel or source distribution archive (expected one of `.whl`, `.tar.gz`, `.zip`, `.tar.bz2`, `.tar.lz`, `.tar.lzma`, `.tar.xz`, `.tar.zst`, `.tar`, `.tbz`, `.tgz`, `.tlz`, or `.txz`))
DEBUG Skipping file for scikit-learn: "scikit-learn-0.15.0.win32-py3.4.exe" (not a wheel or source distribution archive (expected one of `.whl`, `.tar.gz`, `.zip`, `.tar.bz2`, `.tar.lz`, `.tar.lzma`, `.tar.xz`, `.tar.zst`, `.tar`, `.tbz`, `.tgz`, `.tlz`, or `.txz`))
DEBUG Skipping file for scikit-learn: "scikit-learn-0.15.1.win-amd64-py2.7.exe" (not a wheel or source distribution archive (expected one of `.whl`, `.tar.gz`, `.zip`, `.tar.bz2`, `.tar.lz`, `.tar.lzma`, `.tar.xz`, `.tar.zst`, `.tar`, `.tbz`, `.tgz`, `.tlz`, or `.txz`))
DEBUG Skipping file for scikit-learn: "scikit-learn-0.15.1.win-amd64-py3.4.exe" (not a wheel or source distribution archive (expected one of `.whl`, `.tar.gz`, `.zip`, `.tar.bz2`, `.tar.lz`, `.tar.lzma`, `.tar.xz`, `.tar.zst`, `.tar`, `.tbz`, `.tgz`, `.tlz`, or `.txz`))
DEBUG Skipping file for scikit-learn: "scikit-learn-0.15.1.win32-py2.7.exe" (not a wheel or source distribution archive (expected one of `.whl`, `.tar.gz`, `.zip`, `.tar.bz2`, `.tar.lz`, `.tar.lzma`, `.tar.xz`, `.tar.zst`, `.tar`, `.tbz`, `.tgz`, `.tlz`, or `.txz`))
DEBUG Skipping file for scikit-learn: "scikit-learn-0.15.1.win32-py3.4.exe" (not a wheel or source distribution archive (expected one of `.whl`, `.tar.gz`, `.zip`, `.tar.bz2`, `.tar.lz`, `.tar.lzma`, `.tar.xz`, `.tar.zst`, `.tar`, `.tbz`, `.tgz`, `.tlz`, or `.txz`))
DEBUG Skipping file for scikit-learn: "scikit-learn-0.15.2.win-amd64-py2.7.exe" (not a wheel or source distribution archive (expected one of `.whl`, `.tar.gz`, `.zip`, `.tar.bz2`, `.tar.lz`, `.tar.lzma`, `.tar.xz`, `.tar.zst`, `.tar`, `.tbz`, `.tgz`, `.tlz`, or `.txz`))
DEBUG Skipping file for scikit-learn: "scikit-learn-0.15.2.win-amd64-py3.4.exe" (not a wheel or source distribution archive (expected one of `.whl`, `.tar.gz`, `.zip`, `.tar.bz2`, `.tar.lz`, `.tar.lzma`, `.tar.xz`, `.tar.zst`, `.tar`, `.tbz`, `.tgz`, `.tlz`, or `.txz`))
DEBUG Skipping file for scikit-learn: "scikit-learn-0.15.2.win32-py2.7.exe" (not a wheel or source distribution archive (expected one of `.whl`, `.tar.gz`, `.zip`, `.tar.bz2`, `.tar.lz`, `.tar.lzma`, `.tar.xz`, `.tar.zst`, `.tar`, `.tbz`, `.tgz`, `.tlz`, or `.txz`))
DEBUG Skipping file for scikit-learn: "scikit-learn-0.15.2.win32-py3.4.exe" (not a wheel or source distribution archive (expected one of `.whl`, `.tar.gz`, `.zip`, `.tar.bz2`, `.tar.lz`, `.tar.lzma`, `.tar.xz`, `.tar.zst`, `.tar`, `.tbz`, `.tgz`, `.tlz`, or `.txz`))
DEBUG Skipping file for scikit-learn: "scikit-learn-0.16.0.win-amd64-py2.7.exe" (not a wheel or source distribution archive (expected one of `.whl`, `.tar.gz`, `.zip`, `.tar.bz2`, `.tar.lz`, `.tar.lzma`, `.tar.xz`, `.tar.zst`, `.tar`, `.tbz`, `.tgz`, `.tlz`, or `.txz`))
DEBUG Skipping file for scikit-learn: "scikit-learn-0.16.0.win-amd64-py3.4.exe" (not a wheel or source distribution archive (expected one of `.whl`, `.tar.gz`, `.zip`, `.tar.bz2`, `.tar.lz`, `.tar.lzma`, `.tar.xz`, `.tar.zst`, `.tar`, `.tbz`, `.tgz`, `.tlz`, or `.txz`))
DEBUG Skipping file for scikit-learn: "scikit-learn-0.16.0.win32-py2.7.exe" (not a wheel or source distribution archive (expected one of `.whl`, `.tar.gz`, `.zip`, `.tar.bz2`, `.tar.lz`, `.tar.lzma`, `.tar.xz`, `.tar.zst`, `.tar`, `.tbz`, `.tgz`, `.tlz`, or `.txz`))
DEBUG Skipping file for scikit-learn: "scikit-learn-0.16.0.win32-py3.4.exe" (not a wheel or source distribution archive (expected one of `.whl`, `.tar.gz`, `.zip`, `.tar.bz2`, `.tar.lz`, `.tar.lzma`, `.tar.xz`, `.tar.zst`, `.tar`, `.tbz`, `.tgz`, `.tlz`, or `.txz`))
DEBUG Skipping file for scikit-learn: "scikit-learn-0.16.1.win-amd64-py2.7.exe" (not a wheel or source distribution archive (expected one of `.whl`, `.tar.gz`, `.zip`, `.tar.bz2`, `.tar.lz`, `.tar.lzma`, `.tar.xz`, `.tar.zst`, `.tar`, `.tbz`, `.tgz`, `.tlz`, or `.txz`))
DEBUG Skipping file for scikit-learn: "scikit-learn-0.16.1.win-amd64-py3.4.exe" (not a wheel or source distribution archive (expected one of `.whl`, `.tar.gz`, `.zip`, `.tar.bz2`, `.tar.lz`, `.tar.lzma`, `.tar.xz`, `.tar.zst`, `.tar`, `.tbz`, `.tgz`, `.tlz`, or `.txz`))
DEBUG Skipping file for scikit-learn: "scikit-learn-0.16.1.win32-py2.7.exe" (not a wheel or source distribution archive (expected one of `.whl`, `.tar.gz`, `.zip`, `.tar.bz2`, `.tar.lz`, `.tar.lzma`, `.tar.xz`, `.tar.zst`, `.tar`, `.tbz`, `.tgz`, `.tlz`, or `.txz`))
DEBUG Skipping file for scikit-learn: "scikit-learn-0.16.1.win32-py3.4.exe" (not a wheel or source distribution archive (expected one of `.whl`, `.tar.gz`, `.zip`, `.tar.bz2`, `.tar.lz`, `.tar.lzma`, `.tar.xz`, `.tar.zst`, `.tar`, `.tbz`, `.tgz`, `.tlz`, or `.txz`))
DEBUG Skipping file for scikit-learn: "scikit-learn-0.17.win-amd64-py2.7.exe" (not a wheel or source distribution archive (expected one of `.whl`, `.tar.gz`, `.zip`, `.tar.bz2`, `.tar.lz`, `.tar.lzma`, `.tar.xz`, `.tar.zst`, `.tar`, `.tbz`, `.tgz`, `.tlz`, or `.txz`))
DEBUG Skipping file for scikit-learn: "scikit-learn-0.17.win-amd64-py3.4.exe" (not a wheel or source distribution archive (expected one of `.whl`, `.tar.gz`, `.zip`, `.tar.bz2`, `.tar.lz`, `.tar.lzma`, `.tar.xz`, `.tar.zst`, `.tar`, `.tbz`, `.tgz`, `.tlz`, or `.txz`))
DEBUG Skipping file for scikit-learn: "scikit-learn-0.17.win-amd64-py3.5.exe" (not a wheel or source distribution archive (expected one of `.whl`, `.tar.gz`, `.zip`, `.tar.bz2`, `.tar.lz`, `.tar.lzma`, `.tar.xz`, `.tar.zst`, `.tar`, `.tbz`, `.tgz`, `.tlz`, or `.txz`))
DEBUG Skipping file for scikit-learn: "scikit-learn-0.17.win32-py2.7.exe" (not a wheel or source distribution archive (expected one of `.whl`, `.tar.gz`, `.zip`, `.tar.bz2`, `.tar.lz`, `.tar.lzma`, `.tar.xz`, `.tar.zst`, `.tar`, `.tbz`, `.tgz`, `.tlz`, or `.txz`))
DEBUG Skipping file for scikit-learn: "scikit-learn-0.17.win32-py3.4.exe" (not a wheel or source distribution archive (expected one of `.whl`, `.tar.gz`, `.zip`, `.tar.bz2`, `.tar.lz`, `.tar.lzma`, `.tar.xz`, `.tar.zst`, `.tar`, `.tbz`, `.tgz`, `.tlz`, or `.txz`))
DEBUG Skipping file for scikit-learn: "scikit-learn-0.17.win32-py3.5.exe" (not a wheel or source distribution archive (expected one of `.whl`, `.tar.gz`, `.zip`, `.tar.bz2`, `.tar.lz`, `.tar.lzma`, `.tar.xz`, `.tar.zst`, `.tar`, `.tbz`, `.tgz`, `.tlz`, or `.txz`))
DEBUG Skipping file for scikit-learn: "scikit-learn-0.17.1.win-amd64-py2.7.exe" (not a wheel or source distribution archive (expected one of `.whl`, `.tar.gz`, `.zip`, `.tar.bz2`, `.tar.lz`, `.tar.lzma`, `.tar.xz`, `.tar.zst`, `.tar`, `.tbz`, `.tgz`, `.tlz`, or `.txz`))
DEBUG Skipping file for scikit-learn: "scikit-learn-0.17.1.win-amd64-py3.4.exe" (not a wheel or source distribution archive (expected one of `.whl`, `.tar.gz`, `.zip`, `.tar.bz2`, `.tar.lz`, `.tar.lzma`, `.tar.xz`, `.tar.zst`, `.tar`, `.tbz`, `.tgz`, `.tlz`, or `.txz`))
DEBUG Skipping file for scikit-learn: "scikit-learn-0.17.1.win-amd64-py3.5.exe" (not a wheel or source distribution archive (expected one of `.whl`, `.tar.gz`, `.zip`, `.tar.bz2`, `.tar.lz`, `.tar.lzma`, `.tar.xz`, `.tar.zst`, `.tar`, `.tbz`, `.tgz`, `.tlz`, or `.txz`))
DEBUG Skipping file for scikit-learn: "scikit-learn-0.17.1.win32-py2.7.exe" (not a wheel or source distribution archive (expected one of `.whl`, `.tar.gz`, `.zip`, `.tar.bz2`, `.tar.lz`, `.tar.lzma`, `.tar.xz`, `.tar.zst`, `.tar`, `.tbz`, `.tgz`, `.tlz`, or `.txz`))
DEBUG Skipping file for scikit-learn: "scikit-learn-0.17.1.win32-py3.4.exe" (not a wheel or source distribution archive (expected one of `.whl`, `.tar.gz`, `.zip`, `.tar.bz2`, `.tar.lz`, `.tar.lzma`, `.tar.xz`, `.tar.zst`, `.tar`, `.tbz`, `.tgz`, `.tlz`, or `.txz`))
DEBUG Skipping file for scikit-learn: "scikit-learn-0.17.1.win32-py3.5.exe" (not a wheel or source distribution archive (expected one of `.whl`, `.tar.gz`, `.zip`, `.tar.bz2`, `.tar.lz`, `.tar.lzma`, `.tar.xz`, `.tar.zst`, `.tar`, `.tbz`, `.tgz`, `.tlz`, or `.txz`))
DEBUG Skipping file for scikit-learn: "scikit-learn-0.18.win-amd64-py2.7.exe" (not a wheel or source distribution archive (expected one of `.whl`, `.tar.gz`, `.zip`, `.tar.bz2`, `.tar.lz`, `.tar.lzma`, `.tar.xz`, `.tar.zst`, `.tar`, `.tbz`, `.tgz`, `.tlz`, or `.txz`))
DEBUG Skipping file for scikit-learn: "scikit-learn-0.18.win-amd64-py3.5.exe" (not a wheel or source distribution archive (expected one of `.whl`, `.tar.gz`, `.zip`, `.tar.bz2`, `.tar.lz`, `.tar.lzma`, `.tar.xz`, `.tar.zst`, `.tar`, `.tbz`, `.tgz`, `.tlz`, or `.txz`))
DEBUG Skipping file for scikit-learn: "scikit-learn-0.18.win32-py2.7.exe" (not a wheel or source distribution archive (expected one of `.whl`, `.tar.gz`, `.zip`, `.tar.bz2`, `.tar.lz`, `.tar.lzma`, `.tar.xz`, `.tar.zst`, `.tar`, `.tbz`, `.tgz`, `.tlz`, or `.txz`))
DEBUG Skipping file for scikit-learn: "scikit-learn-0.18.win32-py3.5.exe" (not a wheel or source distribution archive (expected one of `.whl`, `.tar.gz`, `.zip`, `.tar.bz2`, `.tar.lz`, `.tar.lzma`, `.tar.xz`, `.tar.zst`, `.tar`, `.tbz`, `.tgz`, `.tlz`, or `.txz`))
DEBUG Skipping file for scikit-learn: "scikit-learn-0.18.1.win-amd64-py2.7.exe" (not a wheel or source distribution archive (expected one of `.whl`, `.tar.gz`, `.zip`, `.tar.bz2`, `.tar.lz`, `.tar.lzma`, `.tar.xz`, `.tar.zst`, `.tar`, `.tbz`, `.tgz`, `.tlz`, or `.txz`))
DEBUG Skipping file for scikit-learn: "scikit-learn-0.18.1.win-amd64-py3.5.exe" (not a wheel or source distribution archive (expected one of `.whl`, `.tar.gz`, `.zip`, `.tar.bz2`, `.tar.lz`, `.tar.lzma`, `.tar.xz`, `.tar.zst`, `.tar`, `.tbz`, `.tgz`, `.tlz`, or `.txz`))
DEBUG Skipping file for scikit-learn: "scikit-learn-0.18.1.win32-py2.7.exe" (not a wheel or source distribution archive (expected one of `.whl`, `.tar.gz`, `.zip`, `.tar.bz2`, `.tar.lz`, `.tar.lzma`, `.tar.xz`, `.tar.zst`, `.tar`, `.tbz`, `.tgz`, `.tlz`, or `.txz`))
DEBUG Skipping file for scikit-learn: "scikit-learn-0.18.1.win32-py3.5.exe" (not a wheel or source distribution archive (expected one of `.whl`, `.tar.gz`, `.zip`, `.tar.bz2`, `.tar.lz`, `.tar.lzma`, `.tar.xz`, `.tar.zst`, `.tar`, `.tbz`, `.tgz`, `.tlz`, or `.txz`))
DEBUG Skipping file for scikit-learn: "scikit-learn-0.18.2.win-amd64-py2.7.exe" (not a wheel or source distribution archive (expected one of `.whl`, `.tar.gz`, `.zip`, `.tar.bz2`, `.tar.lz`, `.tar.lzma`, `.tar.xz`, `.tar.zst`, `.tar`, `.tbz`, `.tgz`, `.tlz`, or `.txz`))
DEBUG Skipping file for scikit-learn: "scikit-learn-0.18.2.win-amd64-py3.5.exe" (not a wheel or source distribution archive (expected one of `.whl`, `.tar.gz`, `.zip`, `.tar.bz2`, `.tar.lz`, `.tar.lzma`, `.tar.xz`, `.tar.zst`, `.tar`, `.tbz`, `.tgz`, `.tlz`, or `.txz`))
DEBUG Skipping file for scikit-learn: "scikit-learn-0.18.2.win32-py2.7.exe" (not a wheel or source distribution archive (expected one of `.whl`, `.tar.gz`, `.zip`, `.tar.bz2`, `.tar.lz`, `.tar.lzma`, `.tar.xz`, `.tar.zst`, `.tar`, `.tbz`, `.tgz`, `.tlz`, or `.txz`))
DEBUG Skipping file for scikit-learn: "scikit-learn-0.18.2.win32-py3.5.exe" (not a wheel or source distribution archive (expected one of `.whl`, `.tar.gz`, `.zip`, `.tar.bz2`, `.tar.lz`, `.tar.lzma`, `.tar.xz`, `.tar.zst`, `.tar`, `.tbz`, `.tgz`, `.tlz`, or `.txz`))
DEBUG Skipping file for scikit-learn: "scikit-learn-0.19.1.win-amd64-py2.7.exe" (not a wheel or source distribution archive (expected one of `.whl`, `.tar.gz`, `.zip`, `.tar.bz2`, `.tar.lz`, `.tar.lzma`, `.tar.xz`, `.tar.zst`, `.tar`, `.tbz`, `.tgz`, `.tlz`, or `.txz`))
DEBUG Skipping file for scikit-learn: "scikit-learn-0.19.1.win-amd64-py3.5.exe" (not a wheel or source distribution archive (expected one of `.whl`, `.tar.gz`, `.zip`, `.tar.bz2`, `.tar.lz`, `.tar.lzma`, `.tar.xz`, `.tar.zst`, `.tar`, `.tbz`, `.tgz`, `.tlz`, or `.txz`))
DEBUG Skipping file for scikit-learn: "scikit-learn-0.19.1.win32-py2.7.exe" (not a wheel or source distribution archive (expected one of `.whl`, `.tar.gz`, `.zip`, `.tar.bz2`, `.tar.lz`, `.tar.lzma`, `.tar.xz`, `.tar.zst`, `.tar`, `.tbz`, `.tgz`, `.tlz`, or `.txz`))
DEBUG Skipping file for scikit-learn: "scikit-learn-0.19.1.win32-py3.5.exe" (not a wheel or source distribution archive (expected one of `.whl`, `.tar.gz`, `.zip`, `.tar.bz2`, `.tar.lz`, `.tar.lzma`, `.tar.xz`, `.tar.zst`, `.tar`, `.tbz`, `.tgz`, `.tlz`, or `.txz`))
DEBUG No cache entry for: https://files.pythonhosted.org/packages/a0/ee/5adbc77656b71f9456a2f5a7a9fdb4bcf9207a6b962889f1c2f9323afa4e/scikit_learn-1.9.0-cp312-cp312-manylinux_2_27_aarch64.manylinux_2_28_aarch64.whl.metadata
DEBUG Sending fresh GET request for: https://files.pythonhosted.org/packages/a0/ee/5adbc77656b71f9456a2f5a7a9fdb4bcf9207a6b962889f1c2f9323afa4e/scikit_learn-1.9.0-cp312-cp312-manylinux_2_27_aarch64.manylinux_2_28_aarch64.whl.metadata
DEBUG Searching for a compatible version of aniso8601 (*)
DEBUG Selecting: aniso8601==10.0.1 [compatible] (aniso8601-10.0.1-py2.py3-none-any.whl)
DEBUG No cache entry for: https://files.pythonhosted.org/packages/59/75/e0e10dc7ed1408c28e03a6cb2d7a407f99320eb953f229d008a7a6d05546/aniso8601-10.0.1-py2.py3-none-any.whl.metadata
DEBUG Sending fresh GET request for: https://files.pythonhosted.org/packages/59/75/e0e10dc7ed1408c28e03a6cb2d7a407f99320eb953f229d008a7a6d05546/aniso8601-10.0.1-py2.py3-none-any.whl.metadata
DEBUG Searching for a compatible version of deprecation (*)
DEBUG Selecting: deprecation==2.1.0 [compatible] (deprecation-2.1.0-py2.py3-none-any.whl)
DEBUG Adding transitive dependency for deprecation==2.1.0: packaging*
DEBUG Searching for a compatible version of entrypoints (*)
DEBUG Selecting: entrypoints==0.4 [compatible] (entrypoints-0.4-py3-none-any.whl)
DEBUG Searching for a compatible version of pydantic (>=2.9)
DEBUG Selecting: pydantic==2.13.0 [installed] (installed)
DEBUG Adding transitive dependency for pydantic==2.13.0: annotated-types>=0.6.0
DEBUG Adding transitive dependency for pydantic==2.13.0: pydantic-core>=2.46.0, <2.46.0+
DEBUG Adding transitive dependency for pydantic==2.13.0: typing-extensions>=4.14.1
DEBUG Adding transitive dependency for pydantic==2.13.0: typing-inspection>=0.4.2
DEBUG Found fresh response for: https://pypi.org/simple/annotated-types/
DEBUG Found fresh response for: https://pypi.org/simple/pydantic-core/
DEBUG Searching for a compatible version of pydantic-core (>=2.46.0, <2.46.0+)
DEBUG Selecting: pydantic-core==2.46.0 [installed] (installed)
DEBUG Found fresh response for: https://pypi.org/simple/typing-inspection/
DEBUG Adding transitive dependency for pydantic-core==2.46.0: typing-extensions>=4.14.1
DEBUG Searching for a compatible version of pydantic-settings (>=2.14.1)
DEBUG Selecting: pydantic-settings==2.14.2 [compatible] (pydantic_settings-2.14.2-py3-none-any.whl)
DEBUG Adding transitive dependency for pydantic-settings==2.14.2: pydantic>=2.7.0
DEBUG Adding transitive dependency for pydantic-settings==2.14.2: python-dotenv>=0.21.0
DEBUG Adding transitive dependency for pydantic-settings==2.14.2: typing-inspection>=0.4.0
DEBUG Searching for a compatible version of omegaconf (>=2.2, <2.4)
DEBUG Selecting: omegaconf==2.3.1 [installed] (installed)
DEBUG Adding transitive dependency for omegaconf==2.3.1: antlr4-python3-runtime>=4.9.dev0, <4.10.dev0
DEBUG Adding transitive dependency for omegaconf==2.3.1: pyyaml>=5.1.0
DEBUG Searching for a compatible version of antlr4-python3-runtime (>=4.9.dev0, <4.10.dev0)
DEBUG Selecting: antlr4-python3-runtime==4.9.3 [installed] (installed)
DEBUG Searching for a compatible version of pyparsing (*)
DEBUG Selecting: pyparsing==3.3.2 [installed] (installed)
DEBUG Searching for a compatible version of scikit-learn (*)
DEBUG Selecting: scikit-learn==1.9.0 [compatible] (scikit_learn-1.9.0-cp312-cp312-manylinux_2_27_aarch64.manylinux_2_28_aarch64.whl)
DEBUG Adding transitive dependency for scikit-learn==1.9.0: numpy>=1.24.1
DEBUG Adding transitive dependency for scikit-learn==1.9.0: scipy>=1.10.0
DEBUG Adding transitive dependency for scikit-learn==1.9.0: joblib>=1.4.0
DEBUG Adding transitive dependency for scikit-learn==1.9.0: narwhals>=2.0.1
DEBUG Adding transitive dependency for scikit-learn==1.9.0: threadpoolctl>=3.5.0
DEBUG Searching for a compatible version of psutil (>=5.8.0)
DEBUG Selecting: psutil==7.2.2 [installed] (installed)
DEBUG Searching for a compatible version of pytz (*)
DEBUG Selecting: pytz==2026.2 [installed] (installed)
DEBUG Searching for a compatible version of aiohappyeyeballs (>=2.5.0)
DEBUG Selecting: aiohappyeyeballs==2.6.1 [installed] (installed)
DEBUG Searching for a compatible version of aiosignal (>=1.4.0)
DEBUG Selecting: aiosignal==1.4.0 [installed] (installed)
DEBUG Adding transitive dependency for aiosignal==1.4.0: frozenlist>=1.1.0
DEBUG Adding transitive dependency for aiosignal==1.4.0: typing-extensions{python_full_version < '3.13'}>=4.2
DEBUG Searching for a compatible version of attrs (>=17.3.0)
DEBUG Selecting: attrs==26.1.0 [installed] (installed)
DEBUG Searching for a compatible version of frozenlist (>=1.1.1)
DEBUG Selecting: frozenlist==1.8.0 [installed] (installed)
DEBUG Searching for a compatible version of multidict (>=6.0.0, <7.0)
DEBUG Selecting: multidict==6.7.1 [installed] (installed)
DEBUG Searching for a compatible version of propcache (>=0.2.0)
DEBUG Selecting: propcache==0.4.1 [installed] (installed)
DEBUG Searching for a compatible version of yarl (>=1.17.0, <2.0)
DEBUG Selecting: yarl==1.23.0 [installed] (installed)
DEBUG Adding transitive dependency for yarl==1.23.0: idna>=2.0
DEBUG Adding transitive dependency for yarl==1.23.0: multidict>=4.0
DEBUG Adding transitive dependency for yarl==1.23.0: propcache>=0.2.1
DEBUG Searching for a compatible version of requests-oauthlib (>=0.7.0)
DEBUG Selecting: requests-oauthlib==2.0.0 [installed] (installed)
DEBUG Adding transitive dependency for requests-oauthlib==2.0.0: oauthlib>=3.0.0
DEBUG Adding transitive dependency for requests-oauthlib==2.0.0: requests>=2.0.0
DEBUG Searching for a compatible version of pyasn1-modules (>=0.2.1)
DEBUG Selecting: pyasn1-modules==0.4.2 [installed] (installed)
DEBUG Adding transitive dependency for pyasn1-modules==0.4.2: pyasn1>=0.6.1, <0.7.0
DEBUG Searching for a compatible version of cryptography (>=38.0.3)
DEBUG Selecting: cryptography==49.0.0 [installed] (installed)
DEBUG Adding transitive dependency for cryptography==49.0.0: cffi{platform_python_implementation != 'PyPy'}>=2.0.0
DEBUG Searching for a compatible version of google-api-core[grpc] (>=2.17.1, <3.0.0)
DEBUG Selecting: google-api-core==2.31.0 [installed] (installed)
DEBUG Adding transitive dependency for google-api-core==2.31.0: google-api-core==2.31.0
DEBUG Adding transitive dependency for google-api-core==2.31.0: google-api-core[grpc]==2.31.0
DEBUG Searching for a compatible version of google-api-core (==2.31.0)
DEBUG Selecting: google-api-core==2.31.0 [installed] (installed)
DEBUG Adding transitive dependency for google-api-core==2.31.0: googleapis-common-protos>=1.63.2, <2.0.0
DEBUG Adding transitive dependency for google-api-core==2.31.0: protobuf>=5.29.6, <8.0.0
DEBUG Adding transitive dependency for google-api-core==2.31.0: proto-plus>=1.24.0, <2.0.0
DEBUG Adding transitive dependency for google-api-core==2.31.0: google-auth>=2.14.1, <3.0.0
DEBUG Adding transitive dependency for google-api-core==2.31.0: requests>=2.33.0, <3.0.0
DEBUG Searching for a compatible version of google-api-core[grpc] (==2.31.0)
DEBUG Selecting: google-api-core==2.31.0 [installed] (installed)
DEBUG Adding transitive dependency for google-api-core==2.31.0: grpcio>=1.41.0, <2.0.0
DEBUG Adding transitive dependency for google-api-core==2.31.0: grpcio{python_full_version >= '3.11'}>=1.49.1, <2.0.0
DEBUG Adding transitive dependency for google-api-core==2.31.0: grpcio-status>=1.41.0, <2.0.0
DEBUG Adding transitive dependency for google-api-core==2.31.0: grpcio-status{python_full_version >= '3.11'}>=1.49.1, <2.0.0
DEBUG Searching for a compatible version of grpcio (>=1.59.0, <2.0.0)
DEBUG Selecting: grpcio==1.80.0 [installed] (installed)
DEBUG Adding transitive dependency for grpcio==1.80.0: typing-extensions>=4.12, <5.dev0
DEBUG Searching for a compatible version of grpcio{python_full_version >= '3.11'} (>=1.49.1, <2.0.0)
DEBUG Selecting: grpcio==1.80.0 [installed] (installed)
DEBUG Adding transitive dependency for grpcio==1.80.0: grpcio==1.80.0
DEBUG Adding transitive dependency for grpcio==1.80.0: grpcio{python_full_version >= '3.11'}==1.80.0
DEBUG Searching for a compatible version of grpcio{python_full_version >= '3.11'} (==1.80.0)
DEBUG Selecting: grpcio==1.80.0 [installed] (installed)
DEBUG Adding transitive dependency for grpcio==1.80.0: typing-extensions>=4.12, <5.dev0
DEBUG Searching for a compatible version of proto-plus (>=1.24.0, <2.0.0)
DEBUG Selecting: proto-plus==1.28.1 [installed] (installed)
DEBUG Adding transitive dependency for proto-plus==1.28.1: protobuf>=4.25.8, <8.0.0
DEBUG Searching for a compatible version of protobuf (>=5.29.6, <8.0.0)
DEBUG Selecting: protobuf==6.33.6 [installed] (installed)
DEBUG Searching for a compatible version of grpc-google-iam-v1 (>=0.14.0, <1.0.0)
DEBUG Selecting: grpc-google-iam-v1==0.14.4 [installed] (installed)
DEBUG Adding transitive dependency for grpc-google-iam-v1==0.14.4: grpcio>=1.44.0, <2.0.0
DEBUG Adding transitive dependency for grpc-google-iam-v1==0.14.4: googleapis-common-protos[grpc]>=1.63.2, <2.0.0
DEBUG Adding transitive dependency for grpc-google-iam-v1==0.14.4: protobuf>=4.25.8, <8.0.0
DEBUG Searching for a compatible version of google-cloud-core (>=2.4.2, <3.0.0)
DEBUG Selecting: google-cloud-core==2.6.0 [installed] (installed)
DEBUG Adding transitive dependency for google-cloud-core==2.6.0: google-api-core>=2.11.0, <3.0.0
DEBUG Adding transitive dependency for google-cloud-core==2.6.0: google-auth>=2.14.1, <2.24.0 | >=2.24.0+, <2.25.0 | >=2.25.0+, <3.0.0
DEBUG Searching for a compatible version of google-resumable-media (>=2.7.2, <3.0.0)
DEBUG Selecting: google-resumable-media==2.10.0 [installed] (installed)
DEBUG Adding transitive dependency for google-resumable-media==2.10.0: google-crc32c>=1.0.0, <2.0.0
DEBUG Searching for a compatible version of charset-normalizer (>=2, <4)
DEBUG Selecting: charset-normalizer==3.4.7 [installed] (installed)
DEBUG Searching for a compatible version of idna (>=2.5, <4)
DEBUG Selecting: idna==3.11 [installed] (installed)
DEBUG Searching for a compatible version of urllib3 (>=1.26, <3)
DEBUG Selecting: urllib3==2.7.0 [installed] (installed)
DEBUG Searching for a compatible version of anyio (*)
DEBUG Selecting: anyio==4.13.0 [installed] (installed)
DEBUG Adding transitive dependency for anyio==4.13.0: idna>=2.8
DEBUG Adding transitive dependency for anyio==4.13.0: typing-extensions{python_full_version < '3.13'}>=4.5
DEBUG Searching for a compatible version of httpcore (>=1.dev0, <2.dev0)
DEBUG Selecting: httpcore==1.0.9 [installed] (installed)
DEBUG Adding transitive dependency for httpcore==1.0.9: certifi*
DEBUG Adding transitive dependency for httpcore==1.0.9: h11>=0.16
DEBUG Searching for a compatible version of click (>=8.2.1)
DEBUG Selecting: click==8.3.2 [installed] (installed)
DEBUG Searching for a compatible version of shellingham (>=1.3.0)
DEBUG Selecting: shellingham==1.5.4 [installed] (installed)
DEBUG Searching for a compatible version of annotated-doc (>=0.0.2)
DEBUG Selecting: annotated-doc==0.0.4 [installed] (installed)
DEBUG Searching for a compatible version of six (>=1.5)
DEBUG Selecting: six==1.16.0 [installed] (installed)
DEBUG Searching for a compatible version of mdurl (>=0.1, <1.dev0)
DEBUG Selecting: mdurl==0.1.2 [installed] (installed)
DEBUG Searching for a compatible version of aioitertools (>=0.5.1, <1.0.0)
DEBUG Selecting: aioitertools==0.13.0 [installed] (installed)
DEBUG Searching for a compatible version of botocore (>=1.42.90, <1.43.1)
DEBUG Selecting: botocore==1.43.0 [installed] (installed)
DEBUG Adding transitive dependency for botocore==1.43.0: jmespath>=0.7.1, <2.0.0
DEBUG Adding transitive dependency for botocore==1.43.0: python-dateutil>=2.1, <3.0.0
DEBUG Adding transitive dependency for botocore==1.43.0: urllib3>=1.25.4, <2.2.0 | >=2.2.0+, <3
DEBUG Searching for a compatible version of jmespath (>=0.7.1, <2.0.0)
DEBUG Selecting: jmespath==1.1.0 [installed] (installed)
DEBUG Searching for a compatible version of wrapt (>=1.10.10, <3.0.0)
DEBUG Selecting: wrapt==2.1.2 [installed] (installed)
DEBUG Searching for a compatible version of mpmath (>=1.1.0, <1.4)
DEBUG Selecting: mpmath==1.3.0 [installed] (installed)
DEBUG Searching for a compatible version of markupsafe (>=2.0)
DEBUG Selecting: markupsafe==3.0.3 [installed] (installed)
DEBUG Searching for a compatible version of cloudpickle (>=3.0.0)
DEBUG Selecting: cloudpickle==3.1.2 [installed] (installed)
DEBUG Searching for a compatible version of partd (>=1.4.0)
DEBUG Selecting: partd==1.4.2 [installed] (installed)
DEBUG Adding transitive dependency for partd==1.4.2: locket*
DEBUG Adding transitive dependency for partd==1.4.2: toolz*
DEBUG Searching for a compatible version of toolz (>=0.12.0)
DEBUG Selecting: toolz==1.1.0 [installed] (installed)
DEBUG Searching for a compatible version of lz4 (>=4.3.2)
DEBUG Selecting: lz4==4.4.5 [installed] (installed)
DEBUG Searching for a compatible version of bokeh (>=3.1.0)
DEBUG Selecting: bokeh==3.9.1 [installed] (installed)
DEBUG Adding transitive dependency for bokeh==3.9.1: jinja2>=2.9
DEBUG Adding transitive dependency for bokeh==3.9.1: contourpy>=1.2
DEBUG Adding transitive dependency for bokeh==3.9.1: narwhals>=1.13
DEBUG Adding transitive dependency for bokeh==3.9.1: numpy>=1.16
DEBUG Adding transitive dependency for bokeh==3.9.1: packaging>=16.8
DEBUG Adding transitive dependency for bokeh==3.9.1: pillow>=7.1.0
DEBUG Adding transitive dependency for bokeh==3.9.1: pyyaml>=3.10
DEBUG Adding transitive dependency for bokeh==3.9.1: tornado{sys_platform != 'emscripten'}>=6.2
DEBUG Adding transitive dependency for bokeh==3.9.1: xyzservices>=2021.9.1
DEBUG Searching for a compatible version of distributed (>=2026.7.0, <2026.7.1)
DEBUG Selecting: distributed==2026.7.0 [installed] (installed)
DEBUG Adding transitive dependency for distributed==2026.7.0: click>=8.0
DEBUG Adding transitive dependency for distributed==2026.7.0: cloudpickle>=3.0.0
DEBUG Adding transitive dependency for distributed==2026.7.0: dask>=2026.7.0, <2026.7.1
DEBUG Adding transitive dependency for distributed==2026.7.0: jinja2>=2.10.3
DEBUG Adding transitive dependency for distributed==2026.7.0: locket>=1.0.0
DEBUG Adding transitive dependency for distributed==2026.7.0: msgpack>=1.0.2
DEBUG Adding transitive dependency for distributed==2026.7.0: packaging>=20.0
DEBUG Adding transitive dependency for distributed==2026.7.0: psutil>=5.8.0
DEBUG Adding transitive dependency for distributed==2026.7.0: pyyaml>=5.4.1
DEBUG Adding transitive dependency for distributed==2026.7.0: sortedcontainers>=2.0.5
DEBUG Adding transitive dependency for distributed==2026.7.0: tblib>=1.6.0, <3.2.0 | >=3.2.0+, <3.2.1 | >=3.2.1+
DEBUG Adding transitive dependency for distributed==2026.7.0: toolz>=0.12.0
DEBUG Adding transitive dependency for distributed==2026.7.0: tornado>=6.2.0
DEBUG Adding transitive dependency for distributed==2026.7.0: zict>=3.0.0
DEBUG Searching for a compatible version of annotated-types (>=0.6.0)
DEBUG Selecting: annotated-types==0.7.0 [installed] (installed)
DEBUG Searching for a compatible version of typing-inspection (>=0.4.2)
DEBUG Selecting: typing-inspection==0.4.2 [installed] (installed)
DEBUG Adding transitive dependency for typing-inspection==0.4.2: typing-extensions>=4.12.0
DEBUG No cache entry for: https://pypi.org/simple/joblib/
DEBUG Sending fresh GET request for: https://pypi.org/simple/joblib/
DEBUG Found fresh response for: https://pypi.org/simple/narwhals/
DEBUG No cache entry for: https://pypi.org/simple/threadpoolctl/
DEBUG Sending fresh GET request for: https://pypi.org/simple/threadpoolctl/
DEBUG Found fresh response for: https://pypi.org/simple/oauthlib/
DEBUG Found fresh response for: https://pypi.org/simple/pyasn1/
DEBUG Found fresh response for: https://pypi.org/simple/cffi/
DEBUG Found fresh response for: https://pypi.org/simple/googleapis-common-protos/
DEBUG Found fresh response for: https://pypi.org/simple/grpcio-status/
DEBUG Found fresh response for: https://pypi.org/simple/h11/
DEBUG Found fresh response for: https://pypi.org/simple/locket/
DEBUG Found fresh response for: https://pypi.org/simple/contourpy/
DEBUG Found fresh response for: https://pypi.org/simple/pillow/
DEBUG Found fresh response for: https://pypi.org/simple/tornado/
DEBUG Found fresh response for: https://pypi.org/simple/xyzservices/
DEBUG Found fresh response for: https://pypi.org/simple/msgpack/
DEBUG Found fresh response for: https://pypi.org/simple/sortedcontainers/
DEBUG Found fresh response for: https://pypi.org/simple/tblib/
DEBUG Found fresh response for: https://pypi.org/simple/zict/
DEBUG No cache entry for: https://files.pythonhosted.org/packages/32/d5/f9a850d79b0851d1d4ef6456097579a9005b31fea68726a4ae5f2d82ddd9/threadpoolctl-3.6.0-py3-none-any.whl.metadata
DEBUG Sending fresh GET request for: https://files.pythonhosted.org/packages/32/d5/f9a850d79b0851d1d4ef6456097579a9005b31fea68726a4ae5f2d82ddd9/threadpoolctl-3.6.0-py3-none-any.whl.metadata
DEBUG Skipping file for joblib: "joblib-0.3.2d.dev.tar.gz" (Failed to parse source distribution filename joblib-0.3.2d.dev.tar.gz: Version section is invalid)
DEBUG Skipping file for joblib: "joblib-0.3.2e.dev.tar.gz" (Failed to parse source distribution filename joblib-0.3.2e.dev.tar.gz: Version section is invalid)
DEBUG Skipping file for joblib: "joblib-0.3.2f.dev.tar.gz" (Failed to parse source distribution filename joblib-0.3.2f.dev.tar.gz: Version section is invalid)
DEBUG Skipping file for joblib: "joblib-0.3.2g.dev.tar.gz" (Failed to parse source distribution filename joblib-0.3.2g.dev.tar.gz: Version section is invalid)
DEBUG Skipping file for joblib: "joblib-0.7.0d-py2.7.egg" (not a wheel or source distribution archive (expected one of `.whl`, `.tar.gz`, `.zip`, `.tar.bz2`, `.tar.lz`, `.tar.lzma`, `.tar.xz`, `.tar.zst`, `.tar`, `.tbz`, `.tgz`, `.tlz`, or `.txz`))
DEBUG Skipping file for joblib: "joblib-0.7.0d.tar.gz" (Failed to parse source distribution filename joblib-0.7.0d.tar.gz: Version section is invalid)
DEBUG Skipping file for joblib: "joblib-0.1a.dev-py2.5.egg" (not a wheel or source distribution archive (expected one of `.whl`, `.tar.gz`, `.zip`, `.tar.bz2`, `.tar.lz`, `.tar.lzma`, `.tar.xz`, `.tar.zst`, `.tar`, `.tbz`, `.tgz`, `.tlz`, or `.txz`))
DEBUG Skipping file for joblib: "joblib-0.2a.dev-py2.5.egg" (not a wheel or source distribution archive (expected one of `.whl`, `.tar.gz`, `.zip`, `.tar.bz2`, `.tar.lz`, `.tar.lzma`, `.tar.xz`, `.tar.zst`, `.tar`, `.tbz`, `.tgz`, `.tlz`, or `.txz`))
DEBUG Skipping file for joblib: "joblib-0.3.5.dev-py2.6.egg" (not a wheel or source distribution archive (expected one of `.whl`, `.tar.gz`, `.zip`, `.tar.bz2`, `.tar.lz`, `.tar.lzma`, `.tar.xz`, `.tar.zst`, `.tar`, `.tbz`, `.tgz`, `.tlz`, or `.txz`))
DEBUG Skipping file for joblib: "joblib-0.3.6.dev-py2.5.egg" (not a wheel or source distribution archive (expected one of `.whl`, `.tar.gz`, `.zip`, `.tar.bz2`, `.tar.lz`, `.tar.lzma`, `.tar.xz`, `.tar.zst`, `.tar`, `.tbz`, `.tgz`, `.tlz`, or `.txz`))
DEBUG Skipping file for joblib: "joblib-0.4.0.dev-py2.6.egg" (not a wheel or source distribution archive (expected one of `.whl`, `.tar.gz`, `.zip`, `.tar.bz2`, `.tar.lz`, `.tar.lzma`, `.tar.xz`, `.tar.zst`, `.tar`, `.tbz`, `.tgz`, `.tlz`, or `.txz`))
DEBUG Skipping file for joblib: "joblib-0.4.1.dev-py2.6.egg" (not a wheel or source distribution archive (expected one of `.whl`, `.tar.gz`, `.zip`, `.tar.bz2`, `.tar.lz`, `.tar.lzma`, `.tar.xz`, `.tar.zst`, `.tar`, `.tbz`, `.tgz`, `.tlz`, or `.txz`))
DEBUG Skipping file for joblib: "joblib-0.4.2.dev-py2.5.egg" (not a wheel or source distribution archive (expected one of `.whl`, `.tar.gz`, `.zip`, `.tar.bz2`, `.tar.lz`, `.tar.lzma`, `.tar.xz`, `.tar.zst`, `.tar`, `.tbz`, `.tgz`, `.tlz`, or `.txz`))
DEBUG Skipping file for joblib: "joblib-0.4.3.dev-py2.5.egg" (not a wheel or source distribution archive (expected one of `.whl`, `.tar.gz`, `.zip`, `.tar.bz2`, `.tar.lz`, `.tar.lzma`, `.tar.xz`, `.tar.zst`, `.tar`, `.tbz`, `.tgz`, `.tlz`, or `.txz`))
DEBUG Skipping file for joblib: "joblib-0.4.3.dev-py2.6.egg" (not a wheel or source distribution archive (expected one of `.whl`, `.tar.gz`, `.zip`, `.tar.bz2`, `.tar.lz`, `.tar.lzma`, `.tar.xz`, `.tar.zst`, `.tar`, `.tbz`, `.tgz`, `.tlz`, or `.txz`))
DEBUG Skipping file for joblib: "joblib-0.4.4.dev-py2.6.egg" (not a wheel or source distribution archive (expected one of `.whl`, `.tar.gz`, `.zip`, `.tar.bz2`, `.tar.lz`, `.tar.lzma`, `.tar.xz`, `.tar.zst`, `.tar`, `.tbz`, `.tgz`, `.tlz`, or `.txz`))
DEBUG Skipping file for joblib: "joblib-0.4.5.dev-py2.6.egg" (not a wheel or source distribution archive (expected one of `.whl`, `.tar.gz`, `.zip`, `.tar.bz2`, `.tar.lz`, `.tar.lzma`, `.tar.xz`, `.tar.zst`, `.tar`, `.tbz`, `.tgz`, `.tlz`, or `.txz`))
DEBUG Skipping file for joblib: "joblib-0.4.6.dev-py2.6.egg" (not a wheel or source distribution archive (expected one of `.whl`, `.tar.gz`, `.zip`, `.tar.bz2`, `.tar.lz`, `.tar.lzma`, `.tar.xz`, `.tar.zst`, `.tar`, `.tbz`, `.tgz`, `.tlz`, or `.txz`))
DEBUG Skipping file for joblib: "joblib-0.5.0.dev-py2.6.egg" (not a wheel or source distribution archive (expected one of `.whl`, `.tar.gz`, `.zip`, `.tar.bz2`, `.tar.lz`, `.tar.lzma`, `.tar.xz`, `.tar.zst`, `.tar`, `.tbz`, `.tgz`, `.tlz`, or `.txz`))
DEBUG Skipping file for joblib: "joblib-0.5.0a.dev-py2.6.egg" (not a wheel or source distribution archive (expected one of `.whl`, `.tar.gz`, `.zip`, `.tar.bz2`, `.tar.lz`, `.tar.lzma`, `.tar.xz`, `.tar.zst`, `.tar`, `.tbz`, `.tgz`, `.tlz`, or `.txz`))
DEBUG Skipping file for joblib: "joblib-0.5.1.dev-py2.6.egg" (not a wheel or source distribution archive (expected one of `.whl`, `.tar.gz`, `.zip`, `.tar.bz2`, `.tar.lz`, `.tar.lzma`, `.tar.xz`, `.tar.zst`, `.tar`, `.tbz`, `.tgz`, `.tlz`, or `.txz`))
DEBUG Skipping file for joblib: "joblib-0.5.2.dev-py2.6.egg" (not a wheel or source distribution archive (expected one of `.whl`, `.tar.gz`, `.zip`, `.tar.bz2`, `.tar.lz`, `.tar.lzma`, `.tar.xz`, `.tar.zst`, `.tar`, `.tbz`, `.tgz`, `.tlz`, or `.txz`))
DEBUG Skipping file for joblib: "joblib-0.5.3.dev-py2.6.egg" (not a wheel or source distribution archive (expected one of `.whl`, `.tar.gz`, `.zip`, `.tar.bz2`, `.tar.lz`, `.tar.lzma`, `.tar.xz`, `.tar.zst`, `.tar`, `.tbz`, `.tgz`, `.tlz`, or `.txz`))
DEBUG Skipping file for joblib: "joblib-0.5.4.dev-py2.6.egg" (not a wheel or source distribution archive (expected one of `.whl`, `.tar.gz`, `.zip`, `.tar.bz2`, `.tar.lz`, `.tar.lzma`, `.tar.xz`, `.tar.zst`, `.tar`, `.tbz`, `.tgz`, `.tlz`, or `.txz`))
DEBUG Skipping file for joblib: "joblib-0.5.5.dev-py2.6.egg" (not a wheel or source distribution archive (expected one of `.whl`, `.tar.gz`, `.zip`, `.tar.bz2`, `.tar.lz`, `.tar.lzma`, `.tar.xz`, `.tar.zst`, `.tar`, `.tbz`, `.tgz`, `.tlz`, or `.txz`))
DEBUG Skipping file for joblib: "joblib-0.5.6.dev-py2.6.egg" (not a wheel or source distribution archive (expected one of `.whl`, `.tar.gz`, `.zip`, `.tar.bz2`, `.tar.lz`, `.tar.lzma`, `.tar.xz`, `.tar.zst`, `.tar`, `.tbz`, `.tgz`, `.tlz`, or `.txz`))
DEBUG Skipping file for joblib: "joblib-0.5.7.dev-py2.7.egg" (not a wheel or source distribution archive (expected one of `.whl`, `.tar.gz`, `.zip`, `.tar.bz2`, `.tar.lz`, `.tar.lzma`, `.tar.xz`, `.tar.zst`, `.tar`, `.tbz`, `.tgz`, `.tlz`, or `.txz`))
DEBUG Skipping file for joblib: "joblib-0.5.7a.dev-py2.6.egg" (not a wheel or source distribution archive (expected one of `.whl`, `.tar.gz`, `.zip`, `.tar.bz2`, `.tar.lz`, `.tar.lzma`, `.tar.xz`, `.tar.zst`, `.tar`, `.tbz`, `.tgz`, `.tlz`, or `.txz`))
DEBUG Skipping file for joblib: "joblib-0.5.7a.dev-py2.7.egg" (not a wheel or source distribution archive (expected one of `.whl`, `.tar.gz`, `.zip`, `.tar.bz2`, `.tar.lz`, `.tar.lzma`, `.tar.xz`, `.tar.zst`, `.tar`, `.tbz`, `.tgz`, `.tlz`, or `.txz`))
DEBUG Skipping file for joblib: "joblib-0.5.7a-py3.2.egg" (not a wheel or source distribution archive (expected one of `.whl`, `.tar.gz`, `.zip`, `.tar.bz2`, `.tar.lz`, `.tar.lzma`, `.tar.xz`, `.tar.zst`, `.tar`, `.tbz`, `.tgz`, `.tlz`, or `.txz`))
DEBUG Skipping file for joblib: "joblib-0.5.7b.dev-py2.7.egg" (not a wheel or source distribution archive (expected one of `.whl`, `.tar.gz`, `.zip`, `.tar.bz2`, `.tar.lz`, `.tar.lzma`, `.tar.xz`, `.tar.zst`, `.tar`, `.tbz`, `.tgz`, `.tlz`, or `.txz`))
DEBUG Skipping file for joblib: "joblib-0.5.7-py2.7.egg" (not a wheel or source distribution archive (expected one of `.whl`, `.tar.gz`, `.zip`, `.tar.bz2`, `.tar.lz`, `.tar.lzma`, `.tar.xz`, `.tar.zst`, `.tar`, `.tbz`, `.tgz`, `.tlz`, or `.txz`))
DEBUG Skipping file for joblib: "joblib-0.6.0a-py2.7.egg" (not a wheel or source distribution archive (expected one of `.whl`, `.tar.gz`, `.zip`, `.tar.bz2`, `.tar.lz`, `.tar.lzma`, `.tar.xz`, `.tar.zst`, `.tar`, `.tbz`, `.tgz`, `.tlz`, or `.txz`))
DEBUG Skipping file for joblib: "joblib-0.6.0b-py2.7.egg" (not a wheel or source distribution archive (expected one of `.whl`, `.tar.gz`, `.zip`, `.tar.bz2`, `.tar.lz`, `.tar.lzma`, `.tar.xz`, `.tar.zst`, `.tar`, `.tbz`, `.tgz`, `.tlz`, or `.txz`))
DEBUG Skipping file for joblib: "joblib-0.6.0b2-py2.7.egg" (not a wheel or source distribution archive (expected one of `.whl`, `.tar.gz`, `.zip`, `.tar.bz2`, `.tar.lz`, `.tar.lzma`, `.tar.xz`, `.tar.zst`, `.tar`, `.tbz`, `.tgz`, `.tlz`, or `.txz`))
DEBUG Skipping file for joblib: "joblib-0.6.0b3-py2.7.egg" (not a wheel or source distribution archive (expected one of `.whl`, `.tar.gz`, `.zip`, `.tar.bz2`, `.tar.lz`, `.tar.lzma`, `.tar.xz`, `.tar.zst`, `.tar`, `.tbz`, `.tgz`, `.tlz`, or `.txz`))
DEBUG Skipping file for joblib: "joblib-0.6.0-py2.7.egg" (not a wheel or source distribution archive (expected one of `.whl`, `.tar.gz`, `.zip`, `.tar.bz2`, `.tar.lz`, `.tar.lzma`, `.tar.xz`, `.tar.zst`, `.tar`, `.tbz`, `.tgz`, `.tlz`, or `.txz`))
DEBUG Skipping file for joblib: "joblib-0.6.1-py2.7.egg" (not a wheel or source distribution archive (expected one of `.whl`, `.tar.gz`, `.zip`, `.tar.bz2`, `.tar.lz`, `.tar.lzma`, `.tar.xz`, `.tar.zst`, `.tar`, `.tbz`, `.tgz`, `.tlz`, or `.txz`))
DEBUG Skipping file for joblib: "joblib-0.6.2-py2.7.egg" (not a wheel or source distribution archive (expected one of `.whl`, `.tar.gz`, `.zip`, `.tar.bz2`, `.tar.lz`, `.tar.lzma`, `.tar.xz`, `.tar.zst`, `.tar`, `.tbz`, `.tgz`, `.tlz`, or `.txz`))
DEBUG Skipping file for joblib: "joblib-0.6.3-py2.7.egg" (not a wheel or source distribution archive (expected one of `.whl`, `.tar.gz`, `.zip`, `.tar.bz2`, `.tar.lz`, `.tar.lzma`, `.tar.xz`, `.tar.zst`, `.tar`, `.tbz`, `.tgz`, `.tlz`, or `.txz`))
DEBUG Skipping file for joblib: "joblib-0.6.4-py2.7.egg" (not a wheel or source distribution archive (expected one of `.whl`, `.tar.gz`, `.zip`, `.tar.bz2`, `.tar.lz`, `.tar.lzma`, `.tar.xz`, `.tar.zst`, `.tar`, `.tbz`, `.tgz`, `.tlz`, or `.txz`))
DEBUG Skipping file for joblib: "joblib-0.6.5-py2.7.egg" (not a wheel or source distribution archive (expected one of `.whl`, `.tar.gz`, `.zip`, `.tar.bz2`, `.tar.lz`, `.tar.lzma`, `.tar.xz`, `.tar.zst`, `.tar`, `.tbz`, `.tgz`, `.tlz`, or `.txz`))
DEBUG Skipping file for joblib: "joblib-0.7.0a-py2.7.egg" (not a wheel or source distribution archive (expected one of `.whl`, `.tar.gz`, `.zip`, `.tar.bz2`, `.tar.lz`, `.tar.lzma`, `.tar.xz`, `.tar.zst`, `.tar`, `.tbz`, `.tgz`, `.tlz`, or `.txz`))
DEBUG Skipping file for joblib: "joblib-0.7.0b-py2.7.egg" (not a wheel or source distribution archive (expected one of `.whl`, `.tar.gz`, `.zip`, `.tar.bz2`, `.tar.lz`, `.tar.lzma`, `.tar.xz`, `.tar.zst`, `.tar`, `.tbz`, `.tgz`, `.tlz`, or `.txz`))
DEBUG Skipping file for joblib: "joblib-0.7.0c-py2.7.egg" (not a wheel or source distribution archive (expected one of `.whl`, `.tar.gz`, `.zip`, `.tar.bz2`, `.tar.lz`, `.tar.lzma`, `.tar.xz`, `.tar.zst`, `.tar`, `.tbz`, `.tgz`, `.tlz`, or `.txz`))
DEBUG Skipping file for joblib: "joblib-0.7.1-py2.7.egg" (not a wheel or source distribution archive (expected one of `.whl`, `.tar.gz`, `.zip`, `.tar.bz2`, `.tar.lz`, `.tar.lzma`, `.tar.xz`, `.tar.zst`, `.tar`, `.tbz`, `.tgz`, `.tlz`, or `.txz`))
DEBUG Skipping file for joblib: "joblib-0.8.0a-py2.7.egg" (not a wheel or source distribution archive (expected one of `.whl`, `.tar.gz`, `.zip`, `.tar.bz2`, `.tar.lz`, `.tar.lzma`, `.tar.xz`, `.tar.zst`, `.tar`, `.tbz`, `.tgz`, `.tlz`, or `.txz`))
DEBUG Skipping file for joblib: "joblib-0.8.0a2-py2.7.egg" (not a wheel or source distribution archive (expected one of `.whl`, `.tar.gz`, `.zip`, `.tar.bz2`, `.tar.lz`, `.tar.lzma`, `.tar.xz`, `.tar.zst`, `.tar`, `.tbz`, `.tgz`, `.tlz`, or `.txz`))
DEBUG Skipping file for joblib: "joblib-0.8.0a3-py2.7.egg" (not a wheel or source distribution archive (expected one of `.whl`, `.tar.gz`, `.zip`, `.tar.bz2`, `.tar.lz`, `.tar.lzma`, `.tar.xz`, `.tar.zst`, `.tar`, `.tbz`, `.tgz`, `.tlz`, or `.txz`))
DEBUG Skipping file for joblib: "joblib-0.8.0-py2.7.egg" (not a wheel or source distribution archive (expected one of `.whl`, `.tar.gz`, `.zip`, `.tar.bz2`, `.tar.lz`, `.tar.lzma`, `.tar.xz`, `.tar.zst`, `.tar`, `.tbz`, `.tgz`, `.tlz`, or `.txz`))
DEBUG Skipping file for joblib: "joblib-0.8.1-py2.7.egg" (not a wheel or source distribution archive (expected one of `.whl`, `.tar.gz`, `.zip`, `.tar.bz2`, `.tar.lz`, `.tar.lzma`, `.tar.xz`, `.tar.zst`, `.tar`, `.tbz`, `.tgz`, `.tlz`, or `.txz`))
DEBUG Skipping file for joblib: "joblib-0.8.2-py2.7.egg" (not a wheel or source distribution archive (expected one of `.whl`, `.tar.gz`, `.zip`, `.tar.bz2`, `.tar.lz`, `.tar.lzma`, `.tar.xz`, `.tar.zst`, `.tar`, `.tbz`, `.tgz`, `.tlz`, or `.txz`))
DEBUG Skipping file for joblib: "joblib-0.8.3-py2.7.egg" (not a wheel or source distribution archive (expected one of `.whl`, `.tar.gz`, `.zip`, `.tar.bz2`, `.tar.lz`, `.tar.lzma`, `.tar.xz`, `.tar.zst`, `.tar`, `.tbz`, `.tgz`, `.tlz`, or `.txz`))
DEBUG Skipping file for joblib: "joblib-0.8.3-py3.4.egg" (not a wheel or source distribution archive (expected one of `.whl`, `.tar.gz`, `.zip`, `.tar.bz2`, `.tar.lz`, `.tar.lzma`, `.tar.xz`, `.tar.zst`, `.tar`, `.tbz`, `.tgz`, `.tlz`, or `.txz`))
DEBUG Skipping file for joblib: "joblib-0.8.3_r1-py2.7.egg" (not a wheel or source distribution archive (expected one of `.whl`, `.tar.gz`, `.zip`, `.tar.bz2`, `.tar.lz`, `.tar.lzma`, `.tar.xz`, `.tar.zst`, `.tar`, `.tbz`, `.tgz`, `.tlz`, or `.txz`))
DEBUG Skipping file for joblib: "joblib-0.8.3_r1-py3.4.egg" (not a wheel or source distribution archive (expected one of `.whl`, `.tar.gz`, `.zip`, `.tar.bz2`, `.tar.lz`, `.tar.lzma`, `.tar.xz`, `.tar.zst`, `.tar`, `.tbz`, `.tgz`, `.tlz`, or `.txz`))
DEBUG Skipping file for joblib: "joblib-0.8.4-py2.7.egg" (not a wheel or source distribution archive (expected one of `.whl`, `.tar.gz`, `.zip`, `.tar.bz2`, `.tar.lz`, `.tar.lzma`, `.tar.xz`, `.tar.zst`, `.tar`, `.tbz`, `.tgz`, `.tlz`, or `.txz`))
DEBUG Skipping file for joblib: "joblib-0.9.0b2-py2.7.egg" (not a wheel or source distribution archive (expected one of `.whl`, `.tar.gz`, `.zip`, `.tar.bz2`, `.tar.lz`, `.tar.lzma`, `.tar.xz`, `.tar.zst`, `.tar`, `.tbz`, `.tgz`, `.tlz`, or `.txz`))
DEBUG Skipping file for joblib: "joblib-0.9.0b3-py2.7.egg" (not a wheel or source distribution archive (expected one of `.whl`, `.tar.gz`, `.zip`, `.tar.bz2`, `.tar.lz`, `.tar.lzma`, `.tar.xz`, `.tar.zst`, `.tar`, `.tbz`, `.tgz`, `.tlz`, or `.txz`))
DEBUG Skipping file for joblib: "joblib-0.9.0b4-py2.7.egg" (not a wheel or source distribution archive (expected one of `.whl`, `.tar.gz`, `.zip`, `.tar.bz2`, `.tar.lz`, `.tar.lzma`, `.tar.xz`, `.tar.zst`, `.tar`, `.tbz`, `.tgz`, `.tlz`, or `.txz`))
DEBUG Skipping file for joblib: "joblib-0.9.1-py2.7.egg" (not a wheel or source distribution archive (expected one of `.whl`, `.tar.gz`, `.zip`, `.tar.bz2`, `.tar.lz`, `.tar.lzma`, `.tar.xz`, `.tar.zst`, `.tar`, `.tbz`, `.tgz`, `.tlz`, or `.txz`))
DEBUG Skipping file for joblib: "joblib-0.9.2-py2.7.egg" (not a wheel or source distribution archive (expected one of `.whl`, `.tar.gz`, `.zip`, `.tar.bz2`, `.tar.lz`, `.tar.lzma`, `.tar.xz`, `.tar.zst`, `.tar`, `.tbz`, `.tgz`, `.tlz`, or `.txz`))
DEBUG Skipping file for joblib: "joblib-0.9.3-py2.7.egg" (not a wheel or source distribution archive (expected one of `.whl`, `.tar.gz`, `.zip`, `.tar.bz2`, `.tar.lz`, `.tar.lzma`, `.tar.xz`, `.tar.zst`, `.tar`, `.tbz`, `.tgz`, `.tlz`, or `.txz`))
DEBUG Skipping file for joblib: "joblib-0.10.0-py3.5.egg" (not a wheel or source distribution archive (expected one of `.whl`, `.tar.gz`, `.zip`, `.tar.bz2`, `.tar.lz`, `.tar.lzma`, `.tar.xz`, `.tar.zst`, `.tar`, `.tbz`, `.tgz`, `.tlz`, or `.txz`))
DEBUG Skipping file for joblib: "joblib-0.10.2-py2.7.egg" (not a wheel or source distribution archive (expected one of `.whl`, `.tar.gz`, `.zip`, `.tar.bz2`, `.tar.lz`, `.tar.lzma`, `.tar.xz`, `.tar.zst`, `.tar`, `.tbz`, `.tgz`, `.tlz`, or `.txz`))
DEBUG Skipping file for joblib: "joblib-0.10.3-py3.5.egg" (not a wheel or source distribution archive (expected one of `.whl`, `.tar.gz`, `.zip`, `.tar.bz2`, `.tar.lz`, `.tar.lzma`, `.tar.xz`, `.tar.zst`, `.tar`, `.tbz`, `.tgz`, `.tlz`, or `.txz`))
DEBUG Searching for a compatible version of joblib (>=1.4.0)
DEBUG Selecting: joblib==1.5.3 [compatible] (joblib-1.5.3-py3-none-any.whl)
DEBUG No cache entry for: https://files.pythonhosted.org/packages/7b/91/984aca2ec129e2757d1e4e3c81c3fcda9d0f85b74670a094cc443d9ee949/joblib-1.5.3-py3-none-any.whl.metadata
DEBUG Sending fresh GET request for: https://files.pythonhosted.org/packages/7b/91/984aca2ec129e2757d1e4e3c81c3fcda9d0f85b74670a094cc443d9ee949/joblib-1.5.3-py3-none-any.whl.metadata
DEBUG Searching for a compatible version of narwhals (>=2.0.1)
DEBUG Selecting: narwhals==2.23.0 [installed] (installed)
DEBUG Searching for a compatible version of threadpoolctl (>=3.5.0)
DEBUG Selecting: threadpoolctl==3.6.0 [compatible] (threadpoolctl-3.6.0-py3-none-any.whl)
DEBUG Searching for a compatible version of oauthlib (>=3.0.0)
DEBUG Selecting: oauthlib==3.3.1 [installed] (installed)
DEBUG Searching for a compatible version of pyasn1 (>=0.6.1, <0.7.0)
DEBUG Selecting: pyasn1==0.6.4 [installed] (installed)
DEBUG Searching for a compatible version of cffi{platform_python_implementation != 'PyPy'} (>=2.0.0)
DEBUG Selecting: cffi==2.0.0 [installed] (installed)
DEBUG Adding transitive dependency for cffi==2.0.0: cffi==2.0.0
DEBUG Adding transitive dependency for cffi==2.0.0: cffi{platform_python_implementation != 'PyPy'}==2.0.0
DEBUG Searching for a compatible version of cffi (==2.0.0)
DEBUG Selecting: cffi==2.0.0 [installed] (installed)
DEBUG Adding transitive dependency for cffi==2.0.0: pycparser{implementation_name != 'PyPy'}*
DEBUG Searching for a compatible version of cffi{platform_python_implementation != 'PyPy'} (==2.0.0)
DEBUG Selecting: cffi==2.0.0 [installed] (installed)
DEBUG Adding transitive dependency for cffi==2.0.0: pycparser{implementation_name != 'PyPy'}*
DEBUG Searching for a compatible version of googleapis-common-protos (>=1.63.2, <2.0.0)
DEBUG Selecting: googleapis-common-protos==1.75.0 [installed] (installed)
DEBUG Adding transitive dependency for googleapis-common-protos==1.75.0: protobuf>=4.25.8, <8.0.0
DEBUG Searching for a compatible version of googleapis-common-protos[grpc] (>=1.63.2, <2.0.0)
DEBUG Selecting: googleapis-common-protos==1.75.0 [installed] (installed)
DEBUG Adding transitive dependency for googleapis-common-protos==1.75.0: googleapis-common-protos==1.75.0
DEBUG Adding transitive dependency for googleapis-common-protos==1.75.0: googleapis-common-protos[grpc]==1.75.0
DEBUG Searching for a compatible version of googleapis-common-protos[grpc] (==1.75.0)
DEBUG Selecting: googleapis-common-protos==1.75.0 [installed] (installed)
DEBUG Adding transitive dependency for googleapis-common-protos==1.75.0: grpcio>=1.44.0, <2.0.0
DEBUG Searching for a compatible version of grpcio-status (>=1.49.1, <2.0.0)
DEBUG Selecting: grpcio-status==1.80.0 [installed] (installed)
DEBUG Adding transitive dependency for grpcio-status==1.80.0: protobuf>=6.31.1, <7.0.0
DEBUG Adding transitive dependency for grpcio-status==1.80.0: grpcio>=1.80.0
DEBUG Adding transitive dependency for grpcio-status==1.80.0: googleapis-common-protos>=1.5.5
DEBUG Searching for a compatible version of grpcio-status{python_full_version >= '3.11'} (>=1.49.1, <2.0.0)
DEBUG Selecting: grpcio-status==1.80.0 [installed] (installed)
DEBUG Adding transitive dependency for grpcio-status==1.80.0: grpcio-status==1.80.0
DEBUG Adding transitive dependency for grpcio-status==1.80.0: grpcio-status{python_full_version >= '3.11'}==1.80.0
DEBUG Searching for a compatible version of grpcio-status{python_full_version >= '3.11'} (==1.80.0)
DEBUG Selecting: grpcio-status==1.80.0 [installed] (installed)
DEBUG Adding transitive dependency for grpcio-status==1.80.0: protobuf>=6.31.1, <7.0.0
DEBUG Adding transitive dependency for grpcio-status==1.80.0: grpcio>=1.80.0
DEBUG Adding transitive dependency for grpcio-status==1.80.0: googleapis-common-protos>=1.5.5
DEBUG Searching for a compatible version of h11 (>=0.16)
DEBUG Selecting: h11==0.16.0 [installed] (installed)
DEBUG Searching for a compatible version of locket (>=1.0.0)
DEBUG Selecting: locket==1.0.0 [installed] (installed)
DEBUG Searching for a compatible version of contourpy (>=1.2)
DEBUG Selecting: contourpy==1.3.3 [installed] (installed)
DEBUG Adding transitive dependency for contourpy==1.3.3: numpy>=1.25
DEBUG Searching for a compatible version of pillow (>=7.1.0)
DEBUG Selecting: pillow==11.3.0 [installed] (installed)
DEBUG Searching for a compatible version of tornado{sys_platform != 'emscripten'} (>=6.2)
DEBUG Selecting: tornado==6.5.5 [installed] (installed)
DEBUG Adding transitive dependency for tornado==6.5.5: tornado==6.5.5
DEBUG Adding transitive dependency for tornado==6.5.5: tornado{sys_platform != 'emscripten'}==6.5.5
DEBUG Searching for a compatible version of tornado (==6.5.5)
DEBUG Selecting: tornado==6.5.5 [installed] (installed)
DEBUG Searching for a compatible version of tornado{sys_platform != 'emscripten'} (==6.5.5)
DEBUG Selecting: tornado==6.5.5 [installed] (installed)
DEBUG Searching for a compatible version of xyzservices (>=2021.9.1)
DEBUG Selecting: xyzservices==2026.3.0 [installed] (installed)
DEBUG Searching for a compatible version of msgpack (>=1.0.2)
DEBUG Selecting: msgpack==1.2.1 [installed] (installed)
DEBUG Searching for a compatible version of sortedcontainers (>=2.0.5)
DEBUG Selecting: sortedcontainers==2.4.0 [installed] (installed)
DEBUG Searching for a compatible version of tblib (>=1.6.0, <3.2.0 | >=3.2.0+, <3.2.1 | >=3.2.1+)
DEBUG Selecting: tblib==3.2.2 [installed] (installed)
DEBUG Searching for a compatible version of zict (>=3.0.0)
DEBUG Selecting: zict==3.0.0 [installed] (installed)
DEBUG Found fresh response for: https://pypi.org/simple/pycparser/
DEBUG Searching for a compatible version of pycparser{implementation_name != 'PyPy'} (*)
DEBUG Selecting: pycparser==3.0 [installed] (installed)
DEBUG Adding transitive dependency for pycparser==3.0: pycparser==3.0
DEBUG Adding transitive dependency for pycparser==3.0: pycparser{implementation_name != 'PyPy'}==3.0
DEBUG Searching for a compatible version of pycparser (==3.0)
DEBUG Selecting: pycparser==3.0 [installed] (installed)
DEBUG Searching for a compatible version of pycparser{implementation_name != 'PyPy'} (==3.0)
DEBUG Selecting: pycparser==3.0 [installed] (installed)
DEBUG Tried 131 versions: aiobotocore 1, aiohappyeyeballs 1, aiohttp 1, aioitertools 1, aiosignal 1, anemoi-models 1, anemoi-utils 1, aniso8601 1, annotated-doc 1, annotated-types 1, antlr4-python3-runtime 1, anyio 1, attrs 1, bokeh 1, botocore 1, certifi 1, cffi 1, cftime 1, charset-normalizer 1, click 1, cloudpickle 1, contourpy 1, cryptography 1, dask 1, decorator 1, deprecation 1, distributed 1, donfig 1, earth2studio 1, earthkit-regrid 1, ecmwf-opendata 1, einops 1, entrypoints 1, filelock 1, flash-attn 1, frozenlist 1, fsspec 1, gcsfs 1, google-api-core 1, google-auth 1, google-auth-oauthlib 1, google-cloud-core 1, google-cloud-storage 1, google-cloud-storage-control 1, google-crc32c 1, google-resumable-media 1, googleapis-common-protos 1, grpc-google-iam-v1 1, grpcio 1, grpcio-status 1, h11 1, h5netcdf 1, h5py 1, hf-xet 1, httpcore 1, httpx 1, huggingface-hub 1, hydra-core 1, idna 1, jinja2 1, jmespath 1, joblib 1, locket 1, loguru 1, lz4 1, markdown-it-py 1, markupsafe 1, mdurl 1, mpmath 1, msgpack 1, multidict 1, multiurl 1, narwhals 1, netcdf4 1, networkx 1, numcodecs 1, numpy 1, oauthlib 1, obstore 1, omegaconf 1, packaging 1, pandas 1, partd 1, pillow 1, propcache 1, proto-plus 1, protobuf 1, psutil 1, pyarrow 1, pyasn1 1, pyasn1-modules 1, pycparser 1, pydantic 1, pydantic-core 1, pydantic-settings 1, pygments 1, pygrib 1, pyparsing 1, pyproj 1, python-dateutil 1, python-dotenv 1, pytz 1, pyyaml 1, requests 1, requests-oauthlib 1, rich 1, s3fs 1, scikit-learn 1, scipy 1, setuptools 1, shellingham 1, six 1, sortedcontainers 1, sympy 1, tblib 1, threadpoolctl 1, toolz 1, torch 1, torch-geometric 1, tornado 1, tqdm 1, typer 1, typing-extensions 1, typing-inspection 1, urllib3 1, wrapt 1, xarray 1, xyzservices 1, yarl 1, zarr 1, zict 1
DEBUG marker environment resolution took 0.631s
Resolved 131 packages in 631ms
DEBUG Requirement already installed: pillow==11.3.0
DEBUG Requirement already installed: pydantic==2.13.0
DEBUG Requirement already installed: aiohttp==3.13.5
DEBUG Requirement already installed: proto-plus==1.28.1
DEBUG Requirement already installed: packaging==25.0
DEBUG Requirement already installed: gcsfs==2026.7.0
DEBUG Requirement already installed: einops==0.8.2
DEBUG Requirement already installed: multiurl==0.3.9
DEBUG Requirement already installed: loguru==0.7.3
DEBUG Requirement already installed: earth2studio==0.16.0rc0 (from git+https://github.com/NVIDIA/earth2studio.git@c99422c3e75ca29d200440ec1bd2d4ac8282683c)
DEBUG Requirement already installed: aiobotocore==3.7.0
DEBUG Requirement already installed: anyio==4.13.0
DEBUG Requirement already installed: ecmwf-opendata==0.3.30
DEBUG Requirement already installed: sortedcontainers==2.4.0
DEBUG Requirement already installed: numcodecs==0.16.5
DEBUG Requirement already installed: lz4==4.4.5
DEBUG Identified uncached distribution: anemoi-utils==0.5.9
DEBUG Requirement already installed: mdurl==0.1.2
DEBUG Requirement already installed: click==8.3.2
DEBUG Requirement already installed: zarr==3.2.1
DEBUG Requirement already installed: tornado==6.5.5
DEBUG Requirement already installed: certifi==2026.2.25
DEBUG Requirement already installed: pyparsing==3.3.2
DEBUG Requirement already installed: yarl==1.23.0
DEBUG Requirement already installed: grpcio==1.80.0
DEBUG Requirement already installed: httpcore==1.0.9
DEBUG Requirement already installed: cryptography==49.0.0
DEBUG Requirement already installed: grpc-google-iam-v1==0.14.4
DEBUG Requirement already installed: distributed==2026.7.0
DEBUG Requirement already installed: google-cloud-core==2.6.0
DEBUG Requirement already installed: markdown-it-py==4.0.0
DEBUG Identified uncached distribution: scikit-learn==1.9.0
DEBUG Requirement already installed: requests-oauthlib==2.0.0
DEBUG Requirement already installed: pygments==2.20.0
DEBUG Requirement already installed: python-dotenv==1.2.2
DEBUG Requirement already installed: psutil==7.2.2
DEBUG Requirement already installed: xarray==2026.7.0
DEBUG Requirement already installed: pyarrow==23.0.1
DEBUG Identified uncached distribution: earthkit-regrid==0.4.0
DEBUG Requirement already installed: six==1.16.0
DEBUG Identified uncached distribution: deprecation==2.1.0
DEBUG Identified uncached distribution: torch-geometric==2.4.0
DEBUG Requirement already installed: requests==2.33.1
DEBUG Requirement already installed: typing-extensions==4.15.0
DEBUG Requirement already installed: grpcio-status==1.80.0
DEBUG Requirement already installed: mpmath==1.3.0
DEBUG Requirement already installed: contourpy==1.3.3
DEBUG Requirement already installed: hf-xet==1.4.3
DEBUG Requirement already installed: python-dateutil==2.9.0.post0
DEBUG Requirement already installed: scipy==1.17.1
DEBUG Requirement already installed: oauthlib==3.3.1
DEBUG Requirement already installed: rich==15.0.0
DEBUG Requirement already installed: shellingham==1.5.4
DEBUG Requirement already installed: bokeh==3.9.1
DEBUG Requirement already installed: cftime==1.6.5
DEBUG Requirement already installed: pygrib==2.1.8
DEBUG Requirement already installed: antlr4-python3-runtime==4.9.3
DEBUG Requirement already installed: jinja2==3.1.6
DEBUG Requirement already installed: typer==0.24.1
DEBUG Requirement already installed: cffi==2.0.0
DEBUG Requirement already installed: pyasn1==0.6.4
DEBUG Requirement already installed: zict==3.0.0
DEBUG Requirement already installed: xyzservices==2026.3.0
DEBUG Requirement already installed: typing-inspection==0.4.2
DEBUG Requirement already installed: networkx==3.6.1
DEBUG Requirement already installed: propcache==0.4.1
DEBUG Requirement already installed: fsspec==2026.6.0
DEBUG Requirement already installed: h5netcdf==1.8.1
DEBUG Requirement already installed: pydantic-core==2.46.0
DEBUG Requirement already installed: pycparser==3.0
DEBUG Identified uncached distribution: joblib==1.5.3
DEBUG Requirement already installed: omegaconf==2.3.1
DEBUG Requirement already installed: frozenlist==1.8.0
DEBUG Requirement already installed: decorator==5.2.1
DEBUG Requirement already installed: httpx==0.28.1
DEBUG Requirement already installed: h5py==3.16.0
DEBUG Requirement already installed: markupsafe==3.0.3
DEBUG Requirement already installed: numpy==2.1.0
DEBUG Requirement already installed: google-auth==2.55.2
DEBUG Requirement already installed: hydra-core==1.3.4
DEBUG Requirement already installed: botocore==1.43.0
DEBUG Requirement already installed: sympy==1.14.0
DEBUG Requirement already installed: partd==1.4.2
DEBUG Identified uncached distribution: pydantic-settings==2.14.2
DEBUG Requirement already installed: annotated-doc==0.0.4
DEBUG Requirement already installed: protobuf==6.33.6
DEBUG Identified uncached distribution: threadpoolctl==3.6.0
DEBUG Requirement already installed: pyyaml==6.0.3
DEBUG Requirement already installed: h11==0.16.0
DEBUG Requirement already installed: tblib==3.2.2
DEBUG Requirement already installed: cloudpickle==3.1.2
DEBUG Requirement already installed: google-crc32c==1.8.0
DEBUG Requirement already installed: google-cloud-storage-control==1.12.0
DEBUG Requirement already installed: google-api-core==2.31.0
DEBUG Requirement already installed: google-cloud-storage==3.12.1
DEBUG Requirement already installed: tqdm==4.67.3
DEBUG Requirement already installed: aiosignal==1.4.0
DEBUG Requirement already installed: aiohappyeyeballs==2.6.1
DEBUG Requirement already installed: annotated-types==0.7.0
DEBUG Identified uncached distribution: entrypoints==0.4
DEBUG Identified uncached distribution: aniso8601==10.0.1
DEBUG Requirement already installed: obstore==0.11.0
DEBUG Requirement already installed: aioitertools==0.13.0
DEBUG Requirement already installed: urllib3==2.7.0
DEBUG Requirement already installed: google-auth-oauthlib==1.4.0
DEBUG Requirement already installed: huggingface-hub==1.10.1
DEBUG Requirement already installed: setuptools==81.0.0
DEBUG Requirement already installed: msgpack==1.2.1
DEBUG Requirement already installed: pytz==2026.2
DEBUG Requirement already installed: pandas==3.0.2
DEBUG Requirement already installed: s3fs==2026.6.0
DEBUG Requirement already installed: googleapis-common-protos==1.75.0
DEBUG Requirement already installed: pyasn1-modules==0.4.2
DEBUG Requirement already installed: idna==3.11
DEBUG Requirement already installed: narwhals==2.23.0
DEBUG Identified uncached distribution: anemoi-models==0.5.1
DEBUG Requirement already installed: flash-attn==2.7.4.post1+git5231d95fe1.45164347 (from file:///opt/transfer/flash_attn-2.7.4.post1%2Bgit5231d95fe1.45164347-cp312-cp312-linux_aarch64.whl)
DEBUG Requirement already installed: attrs==26.1.0
DEBUG Requirement already installed: wrapt==2.1.2
DEBUG Requirement already installed: jmespath==1.1.0
DEBUG Requirement already installed: dask==2026.7.0
DEBUG Requirement already installed: toolz==1.1.0
DEBUG Requirement already installed: netcdf4==1.7.2
DEBUG Requirement already installed: filelock==3.25.2
DEBUG Requirement already installed: multidict==6.7.1
DEBUG Requirement already installed: locket==1.0.0
DEBUG Requirement already installed: torch==2.12.0a0+0291f960b6.nv26.4.48445190 (from file:///opt/transfer/torch-2.12.0a0%2B0291f960b6.nv26.4.48445190-cp312-cp312-linux_aarch64.whl)
DEBUG Requirement already installed: google-resumable-media==2.10.0
DEBUG Requirement already installed: pyproj==3.7.2
DEBUG Requirement already installed: charset-normalizer==3.4.7
DEBUG Requirement already installed: donfig==0.8.1.post1
DEBUG Unnecessary package: strenum==0.4.15
DEBUG Unnecessary package: absl-py==2.4.0
DEBUG Unnecessary package: affine==2.4.0
DEBUG Unnecessary package: apache-tvm-ffi==0.1.10
DEBUG Unnecessary package: apex==0.1 (from file:///opt/pytorch/apex/dist/apex-0.1-cp312-cp312-linux_aarch64.whl)
DEBUG Unnecessary package: argon2-cffi==25.1.0
DEBUG Unnecessary package: argon2-cffi-bindings==25.1.0
DEBUG Unnecessary package: arrow==1.4.0
DEBUG Unnecessary package: asttokens==3.0.1
DEBUG Unnecessary package: astunparse==1.6.3
DEBUG Unnecessary package: async-lru==2.3.0
DEBUG Unnecessary package: babel==2.18.0
DEBUG Unnecessary package: base58==2.1.1
DEBUG Unnecessary package: beautifulsoup4==4.14.3
DEBUG Unnecessary package: bitarray==3.9.0
DEBUG Unnecessary package: bitstring==4.4.0
DEBUG Unnecessary package: black==26.3.1
DEBUG Unnecessary package: blake3==1.0.9
DEBUG Unnecessary package: bleach==6.3.0
DEBUG Unnecessary package: boto3==1.43.0
DEBUG Unnecessary package: bracex==3.0
DEBUG Unnecessary package: build==1.4.3
DEBUG Unnecessary package: captum==0.9.0
DEBUG Unnecessary package: cartopy==0.25.0
DEBUG Unnecessary package: cattrs==26.1.0
DEBUG Unnecessary package: cdsapi==0.7.7
DEBUG Unnecessary package: cfgrib==0.9.15.1 (from git+https://github.com/NickGeneva/cfgrib.git@6a9af3173d7050b5fa5d221755f97e6ecb8c3433)
DEBUG Unnecessary package: cligj==0.7.2
DEBUG Unnecessary package: cmake==3.31.6
DEBUG Unnecessary package: comm==0.2.3
DEBUG Unnecessary package: cuda-bindings==13.2.0
DEBUG Unnecessary package: cuda-pathfinder==1.5.2
DEBUG Unnecessary package: cuda-python==13.2.0
DEBUG Unnecessary package: cuda-tile==1.2.0
DEBUG Unnecessary package: cycler==0.12.1
DEBUG Unnecessary package: cython==3.2.4
DEBUG Unnecessary package: datasets==4.8.4
DEBUG Unnecessary package: debugpy==1.8.20
DEBUG Unnecessary package: defusedxml==0.7.1
DEBUG Unnecessary package: dill==0.4.1
DEBUG Unnecessary package: dllist==2.0.0
DEBUG Unnecessary package: dm-tree==0.1.9
DEBUG Unnecessary package: docstring-parser==0.17.0
DEBUG Unnecessary package: eccodes==2.47.0
DEBUG Unnecessary package: eccodeslib==2.47.3.22
DEBUG Unnecessary package: eckitlib==2.1.0.22
DEBUG Unnecessary package: ecmwf-datastores-client==0.5.1
DEBUG Unnecessary package: eumdac==3.1.1
DEBUG Unnecessary package: executing==2.2.1
DEBUG Unnecessary package: expecttest==0.3.0
DEBUG Unnecessary package: fastjsonschema==2.21.2
DEBUG Unnecessary package: findlibs==0.1.2
DEBUG Unnecessary package: fonttools==4.62.1
DEBUG Unnecessary package: fqdn==1.5.1
DEBUG Unnecessary package: gast==0.7.0
DEBUG Unnecessary package: gitdb==4.0.12
DEBUG Unnecessary package: gitpython==3.1.50
DEBUG Unnecessary package: globus-sdk==3.65.0
DEBUG Unnecessary package: hypothesis==6.130.8
DEBUG Unnecessary package: imageio==2.37.3
DEBUG Unnecessary package: imageio-ffmpeg==0.6.0
DEBUG Unnecessary package: importlib-metadata==9.0.0
DEBUG Unnecessary package: intake-esgf==2026.6.4
DEBUG Unnecessary package: ipykernel==7.2.0
DEBUG Unnecessary package: ipython==9.12.0
DEBUG Unnecessary package: ipython-pygments-lexers==1.1.1
DEBUG Unnecessary package: isoduration==20.11.0
DEBUG Unnecessary package: isort==8.0.1
DEBUG Unnecessary package: jaxtyping==0.3.11
DEBUG Unnecessary package: jedi==0.19.2
DEBUG Unnecessary package: json5==0.14.0
DEBUG Unnecessary package: jsonpointer==3.1.1
DEBUG Unnecessary package: jsonschema==4.26.0
DEBUG Unnecessary package: jsonschema-specifications==2025.9.1
DEBUG Unnecessary package: jupyter-client==8.8.0
DEBUG Unnecessary package: jupyter-core==5.9.1
DEBUG Unnecessary package: jupyter-events==0.12.0
DEBUG Unnecessary package: jupyter-lsp==2.3.1
DEBUG Unnecessary package: jupyter-server==2.17.0
DEBUG Unnecessary package: jupyter-server-terminals==0.5.4
DEBUG Unnecessary package: jupyterlab==4.5.6
DEBUG Unnecessary package: jupyterlab-code-formatter==3.0.3
DEBUG Unnecessary package: jupyterlab-pygments==0.3.0
DEBUG Unnecessary package: jupyterlab-server==2.28.0
DEBUG Unnecessary package: jupyterlab-tensorboard-pro==4.0.0 (from file:///builder/jupyterlab_tensorboard_pro-4.0.0-py2.py3-none-any.whl)
DEBUG Unnecessary package: jupytext==1.19.1
DEBUG Unnecessary package: kiwisolver==1.5.0
DEBUG Unnecessary package: lark==1.3.1
DEBUG Unnecessary package: lintrunner==0.13.0
DEBUG Unnecessary package: llvmlite==0.46.0
DEBUG Unnecessary package: makani==0.2.0 (from git+https://github.com/NVIDIA/makani.git@b38fcb2799d7dbc146fa60459f3f9823394a8bf1)
DEBUG Unnecessary package: makefun==1.16.0
DEBUG Unnecessary package: markdown==3.10.2
DEBUG Unnecessary package: matplotlib==3.10.8
DEBUG Unnecessary package: matplotlib-inline==0.2.1
DEBUG Unnecessary package: mdit-py-plugins==0.5.0
DEBUG Unnecessary package: mistune==3.2.0
DEBUG Unnecessary package: ml-dtypes==0.5.4
DEBUG Unnecessary package: mmh3==5.2.1
DEBUG Unnecessary package: more-itertools==11.1.0
DEBUG Unnecessary package: morphys==1.0
DEBUG Unnecessary package: moviepy==2.2.1
DEBUG Unnecessary package: multi-storage-client==1.0.0
DEBUG Unnecessary package: multiprocess==0.70.19
DEBUG Unnecessary package: mypy-extensions==1.1.0
DEBUG Unnecessary package: nbclient==0.10.4
DEBUG Unnecessary package: nbconvert==7.17.1
DEBUG Unnecessary package: nbformat==5.10.4
DEBUG Unnecessary package: nest-asyncio==1.6.0
DEBUG Unnecessary package: ninja==1.13.0
DEBUG Unnecessary package: notebook==7.5.5
DEBUG Unnecessary package: notebook-shim==0.2.4
DEBUG Unnecessary package: numba==0.64.0
DEBUG Unnecessary package: nv-one-logger-core==2.3.1
DEBUG Unnecessary package: nv-one-logger-training-telemetry==2.3.1
DEBUG Unnecessary package: nvdlfw-inspect==0.2.2
DEBUG Unnecessary package: nvfuser==0.2.36+gitdd866a7 (from file:///opt/pytorch/fuser/python)
DEBUG Unnecessary package: nvidia-cudnn-frontend==1.22.1 (from file:///tmp/cudnn-fe/cudnn_frontend)
DEBUG Unnecessary package: nvidia-cutlass-dsl==4.4.1
DEBUG Unnecessary package: nvidia-cutlass-dsl-libs-base==4.4.1
DEBUG Unnecessary package: nvidia-cutlass-dsl-libs-cu13==4.4.1
DEBUG Unnecessary package: nvidia-dali-cuda130==2.0.0
DEBUG Unnecessary package: nvidia-libnvcomp-cu13==5.1.0.21
DEBUG Unnecessary package: nvidia-matmul-heuristics==0.1.0.27
DEBUG Unnecessary package: nvidia-ml-py==13.595.45
DEBUG Unnecessary package: nvidia-modelopt==0.42.0 (from file:///tmp/modelopt/nvidia_modelopt-0.42.0-py3-none-any.whl)
DEBUG Unnecessary package: nvidia-nvimgcodec-cu13==0.7.0.49
DEBUG Unnecessary package: nvidia-nvjpeg==13.1.0.48
DEBUG Unnecessary package: nvidia-nvjpeg2k-cu13==0.10.0.49
DEBUG Unnecessary package: nvidia-nvtiff-cu13==0.7.0.79
DEBUG Unnecessary package: nvidia-physicsnemo==2.1.1
DEBUG Unnecessary package: nvidia-resiliency-ext==0.5.0 (from file:///tmp/nvrx/nvidia_resiliency_ext-0.5.0-cp312-cp312-manylinux_2_39_aarch64.whl)
DEBUG Unnecessary package: nvtx==0.2.15
DEBUG Unnecessary package: onnx==1.21.0 (from file:///opt/pytorch/pytorch/third_party/onnx)
DEBUG Unnecessary package: onnx-ir==0.2.0
DEBUG Unnecessary package: onnxscript==0.6.2
DEBUG Unnecessary package: opentelemetry-api==1.43.0
DEBUG Unnecessary package: optree==0.19.0
DEBUG Unnecessary package: orjson==3.11.9
DEBUG Unnecessary package: overrides==7.7.0
DEBUG Unnecessary package: paho-mqtt==2.1.0
DEBUG Unnecessary package: pandocfilters==1.5.1
DEBUG Unnecessary package: parso==0.8.6
DEBUG Unnecessary package: pathspec==1.0.4
DEBUG Unnecessary package: pexpect==4.9.0
DEBUG Preserving seed package: pip==26.0.1
DEBUG Unnecessary package: planetary-computer==1.0.0
DEBUG Unnecessary package: platformdirs==4.9.6
DEBUG Unnecessary package: polygraphy==0.49.26
DEBUG Unnecessary package: prettytable==3.18.0
DEBUG Unnecessary package: proglog==0.1.12
DEBUG Unnecessary package: prometheus-client==0.25.0
DEBUG Unnecessary package: prompt-toolkit==3.0.52
DEBUG Unnecessary package: ptyprocess==0.7.0
DEBUG Unnecessary package: pulp==3.3.0
DEBUG Unnecessary package: pure-eval==0.2.3
DEBUG Unnecessary package: py-multihash==3.0.0
DEBUG Unnecessary package: pybind11==3.0.3
DEBUG Unnecessary package: pybind11-global==3.0.3
DEBUG Unnecessary package: pybufrkit==0.2.25
DEBUG Unnecessary package: pycocotools==2.0+nv0.8.1 (from git+https://github.com/nvidia/cocoapi.git@08350a157b41f0755a536441b5abec89ab934c5b#subdirectory=PythonAPI)
DEBUG Unnecessary package: pyjwt==2.13.0
DEBUG Unnecessary package: pynvml==13.0.1
DEBUG Unnecessary package: pyproject-hooks==1.2.0
DEBUG Unnecessary package: pyshp==3.1.4
DEBUG Unnecessary package: pystac==1.15.1
DEBUG Unnecessary package: pystac-client==0.9.0
DEBUG Unnecessary package: pystac-core==1.15.1
DEBUG Unnecessary package: pystac-ext-classification==2.0.0
DEBUG Unnecessary package: pystac-ext-datacube==2.2.0
DEBUG Unnecessary package: pystac-ext-eo==1.1.0
DEBUG Unnecessary package: pystac-ext-file==2.1.0
DEBUG Unnecessary package: pystac-ext-grid==1.1.0
DEBUG Unnecessary package: pystac-ext-item-assets==1.0.0
DEBUG Unnecessary package: pystac-ext-label==1.0.1
DEBUG Unnecessary package: pystac-ext-mgrs==1.0.0
DEBUG Unnecessary package: pystac-ext-mlm==1.4.0
DEBUG Unnecessary package: pystac-ext-pointcloud==1.0.0
DEBUG Unnecessary package: pystac-ext-projection==2.0.0
DEBUG Unnecessary package: pystac-ext-raster==1.1.0
DEBUG Unnecessary package: pystac-ext-render==2.0.0
DEBUG Unnecessary package: pystac-ext-sar==1.0.0
DEBUG Unnecessary package: pystac-ext-sat==1.0.0
DEBUG Unnecessary package: pystac-ext-scientific==1.0.0
DEBUG Unnecessary package: pystac-ext-storage==2.0.0
DEBUG Unnecessary package: pystac-ext-table==1.2.0
DEBUG Unnecessary package: pystac-ext-timestamps==1.1.0
DEBUG Unnecessary package: pystac-ext-version==1.2.0
DEBUG Unnecessary package: pystac-ext-view==1.0.0
DEBUG Unnecessary package: pystac-ext-xarray-assets==1.0.0
DEBUG Unnecessary package: python-hostlist==2.3.0
DEBUG Unnecessary package: python-json-logger==4.1.0
DEBUG Unnecessary package: pytokens==0.4.1
DEBUG Unnecessary package: pyvers==0.2.3
DEBUG Unnecessary package: pyzmq==27.1.0
DEBUG Unnecessary package: rasterio==1.5.0
DEBUG Unnecessary package: referencing==0.37.0
DEBUG Unnecessary package: regex==2026.4.4
DEBUG Unnecessary package: requests-cache==1.3.3
DEBUG Unnecessary package: rfc3339-validator==0.1.4
DEBUG Unnecessary package: rfc3986-validator==0.1.1
DEBUG Unnecessary package: rfc3987-syntax==1.1.0
DEBUG Unnecessary package: rioxarray==0.22.0
DEBUG Unnecessary package: rpds-py==0.30.0
DEBUG Unnecessary package: ruamel-yaml==0.19.1
DEBUG Unnecessary package: s3transfer==0.17.1
DEBUG Unnecessary package: safetensors==0.7.0
DEBUG Unnecessary package: send2trash==2.1.0
DEBUG Unnecessary package: sentry-sdk==2.58.0
DEBUG Unnecessary package: shapely==2.1.2
DEBUG Unnecessary package: smmap==5.0.3
DEBUG Unnecessary package: soupsieve==2.8.3
DEBUG Unnecessary package: spin==0.18
DEBUG Unnecessary package: stack-data==0.6.3
DEBUG Unnecessary package: tabulate==0.10.0
DEBUG Unnecessary package: tensorboard==2.20.0
DEBUG Unnecessary package: tensorboard-data-server==0.7.2
DEBUG Unnecessary package: tensordict==0.11.0
DEBUG Unnecessary package: tensorrt==10.16.1.11 (from file:///workspace/TensorRT-10.16.1.11/python/tensorrt-10.16.1.11-cp312-none-linux_aarch64.whl)
DEBUG Unnecessary package: termcolor==3.3.0
DEBUG Unnecessary package: terminado==0.18.1
DEBUG Unnecessary package: tibs==0.5.7
DEBUG Unnecessary package: timm==1.0.27
DEBUG Unnecessary package: tinycss2==1.4.0
DEBUG Unnecessary package: tokenizers==0.22.2
DEBUG Unnecessary package: toml==0.10.2
DEBUG Unnecessary package: torch-c-dlpack-ext==0.1.5
DEBUG Unnecessary package: torch-harmonics==0.8.1 (from git+https://github.com/NVIDIA/torch-harmonics.git@a632ca748a12bd9f74dbc1e00653317810991f74)
DEBUG Unnecessary package: torch-tensorrt==2.12.0a0 (from file:///opt/pytorch/torch_tensorrt/dist/torch_tensorrt-2.12.0a0-cp312-cp312-linux_aarch64.whl)
DEBUG Unnecessary package: torchao==0.17.0+git42bcdc49 (from file:///opt/pytorch/ao)
DEBUG Unnecessary package: torchdata==0.11.0
DEBUG Unnecessary package: torchtitan==0.2.2+git6d1ff9e6 (from file:///opt/pytorch/torchtitan)
DEBUG Unnecessary package: torchvision==0.26.0a0+48956e05.nv26.4.48445190 (from file:///opt/transfer/torchvision-0.26.0a0%2B48956e05.nv26.4.48445190-cp312-cp312-manylinux_2_28_aarch64.whl)
DEBUG Unnecessary package: traitlets==5.14.3
DEBUG Unnecessary package: transformer-engine==2.14.0+f031cf87 (from file:///workspace/TransformerEngine)
DEBUG Unnecessary package: treelib==1.8.0
DEBUG Unnecessary package: triton==3.6.0+git5d72932fc5.nv26.4 (from file:///tmp/dist/triton-3.6.0%2Bgit5d72932fc5.nv26.4-cp312-cp312-linux_aarch64.whl)
DEBUG Unnecessary package: triton-kernels==1.0.0+git5d72932fc5.nv26.4 (from file:///tmp/dist/triton_kernels-1.0.0%2Bgit5d72932fc5.nv26.4-py3-none-any.whl)
DEBUG Unnecessary package: typeguard==4.5.1
DEBUG Unnecessary package: tyro==1.0.12
DEBUG Unnecessary package: tzdata==2025.3
DEBUG Unnecessary package: uri-template==1.3.0
DEBUG Unnecessary package: url-normalize==3.0.0
DEBUG Preserving seed package: uv==0.11.6
DEBUG Unnecessary package: varint==1.0.2
DEBUG Unnecessary package: wadler-lindig==0.1.7
DEBUG Unnecessary package: wandb==0.26.0
DEBUG Unnecessary package: warp-lang==1.15.0
DEBUG Unnecessary package: wcmatch==10.2.1
DEBUG Unnecessary package: wcwidth==0.6.0
DEBUG Unnecessary package: webcolors==25.10.0
DEBUG Unnecessary package: webencodings==0.5.1
DEBUG Unnecessary package: websocket-client==1.9.0
DEBUG Unnecessary package: werkzeug==3.1.8
DEBUG Unnecessary package: wheel==0.46.3
DEBUG Unnecessary package: xattr==1.3.0
DEBUG Unnecessary package: xxhash==3.6.0
DEBUG Unnecessary package: zennit==1.0.0
DEBUG Unnecessary package: zipp==3.23.0
DEBUG No cache entry for: https://files.pythonhosted.org/packages/a0/ee/5adbc77656b71f9456a2f5a7a9fdb4bcf9207a6b962889f1c2f9323afa4e/scikit_learn-1.9.0-cp312-cp312-manylinux_2_27_aarch64.manylinux_2_28_aarch64.whl
DEBUG Sending fresh GET request for: https://files.pythonhosted.org/packages/a0/ee/5adbc77656b71f9456a2f5a7a9fdb4bcf9207a6b962889f1c2f9323afa4e/scikit_learn-1.9.0-cp312-cp312-manylinux_2_27_aarch64.manylinux_2_28_aarch64.whl
DEBUG No cache entry for: https://files.pythonhosted.org/packages/65/4e/6f9a75548a93fedcd4514ae2de9bee1e91bade6b73252b4da32f0e42ac52/torch_geometric-2.4.0-py3-none-any.whl
DEBUG Sending fresh GET request for: https://files.pythonhosted.org/packages/65/4e/6f9a75548a93fedcd4514ae2de9bee1e91bade6b73252b4da32f0e42ac52/torch_geometric-2.4.0-py3-none-any.whl
DEBUG No cache entry for: https://files.pythonhosted.org/packages/7b/91/984aca2ec129e2757d1e4e3c81c3fcda9d0f85b74670a094cc443d9ee949/joblib-1.5.3-py3-none-any.whl
DEBUG Sending fresh GET request for: https://files.pythonhosted.org/packages/7b/91/984aca2ec129e2757d1e4e3c81c3fcda9d0f85b74670a094cc443d9ee949/joblib-1.5.3-py3-none-any.whl
DEBUG No cache entry for: https://files.pythonhosted.org/packages/dd/ff/aba74232c1a6478e77e21927e74ff10047b889d36872b22bdba0b2b6d8ab/anemoi_utils-0.5.9-py3-none-any.whl
DEBUG Sending fresh GET request for: https://files.pythonhosted.org/packages/dd/ff/aba74232c1a6478e77e21927e74ff10047b889d36872b22bdba0b2b6d8ab/anemoi_utils-0.5.9-py3-none-any.whl
DEBUG No cache entry for: https://files.pythonhosted.org/packages/9e/4c/3463e76fe4514b9105818b06f7591168c4062a5f7c1e5fced1a61ab2b577/anemoi_models-0.5.1-py3-none-any.whl
DEBUG Sending fresh GET request for: https://files.pythonhosted.org/packages/9e/4c/3463e76fe4514b9105818b06f7591168c4062a5f7c1e5fced1a61ab2b577/anemoi_models-0.5.1-py3-none-any.whl
DEBUG No cache entry for: https://files.pythonhosted.org/packages/77/c1/6e422f34e569cf8e18df68d1939c81c099d2b61e4f7d9621c8a77560799c/pydantic_settings-2.14.2-py3-none-any.whl
DEBUG Sending fresh GET request for: https://files.pythonhosted.org/packages/77/c1/6e422f34e569cf8e18df68d1939c81c099d2b61e4f7d9621c8a77560799c/pydantic_settings-2.14.2-py3-none-any.whl
DEBUG No cache entry for: https://files.pythonhosted.org/packages/59/75/e0e10dc7ed1408c28e03a6cb2d7a407f99320eb953f229d008a7a6d05546/aniso8601-10.0.1-py2.py3-none-any.whl
DEBUG Sending fresh GET request for: https://files.pythonhosted.org/packages/59/75/e0e10dc7ed1408c28e03a6cb2d7a407f99320eb953f229d008a7a6d05546/aniso8601-10.0.1-py2.py3-none-any.whl
DEBUG No cache entry for: https://files.pythonhosted.org/packages/0a/68/116626e164472e928bd849e13e89c1ed186cb1471e09f60f6d933d81ddcc/earthkit_regrid-0.4.0-py3-none-any.whl
DEBUG Sending fresh GET request for: https://files.pythonhosted.org/packages/0a/68/116626e164472e928bd849e13e89c1ed186cb1471e09f60f6d933d81ddcc/earthkit_regrid-0.4.0-py3-none-any.whl
DEBUG No cache entry for: https://files.pythonhosted.org/packages/32/d5/f9a850d79b0851d1d4ef6456097579a9005b31fea68726a4ae5f2d82ddd9/threadpoolctl-3.6.0-py3-none-any.whl
DEBUG Sending fresh GET request for: https://files.pythonhosted.org/packages/32/d5/f9a850d79b0851d1d4ef6456097579a9005b31fea68726a4ae5f2d82ddd9/threadpoolctl-3.6.0-py3-none-any.whl
DEBUG No cache entry for: https://files.pythonhosted.org/packages/02/c3/253a89ee03fc9b9682f1541728eb66db7db22148cd94f89ab22528cd1e1b/deprecation-2.1.0-py2.py3-none-any.whl
DEBUG Sending fresh GET request for: https://files.pythonhosted.org/packages/02/c3/253a89ee03fc9b9682f1541728eb66db7db22148cd94f89ab22528cd1e1b/deprecation-2.1.0-py2.py3-none-any.whl
DEBUG No cache entry for: https://files.pythonhosted.org/packages/35/a8/365059bbcd4572cbc41de17fd5b682be5868b218c3c5479071865cab9078/entrypoints-0.4-py3-none-any.whl
DEBUG Sending fresh GET request for: https://files.pythonhosted.org/packages/35/a8/365059bbcd4572cbc41de17fd5b682be5868b218c3c5479071865cab9078/entrypoints-0.4-py3-none-any.whl
Downloading scikit-learn (8.4MiB)
 Downloaded scikit-learn
Prepared 11 packages in 298ms
DEBUG Failed to reflink `/root/.cache/uv/archive-v0/Hm1lLqZfg1LRehCc/entrypoints-0.4.dist-info/RECORD` to `/usr/local/lib/python3.12/dist-packages/entrypoints-0.4.dist-info/RECORD`: Operation not supported (os error 95), falling back
DEBUG Failed to reflink `/root/.cache/uv/archive-v0/VZS-ScCoD2Y5NrSn/deprecation-2.1.0.dist-info/RECORD` to `/usr/local/lib/python3.12/dist-packages/deprecation-2.1.0.dist-info/RECORD`: Operation not supported (os error 95), falling back
DEBUG Failed to reflink `/root/.cache/uv/archive-v0/wZ6XNxz_Yx7Gww4q/threadpoolctl-3.6.0.dist-info/RECORD` to `/usr/local/lib/python3.12/dist-packages/threadpoolctl-3.6.0.dist-info/RECORD`: Operation not supported (os error 95), falling back
DEBUG Failed to reflink `/root/.cache/uv/archive-v0/VU5uZf_IOQ8VS8bo/pydantic_settings-2.14.2.dist-info/RECORD` to `/usr/local/lib/python3.12/dist-packages/pydantic_settings-2.14.2.dist-info/RECORD`: Operation not supported (os error 95), falling back
DEBUG Failed to reflink `/root/.cache/uv/archive-v0/rZA61VaaKGKHZ3S-/earthkit_regrid-0.4.0.dist-info/RECORD` to `/usr/local/lib/python3.12/dist-packages/earthkit_regrid-0.4.0.dist-info/RECORD`: Operation not supported (os error 95), falling back
DEBUG Failed to reflink `/root/.cache/uv/archive-v0/YdzHVsDatmvqMdTG/aniso8601-10.0.1.dist-info/RECORD` to `/usr/local/lib/python3.12/dist-packages/aniso8601-10.0.1.dist-info/RECORD`: Operation not supported (os error 95), falling back
DEBUG Failed to reflink `/root/.cache/uv/archive-v0/h9fc9VbQ88INk8Pv/anemoi_models-0.5.1.dist-info/RECORD` to `/usr/local/lib/python3.12/dist-packages/anemoi_models-0.5.1.dist-info/RECORD`: Operation not supported (os error 95), falling back
DEBUG Failed to reflink `/root/.cache/uv/archive-v0/dJ7m8yQowAznmQK9/anemoi_utils-0.5.9.dist-info/RECORD` to `/usr/local/lib/python3.12/dist-packages/anemoi_utils-0.5.9.dist-info/RECORD`: Operation not supported (os error 95), falling back
DEBUG Failed to reflink `/root/.cache/uv/archive-v0/15NcdICEFMthavRr/joblib-1.5.3.dist-info/RECORD` to `/usr/local/lib/python3.12/dist-packages/joblib-1.5.3.dist-info/RECORD`: Operation not supported (os error 95), falling back
DEBUG Failed to reflink `/root/.cache/uv/archive-v0/2LuNSIwPw9DUSY80/torch_geometric-2.4.0.dist-info/RECORD` to `/usr/local/lib/python3.12/dist-packages/torch_geometric-2.4.0.dist-info/RECORD`: Operation not supported (os error 95), falling back
DEBUG Failed to reflink `/root/.cache/uv/archive-v0/E_16egUoZgPXau-s/scikit_learn-1.9.0.dist-info/sboms/auditwheel.cdx.json` to `/usr/local/lib/python3.12/dist-packages/scikit_learn-1.9.0.dist-info/sboms/auditwheel.cdx.json`: Operation not supported (os error 95), falling back
Installed 11 packages in 24ms
 + anemoi-models==0.5.1
 + anemoi-utils==0.5.9
 + aniso8601==10.0.1
 + deprecation==2.1.0
 + earthkit-regrid==0.4.0
 + entrypoints==0.4
 + joblib==1.5.3
 + pydantic-settings==2.14.2
 + scikit-learn==1.9.0
 + threadpoolctl==3.6.0
 + torch-geometric==2.4.0
INFO:    Adding environment to container
INFO:    Adding runscript
INFO:    Creating SIF file...
INFO:    Build complete: /cluster/projects/nn12107k/robin/apptainer/earth2studio_v2.sif
